,Experiment,Well,Target,lg10_Copies,Outlier,WellPosition,Copies,Reporter,Sample,Task,Comments,CT,Reaction,Cycle,Fluorescence,Corr_Fluorescence,S036.0,S057.0.1,S057.1.2,log$_{1}$$_{0}$ S036.0,log$_{1}$$_{0}$ S057.0.1,log$_{1}$$_{0}$ S057.1.2,FAM-HEX
0,JG071A,1,FAM,#NAME?,FALSE,A1,0,FAM,JG071A.000,UNKNOWN,,inf,0,50,-0.038666737,-0.006611919,100000000,100,100,8,2,2,-0.934101014
2,JG071A,25,FAM,#NAME?,FALSE,B1,0,FAM,JG071A.000,UNKNOWN,,inf,48,50,-0.023927075,-0.006299327,100000000,100,100,8,2,2,-0.931712131
4,JG071A,2,FAM,#NAME?,FALSE,A2,0,FAM,JG071A.008,UNKNOWN,,inf,2,50,0.038537671,-0.003921942,100000000,100,10000,8,2,4,-0.859839805
6,JG071A,26,FAM,#NAME?,FALSE,B2,0,FAM,JG071A.008,UNKNOWN,,inf,50,50,0.031799735,-0.005787821,100000000,100,10000,8,2,4,-0.891290405
8,JG071A,3,FAM,#NAME?,FALSE,A3,0,FAM,JG071A.016,UNKNOWN,,23.811604,4,50,0.18194096797244003,0.1174853965640068,100000000,100,100000,8,2,5,-0.729500439
10,JG071A,27,FAM,#NAME?,FALSE,B3,0,FAM,JG071A.016,UNKNOWN,,23.489708,52,50,0.18531429119074647,0.11892495304346085,100000000,100,100000,8,2,5,-0.729503982
12,JG071A,4,FAM,#NAME?,FALSE,A4,0,FAM,JG071A.024,UNKNOWN,,16.30932,6,50,0.38266590921263294,0.25696802139282227,100000000,100,1000000,8,2,6,-0.500850371
14,JG071A,28,FAM,#NAME?,FALSE,B4,0,FAM,JG071A.024,UNKNOWN,,16.325527,54,50,0.3445221513438519,0.21292106807231903,100000000,100,1000000,8,2,6,-0.594453565
16,JG071A,5,FAM,#NAME?,FALSE,A5,0,FAM,JG071A.032,UNKNOWN,,9.045006,8,50,0.8557486911196993,0.5288965702056885,100000000,100,100000000,8,2,8,0.001633446
18,JG071A,29,FAM,#NAME?,FALSE,B5,0,FAM,JG071A.032,UNKNOWN,,9.007666,56,50,0.836316933,0.5338171720504761,100000000,100,100000000,8,2,8,-0.064787987
20,JG071A,6,FAM,#NAME?,FALSE,A6,0,FAM,JG071A.040,UNKNOWN,,inf,10,50,-0.025564322,-0.006375324,100000000,10000,100,8,4,2,-0.965767023
22,JG071A,30,FAM,#NAME?,FALSE,B6,0,FAM,JG071A.040,UNKNOWN,,inf,58,50,-0.024529185,-0.005538056,100000000,10000,100,8,4,2,-1.024529185
24,JG071A,7,FAM,#NAME?,FALSE,A7,0,FAM,JG071A.048,UNKNOWN,,inf,12,50,0.028946531334372798,-0.007131473,100000000,10000,10000,8,4,4,-0.920306541
26,JG071A,31,FAM,#NAME?,FALSE,B7,0,FAM,JG071A.048,UNKNOWN,,inf,60,50,0.036506407211445165,-0.005360331,100000000,10000,10000,8,4,4,-0.912445491
28,JG071A,8,FAM,#NAME?,FALSE,A8,0,FAM,JG071A.056,UNKNOWN,,25.606297,14,50,0.14940871942987954,0.094685614,100000000,10000,100000,8,4,5,-0.754133208
30,JG071A,32,FAM,#NAME?,FALSE,B8,0,FAM,JG071A.056,UNKNOWN,,23.30723,62,50,0.17620518626114282,0.11422046273946762,100000000,10000,100000,8,4,5,-0.727882192
32,JG071A,9,FAM,#NAME?,FALSE,A9,0,FAM,JG071A.064,UNKNOWN,,16.512896,16,50,0.3539673571807879,0.22360286116600037,100000000,10000,1000000,8,4,6,-0.500367351
34,JG071A,33,FAM,#NAME?,FALSE,B9,0,FAM,JG071A.064,UNKNOWN,,16.35459,64,50,0.36552491083021393,0.25643157958984375,100000000,10000,1000000,8,4,6,-0.492466996
36,JG071A,10,FAM,#NAME?,FALSE,A10,0,FAM,JG071A.072,UNKNOWN,,8.230784,18,50,0.8092687007723187,0.7210865616798401,100000000,10000,100000000,8,4,8,-0.00900352
38,JG071A,34,FAM,#NAME?,FALSE,B10,0,FAM,JG071A.072,UNKNOWN,,8.202238,66,50,0.8123193942620321,0.7242401838302612,100000000,10000,100000000,8,4,8,-0.002268852
40,JG071A,11,FAM,#NAME?,FALSE,A11,0,FAM,JG071A.080,UNKNOWN,,inf,20,50,-0.014931534,-0.004271376,100000000,100000,100,8,5,2,-0.911668412
42,JG071A,35,FAM,#NAME?,FALSE,B11,0,FAM,JG071A.080,UNKNOWN,,inf,68,50,-0.011488841,-0.003160873,100000000,100000,100,8,5,2,-0.921481745
44,JG071A,12,FAM,#NAME?,FALSE,A12,0,FAM,JG071A.088,UNKNOWN,,inf,22,50,0.038895947,-0.003047468,100000000,100000,10000,8,5,4,-0.842354364
46,JG071A,36,FAM,#NAME?,FALSE,B12,0,FAM,JG071A.088,UNKNOWN,,inf,70,50,0.037635439446357784,-0.005869282,100000000,100000,10000,8,5,4,-0.857204251
48,JG071A,13,FAM,#NAME?,FALSE,A13,0,FAM,JG071A.096,UNKNOWN,,23.276253,24,50,0.17406132667778518,0.11228547990322113,100000000,100000,100000,8,5,5,-0.694962661
50,JG071A,37,FAM,#NAME?,FALSE,B13,0,FAM,JG071A.096,UNKNOWN,,23.769693,72,50,0.1743337972531227,0.10396325588226318,100000000,100000,100000,8,5,5,-0.700801511
52,JG071A,14,FAM,#NAME?,FALSE,A14,0,FAM,JG071A.104,UNKNOWN,,16.478022,26,50,0.36106919340684407,0.24719686806201935,100000000,100000,1000000,8,5,6,-0.458833721
54,JG071A,38,FAM,#NAME?,FALSE,B14,0,FAM,JG071A.104,UNKNOWN,,16.437986,74,50,0.3622914930019532,0.23169121146202087,100000000,100000,1000000,8,5,6,-0.454041841
56,JG071A,15,FAM,#NAME?,FALSE,A15,0,FAM,JG071A.112,UNKNOWN,,8.90722,28,50,0.7807334688399652,0.5013102889060974,100000000,100000,100000000,8,5,8,-0.046789629
58,JG071A,39,FAM,#NAME?,FALSE,B15,0,FAM,JG071A.112,UNKNOWN,,8.187097,76,50,0.7824050150645143,0.6986875534057617,100000000,100000,100000000,8,5,8,-0.080711963
60,JG071A,16,FAM,#NAME?,FALSE,A16,0,FAM,JG071A.120,UNKNOWN,,inf,30,50,-0.015753839,-0.003061455,100000000,1000000,100,8,6,2,-0.903200649
62,JG071A,40,FAM,#NAME?,FALSE,B16,0,FAM,JG071A.120,UNKNOWN,,inf,78,50,-0.008465061,-0.002954158,100000000,1000000,100,8,6,2,-0.932191262
64,JG071A,17,FAM,#NAME?,FALSE,A17,0,FAM,JG071A.128,UNKNOWN,,inf,32,50,0.026058071,-0.004109235,100000000,1000000,10000,8,6,4,-0.863524288
66,JG071A,41,FAM,#NAME?,FALSE,B17,0,FAM,JG071A.128,UNKNOWN,,inf,80,50,0.042668555862105224,-0.00473775,100000000,1000000,10000,8,6,4,-0.851997042
68,JG071A,18,FAM,#NAME?,FALSE,A18,0,FAM,JG071A.136,UNKNOWN,,23.732101,34,50,0.16430880441052917,0.10639169812202454,100000000,1000000,100000,8,6,5,-0.681441178
70,JG071A,42,FAM,#NAME?,FALSE,B18,0,FAM,JG071A.136,UNKNOWN,,23.683313,82,50,0.16349650364190077,0.10494447499513626,100000000,1000000,100000,8,6,5,-0.69127098
72,JG071A,19,FAM,#NAME?,FALSE,A19,0,FAM,JG071A.144,UNKNOWN,,16.375076,36,50,0.337445855,0.23872870206832886,100000000,1000000,1000000,8,6,6,-0.457315375
74,JG071A,43,FAM,#NAME?,FALSE,B19,0,FAM,JG071A.144,UNKNOWN,,16.36011,84,50,0.33716541971123315,0.23535214364528656,100000000,1000000,1000000,8,6,6,-0.45988326
76,JG071A,20,FAM,#NAME?,FALSE,A20,0,FAM,JG071A.152,UNKNOWN,,8.171962,38,50,0.6883907591298043,0.6180781126022339,100000000,1000000,100000000,8,6,8,-0.098214663
78,JG071A,44,FAM,#NAME?,FALSE,B20,0,FAM,JG071A.152,UNKNOWN,,8.902577,86,50,0.7080996134206677,0.4594452977180481,100000000,1000000,100000000,8,6,8,-0.108453549
80,JG071A,21,FAM,#NAME?,FALSE,A21,0,FAM,JG071A.160,UNKNOWN,,inf,40,50,-0.009168494,0.005664645,100000000,100000000,100,8,8,2,-0.823649806
82,JG071A,45,FAM,#NAME?,FALSE,B21,0,FAM,JG071A.160,UNKNOWN,,inf,88,50,-0.012959307,0.006016833,100000000,100000000,100,8,8,2,-0.81932623
84,JG071A,22,FAM,#NAME?,FALSE,A22,0,FAM,JG071A.168,UNKNOWN,,inf,42,50,0.019094071,0.001430201,100000000,100000000,10000,8,8,4,-0.774660094
86,JG071A,46,FAM,#NAME?,FALSE,B22,0,FAM,JG071A.168,UNKNOWN,,inf,90,50,0.034494125,0.002587551,100000000,100000000,10000,8,8,4,-0.792462123
88,JG071A,23,FAM,#NAME?,FALSE,A23,0,FAM,JG071A.176,UNKNOWN,,24.201529,44,50,0.13533433897545766,0.11396949738264084,100000000,100000000,100000,8,8,5,-0.666068944
90,JG071A,47,FAM,#NAME?,FALSE,B23,0,FAM,JG071A.176,UNKNOWN,,25.283363,92,50,0.12420472035061741,0.10329367965459824,100000000,100000000,100000,8,8,5,-0.651063187
92,JG071A,24,FAM,#NAME?,FALSE,A24,0,FAM,JG071A.184,UNKNOWN,,17.345171,46,50,0.26515080571372324,0.20884764194488525,100000000,100000000,1000000,8,8,6,-0.510533981
94,JG071A,48,FAM,#NAME?,FALSE,B24,0,FAM,JG071A.184,UNKNOWN,,17.59781,94,50,0.2600708316057029,0.1669173687696457,100000000,100000000,1000000,8,8,6,-0.500823036
96,JG071A,49,FAM,#NAME?,FALSE,C1,0,FAM,JG071A.001,UNKNOWN,,inf,96,50,-0.008719202,-0.005279347,10000000,100,100,7,2,2,-0.904917985
98,JG071A,73,FAM,#NAME?,FALSE,D1,0,FAM,JG071A.001,UNKNOWN,,inf,144,50,-0.016841401,-0.005398345,10000000,100,100,7,2,2,-0.908625422
100,JG071A,50,FAM,#NAME?,FALSE,C2,0,FAM,JG071A.009,UNKNOWN,,26.61448,98,50,0.17811548161667143,0.13815376162528992,10000000,100,10000,7,2,4,-0.681091439
102,JG071A,74,FAM,#NAME?,FALSE,D2,0,FAM,JG071A.009,UNKNOWN,,26.150425,146,50,0.1868690292028752,0.14761562645435333,10000000,100,10000,7,2,4,-0.679054105
104,JG071A,51,FAM,#NAME?,FALSE,C3,0,FAM,JG071A.017,UNKNOWN,,20.895658,100,50,0.3228096995392557,0.24242660403251648,10000000,100,100000,7,2,5,-0.549632463
106,JG071A,75,FAM,#NAME?,FALSE,D3,0,FAM,JG071A.017,UNKNOWN,,22.339804,148,50,0.28328457385744255,0.14492526650428772,10000000,100,100000,7,2,5,-0.6279105
108,JG071A,52,FAM,#NAME?,FALSE,C4,0,FAM,JG071A.025,UNKNOWN,,16.11236,102,50,0.5522699873547084,0.40879493951797485,10000000,100,1000000,7,2,6,-0.309476241
110,JG071A,76,FAM,#NAME?,FALSE,D4,0,FAM,JG071A.025,UNKNOWN,,16.112822,150,50,0.5541089446195319,0.4126662015914917,10000000,100,1000000,7,2,6,-0.299813542
112,JG071A,53,FAM,#NAME?,FALSE,C5,0,FAM,JG071A.033,UNKNOWN,,8.964121,104,50,0.9809161483760777,0.6511916518211365,10000000,100,100000000,7,2,8,0.17181672297803863
114,JG071A,77,FAM,#NAME?,FALSE,D5,0,FAM,JG071A.033,UNKNOWN,,8.966305,152,50,0.9517787390949731,0.6329544186592102,10000000,100,100000000,7,2,8,0.127702162
116,JG071A,54,FAM,#NAME?,FALSE,C6,0,FAM,JG071A.041,UNKNOWN,,inf,106,50,-0.01828422,-0.005687936,10000000,10000,100,7,4,2,-1.014990687
118,JG071A,78,FAM,#NAME?,FALSE,D6,0,FAM,JG071A.041,UNKNOWN,,inf,154,50,-0.011498214,-0.00524829,10000000,10000,100,7,4,2,-0.972700868
120,JG071A,55,FAM,#NAME?,FALSE,C7,0,FAM,JG071A.049,UNKNOWN,,26.204441,108,50,0.185124883,0.1436387449502945,10000000,10000,10000,7,4,4,-0.769309611
122,JG071A,79,FAM,#NAME?,FALSE,D7,0,FAM,JG071A.049,UNKNOWN,,26.162287,156,50,0.18537301717852803,0.13975223898887634,10000000,10000,10000,7,4,4,-0.721452388
124,JG071A,56,FAM,#NAME?,FALSE,C8,0,FAM,JG071A.057,UNKNOWN,,20.488981,110,50,0.3496616017716953,0.2595151960849762,10000000,10000,100000,7,4,5,-0.535786922
126,JG071A,80,FAM,#NAME?,FALSE,D8,0,FAM,JG071A.057,UNKNOWN,,20.536901,158,50,0.35181511997707127,0.25254061818122864,10000000,10000,100000,7,4,5,-0.529743477
128,JG071A,57,FAM,#NAME?,FALSE,C9,0,FAM,JG071A.065,UNKNOWN,,16.013605,112,50,0.5379432560980387,0.411933571,10000000,10000,1000000,7,4,6,-0.321092099
130,JG071A,81,FAM,#NAME?,FALSE,D9,0,FAM,JG071A.065,UNKNOWN,,16.082159,160,50,0.5369304861818003,0.41024890542030334,10000000,10000,1000000,7,4,6,-0.291976982
132,JG071A,58,FAM,#NAME?,FALSE,C10,0,FAM,JG071A.073,UNKNOWN,,9.039677,114,50,0.8759234733349544,0.5754552483558655,10000000,10000,100000000,7,4,8,0.10486884293695375
134,JG071A,82,FAM,#NAME?,FALSE,D10,0,FAM,JG071A.073,UNKNOWN,,9.000126,162,50,0.9148993037653763,0.5930662751197815,10000000,10000,100000000,7,4,8,0.12996774129362898
136,JG071A,59,FAM,#NAME?,FALSE,C11,0,FAM,JG071A.081,UNKNOWN,,inf,116,50,-0.007890879,-0.004510022,10000000,100000,100,7,5,2,-0.925291028
138,JG071A,83,FAM,#NAME?,FALSE,D11,0,FAM,JG071A.081,UNKNOWN,,inf,164,50,-0.010694156,-0.005354316,10000000,100000,100,7,5,2,-0.935278991
140,JG071A,60,FAM,#NAME?,FALSE,C12,0,FAM,JG071A.089,UNKNOWN,,26.876734,118,50,0.15936244160290777,0.12125818431377411,10000000,100000,10000,7,5,4,-0.711971007
142,JG071A,84,FAM,#NAME?,FALSE,D12,0,FAM,JG071A.089,UNKNOWN,,26.561386,166,50,0.16767426762884144,0.12485776841640472,10000000,100000,10000,7,5,4,-0.705009088
144,JG071A,61,FAM,#NAME?,FALSE,C13,0,FAM,JG071A.097,UNKNOWN,,20.49822,120,50,0.3318287841977584,0.24568675458431244,10000000,100000,100000,7,5,5,-0.500314255
146,JG071A,85,FAM,#NAME?,FALSE,D13,0,FAM,JG071A.097,UNKNOWN,,20.617483,168,50,0.33038155680536174,0.24480491876602173,10000000,100000,100000,7,5,5,-0.50875457
148,JG071A,62,FAM,#NAME?,FALSE,C14,0,FAM,JG071A.105,UNKNOWN,,16.191849,122,50,0.5127860059672754,0.38109275698661804,10000000,100000,1000000,7,5,6,-0.278970734
150,JG071A,86,FAM,#NAME?,FALSE,D14,0,FAM,JG071A.105,UNKNOWN,,16.17221,170,50,0.5137324226074148,0.3786347806453705,10000000,100000,1000000,7,5,6,-0.279770784
152,JG071A,63,FAM,#NAME?,FALSE,C15,0,FAM,JG071A.113,UNKNOWN,,9.07188,124,50,0.8469666852878056,0.5229001641273499,10000000,100000,100000000,7,5,8,0.063416642
154,JG071A,87,FAM,#NAME?,FALSE,D15,0,FAM,JG071A.113,UNKNOWN,,8.012986,172,50,0.8559583230177177,0.7639710307121277,10000000,100000,100000000,7,5,8,0.064002824
156,JG071A,64,FAM,#NAME?,FALSE,C16,0,FAM,JG071A.121,UNKNOWN,,inf,126,50,-0.005263083,-0.002953489,10000000,1000000,100,7,6,2,-0.915423213
158,JG071A,88,FAM,#NAME?,FALSE,D16,0,FAM,JG071A.121,UNKNOWN,,inf,174,50,0.091960889,-0.008361706,10000000,1000000,100,7,6,2,-0.812015195
160,JG071A,65,FAM,#NAME?,FALSE,C17,0,FAM,JG071A.129,UNKNOWN,,27.41008,128,50,0.15450989204922896,0.11725687980651855,10000000,1000000,10000,7,6,4,-0.749274336
162,JG071A,89,FAM,#NAME?,FALSE,D17,0,FAM,JG071A.129,UNKNOWN,,26.42829,176,50,0.17259795735955658,0.1302931159734726,10000000,1000000,10000,7,6,4,-0.727522666
164,JG071A,66,FAM,#NAME?,FALSE,C18,0,FAM,JG071A.137,UNKNOWN,,20.559946,130,50,0.31832616980821415,0.23721939325332642,10000000,1000000,100000,7,6,5,-0.527655979
166,JG071A,90,FAM,#NAME?,FALSE,D18,0,FAM,JG071A.137,UNKNOWN,,20.420326,178,50,0.32616020396399853,0.24132388830184937,10000000,1000000,100000,7,6,5,-0.514390713
168,JG071A,67,FAM,#NAME?,FALSE,C19,0,FAM,JG071A.145,UNKNOWN,,16.147432,132,50,0.4705156458824068,0.34936362504959106,10000000,1000000,1000000,7,6,6,-0.295657955
170,JG071A,91,FAM,#NAME?,FALSE,D19,0,FAM,JG071A.145,UNKNOWN,,16.265324,180,50,0.4639815217533286,0.3369213938713074,10000000,1000000,1000000,7,6,6,-0.316268162
172,JG071A,68,FAM,#NAME?,FALSE,C20,0,FAM,JG071A.153,UNKNOWN,,8.137178,134,50,0.7894085838916395,0.7051868438720703,10000000,1000000,100000000,7,6,8,0.015325594562932698
174,JG071A,92,FAM,#NAME?,FALSE,D20,0,FAM,JG071A.153,UNKNOWN,,8.085467,182,50,0.7623871870882132,0.6828322410583496,10000000,1000000,100000000,7,6,8,0.017582190062659264
176,JG071A,69,FAM,#NAME?,FALSE,C21,0,FAM,JG071A.161,UNKNOWN,,inf,136,50,-0.003170244,0.005177838,10000000,100000000,100,7,8,2,-0.815653344
178,JG071A,93,FAM,#NAME?,FALSE,D21,0,FAM,JG071A.161,UNKNOWN,,inf,184,50,0.000677802,0.009869196,10000000,100000000,100,7,8,2,-0.82155011
180,JG071A,70,FAM,#NAME?,FALSE,C22,0,FAM,JG071A.169,UNKNOWN,,inf,138,50,0.097644465,-0.003354948,10000000,100000000,10000,7,8,4,-0.704968076
182,JG071A,94,FAM,#NAME?,FALSE,D22,0,FAM,JG071A.169,UNKNOWN,,inf,186,50,0.091893531,-0.00478176,10000000,100000000,10000,7,8,4,-0.716772236
184,JG071A,71,FAM,#NAME?,FALSE,C23,0,FAM,JG071A.177,UNKNOWN,,21.961689,140,50,0.23508445056723123,0.19991402328014374,10000000,100000000,100000,7,8,5,-0.541424675
186,JG071A,95,FAM,#NAME?,FALSE,D23,0,FAM,JG071A.177,UNKNOWN,,21.763752,188,50,0.24622251858332142,0.2161172479391098,10000000,100000000,100000,7,8,5,-0.537118177
188,JG071A,72,FAM,#NAME?,FALSE,C24,0,FAM,JG071A.185,UNKNOWN,,16.787643,142,50,0.4161822,0.3280641734600067,10000000,100000000,1000000,7,8,6,-0.360772193
190,JG071A,96,FAM,#NAME?,FALSE,D24,0,FAM,JG071A.185,UNKNOWN,,16.805779,190,50,0.3972149736401394,0.3203674852848053,10000000,100000000,1000000,7,8,6,-0.378989567
192,JG071A,97,FAM,#NAME?,FALSE,E1,0,FAM,JG071A.002,UNKNOWN,,inf,192,50,0.051937033492199434,0.00076186,1000000,100,100,6,2,2,-0.840314353
194,JG071A,121,FAM,#NAME?,FALSE,F1,0,FAM,JG071A.002,UNKNOWN,,inf,240,50,0.051392170637041774,0.000118711,1000000,100,100,6,2,2,-0.857409312
196,JG071A,98,FAM,#NAME?,FALSE,E2,0,FAM,JG071A.010,UNKNOWN,,24.885128,194,50,0.29877201223555366,0.2475944459438324,1000000,100,10000,6,2,4,-0.556253244
198,JG071A,122,FAM,#NAME?,FALSE,F2,0,FAM,JG071A.010,UNKNOWN,,24.532434,242,50,0.3286626091696691,0.25686365365982056,1000000,100,10000,6,2,4,-0.54785595
200,JG071A,99,FAM,#NAME?,FALSE,E3,0,FAM,JG071A.018,UNKNOWN,,20.480402,196,50,0.466887717,0.36658528447151184,1000000,100,100000,6,2,5,-0.368190429
202,JG071A,123,FAM,#NAME?,FALSE,F3,0,FAM,JG071A.018,UNKNOWN,,20.246681,244,50,0.4869054487977569,0.38541218638420105,1000000,100,100000,6,2,5,-0.392859794
204,JG071A,100,FAM,#NAME?,FALSE,E4,0,FAM,JG071A.026,UNKNOWN,,16.064798,198,50,0.668197003,0.5240430235862732,1000000,100,1000000,6,2,6,-0.153245791
206,JG071A,124,FAM,#NAME?,FALSE,F4,0,FAM,JG071A.026,UNKNOWN,,15.950638,246,50,0.6938216254733144,0.5460237264633179,1000000,100,1000000,6,2,6,-0.153458974
208,JG071A,101,FAM,#NAME?,FALSE,E5,0,FAM,JG071A.034,UNKNOWN,,9.013119,200,50,0.9644361729483428,0.643401563,1000000,100,100000000,6,2,8,0.14932630369800193
210,JG071A,125,FAM,#NAME?,FALSE,F5,0,FAM,JG071A.034,UNKNOWN,,9.075186,248,50,0.9275912855157873,0.6052254438400269,1000000,100,100000000,6,2,8,0.15386111771602962
212,JG071A,102,FAM,#NAME?,FALSE,E6,0,FAM,JG071A.042,UNKNOWN,,inf,202,50,0.041599454,-0.002120594,1000000,10000,100,6,4,2,-0.907874661
214,JG071A,126,FAM,#NAME?,FALSE,F6,0,FAM,JG071A.042,UNKNOWN,,inf,250,50,0.055581013,-0.000681788,1000000,10000,100,6,4,2,-0.888011695
216,JG071A,103,FAM,#NAME?,FALSE,E7,0,FAM,JG071A.050,UNKNOWN,,24.588444,204,50,0.31868770805919117,0.258143812,1000000,10000,10000,6,4,4,-0.555872473
218,JG071A,127,FAM,#NAME?,FALSE,F7,0,FAM,JG071A.050,UNKNOWN,,24.351723,252,50,0.3310858902304067,0.26646581292152405,1000000,10000,10000,6,4,4,-0.554592454
220,JG071A,104,FAM,#NAME?,FALSE,E8,0,FAM,JG071A.058,UNKNOWN,,20.27873,206,50,0.4757222716892818,0.37267807126045227,1000000,10000,100000,6,4,5,-0.382612139
222,JG071A,128,FAM,#NAME?,FALSE,F8,0,FAM,JG071A.058,UNKNOWN,,20.29074,254,50,0.47946217451993395,0.3711692690849304,1000000,10000,100000,6,4,5,-0.368187091
224,JG071A,105,FAM,#NAME?,FALSE,E9,0,FAM,JG071A.066,UNKNOWN,,16.098104,208,50,0.6567982503596516,0.5065545439720154,1000000,10000,1000000,6,4,6,-0.148259527
226,JG071A,129,FAM,#NAME?,FALSE,F9,0,FAM,JG071A.066,UNKNOWN,,16.157995,256,50,0.654388286,0.5023918151855469,1000000,10000,1000000,6,4,6,-0.147556444
228,JG071A,106,FAM,#NAME?,FALSE,E10,0,FAM,JG071A.074,UNKNOWN,,8.985189,210,50,0.9281271226376921,0.6259207129478455,1000000,10000,100000000,6,4,8,0.16341406602296438
230,JG071A,130,FAM,#NAME?,FALSE,F10,0,FAM,JG071A.074,UNKNOWN,,9.007811,258,50,0.9391151829671199,0.5940924286842346,1000000,10000,100000000,6,4,8,0.15010250860865193
232,JG071A,107,FAM,#NAME?,FALSE,E11,0,FAM,JG071A.082,UNKNOWN,,inf,212,50,0.047458828,-0.000910051,1000000,100000,100,6,5,2,-0.867258409
234,JG071A,131,FAM,#NAME?,FALSE,F11,0,FAM,JG071A.082,UNKNOWN,,inf,260,50,0.047276071,-0.000923938,1000000,100000,100,6,5,2,-0.878300259
236,JG071A,108,FAM,#NAME?,FALSE,E12,0,FAM,JG071A.090,UNKNOWN,,24.689823,214,50,0.2894848176270561,0.22915028035640717,1000000,100000,10000,6,5,4,-0.553006803
238,JG071A,132,FAM,#NAME?,FALSE,F12,0,FAM,JG071A.090,UNKNOWN,,24.621065,262,50,0.29452010456853517,0.2265174835920334,1000000,100000,10000,6,5,4,-0.548709162
240,JG071A,109,FAM,#NAME?,FALSE,E13,0,FAM,JG071A.098,UNKNOWN,,20.324137,216,50,0.45732548280419694,0.35583072900772095,1000000,100000,100000,6,5,5,-0.35106837
242,JG071A,133,FAM,#NAME?,FALSE,F13,0,FAM,JG071A.098,UNKNOWN,,20.402075,264,50,0.4493977506628705,0.34737202525138855,1000000,100000,100000,6,5,5,-0.361674357
244,JG071A,110,FAM,#NAME?,FALSE,E14,0,FAM,JG071A.106,UNKNOWN,,16.181646,218,50,0.6131052063522076,0.4652605652809143,1000000,100000,1000000,6,5,6,-0.149224815
246,JG071A,134,FAM,#NAME?,FALSE,F14,0,FAM,JG071A.106,UNKNOWN,,16.190544,266,50,0.6116989188158957,0.46389296650886536,1000000,100000,1000000,6,5,6,-0.153507279
248,JG071A,111,FAM,#NAME?,FALSE,E15,0,FAM,JG071A.114,UNKNOWN,,9.002834,220,50,0.8483607848219129,0.5448546409606934,1000000,100000,100000000,6,5,8,0.099470884
250,JG071A,135,FAM,#NAME?,FALSE,F15,0,FAM,JG071A.114,UNKNOWN,,8.967378,268,50,0.8873421329114342,0.558372974,1000000,100000,100000000,6,5,8,0.10686214504846303
252,JG071A,112,FAM,#NAME?,FALSE,E16,0,FAM,JG071A.122,UNKNOWN,,inf,222,50,0.047395609,-0.000532159,1000000,1000000,100,6,6,2,-0.860921382
254,JG071A,136,FAM,#NAME?,FALSE,F16,0,FAM,JG071A.122,UNKNOWN,,inf,270,50,0.041998738,-0.001693305,1000000,1000000,100,6,6,2,-0.874638809
256,JG071A,113,FAM,#NAME?,FALSE,E17,0,FAM,JG071A.130,UNKNOWN,,24.661291,224,50,0.29140237706669664,0.2329416573047638,1000000,1000000,10000,6,6,4,-0.572449245
258,JG071A,137,FAM,#NAME?,FALSE,F17,0,FAM,JG071A.130,UNKNOWN,,24.66108,272,50,0.2948566404509641,0.23762448132038116,1000000,1000000,10000,6,6,4,-0.575985778
260,JG071A,114,FAM,#NAME?,FALSE,E18,0,FAM,JG071A.138,UNKNOWN,,20.610971,226,50,0.4379409241965463,0.31761711835861206,1000000,1000000,100000,6,6,5,-0.369431388
262,JG071A,138,FAM,#NAME?,FALSE,F18,0,FAM,JG071A.138,UNKNOWN,,20.253819,274,50,0.4493899624337673,0.34250086545944214,1000000,1000000,100000,6,6,5,-0.366585501
264,JG071A,115,FAM,#NAME?,FALSE,E19,0,FAM,JG071A.146,UNKNOWN,,16.077705,228,50,0.5779148619676779,0.4445548355579376,1000000,1000000,1000000,6,6,6,-0.191487829
266,JG071A,139,FAM,#NAME?,FALSE,F19,0,FAM,JG071A.146,UNKNOWN,,16.272942,276,50,0.5827905761201221,0.4267103672027588,1000000,1000000,1000000,6,6,6,-0.187529004
268,JG071A,116,FAM,#NAME?,FALSE,E20,0,FAM,JG071A.154,UNKNOWN,,8.907483,230,50,0.7779353458149234,0.5131558179855347,1000000,1000000,100000000,6,6,8,0.029793172152223324
270,JG071A,140,FAM,#NAME?,FALSE,F20,0,FAM,JG071A.154,UNKNOWN,,8.116676,278,50,0.7842492529270094,0.7010982632637024,1000000,1000000,100000000,6,6,8,0.018276735050054005
272,JG071A,117,FAM,#NAME?,FALSE,E21,0,FAM,JG071A.162,UNKNOWN,,inf,232,50,0.004943412,0.003618705,1000000,100000000,100,6,8,2,-0.804668964
274,JG071A,141,FAM,#NAME?,FALSE,F21,0,FAM,JG071A.162,UNKNOWN,,inf,280,50,-0.012977428,0.002071022,1000000,100000000,100,6,8,2,-0.839504331
276,JG071A,118,FAM,#NAME?,FALSE,E22,0,FAM,JG071A.170,UNKNOWN,,27.403896,234,50,0.18590575727774558,0.1693950891494751,1000000,100000000,10000,6,8,4,-0.616241171
278,JG071A,142,FAM,#NAME?,FALSE,F22,0,FAM,JG071A.170,UNKNOWN,,27.849926,282,50,0.18470740523657558,0.1657303422689438,1000000,100000000,10000,6,8,4,-0.625320482
280,JG071A,119,FAM,#NAME?,FALSE,E23,0,FAM,JG071A.178,UNKNOWN,,21.374481,236,50,0.3382850456096835,0.3068375289440155,1000000,100000000,100000,6,8,5,-0.446446726
282,JG071A,143,FAM,#NAME?,FALSE,F23,0,FAM,JG071A.178,UNKNOWN,,21.396893,284,50,0.3474654277334789,0.31054583191871643,1000000,100000000,100000,6,8,5,-0.422792901
284,JG071A,120,FAM,#NAME?,FALSE,E24,0,FAM,JG071A.186,UNKNOWN,,16.82449,238,50,0.5046418650159269,0.40355148911476135,1000000,100000000,1000000,6,8,6,-0.231345704
286,JG071A,144,FAM,#NAME?,FALSE,F24,0,FAM,JG071A.186,UNKNOWN,,16.771727,286,50,0.5430758273947307,0.4626408815383911,1000000,100000000,1000000,6,8,6,-0.181901836
288,JG071A,145,FAM,#NAME?,FALSE,G1,0,FAM,JG071A.003,UNKNOWN,,34.900223,288,50,0.11274144320361176,0.13434499502182007,100000,100,100,5,2,2,-0.802283386
290,JG071A,169,FAM,#NAME?,FALSE,H1,0,FAM,JG071A.003,UNKNOWN,,34.30072,336,50,0.10866978051709048,0.15006300806999207,100000,100,100,5,2,2,-0.801155531
292,JG071A,146,FAM,#NAME?,FALSE,G2,0,FAM,JG071A.011,UNKNOWN,,24.478792,290,50,0.4216660264775692,0.35361266136169434,100000,100,10000,5,2,4,-0.443360349
294,JG071A,170,FAM,#NAME?,FALSE,H2,0,FAM,JG071A.011,UNKNOWN,,24.443037,338,50,0.4149840195151751,0.3544800579547882,100000,100,10000,5,2,4,-0.438002481
296,JG071A,147,FAM,#NAME?,FALSE,G3,0,FAM,JG071A.019,UNKNOWN,,20.25617,292,50,0.575882584,0.4647839069366455,100000,100,100000,5,2,5,-0.277675989
298,JG071A,171,FAM,#NAME?,FALSE,H3,0,FAM,JG071A.019,UNKNOWN,,20.504,340,50,0.5681992843102451,0.45320412516593933,100000,100,100000,5,2,5,-0.294844866
300,JG071A,148,FAM,#NAME?,FALSE,G4,0,FAM,JG071A.027,UNKNOWN,,16.032299,294,50,0.7306065428893123,0.5789251327514648,100000,100,1000000,5,2,6,-0.091117973
302,JG071A,172,FAM,#NAME?,FALSE,H4,0,FAM,JG071A.027,UNKNOWN,,16.08559,342,50,0.7188618868769923,0.5652521252632141,100000,100,1000000,5,2,6,-0.101734251
304,JG071A,149,FAM,#NAME?,FALSE,G5,0,FAM,JG071A.035,UNKNOWN,,8.990904,296,50,0.9660922558082105,0.6542093753814697,100000,100,100000000,5,2,8,0.1585179711670487
306,JG071A,173,FAM,#NAME?,FALSE,H5,0,FAM,JG071A.035,UNKNOWN,,8.990386,344,50,0.9803141515419918,0.6540625095367432,100000,100,100000000,5,2,8,0.21043155805683322
308,JG071A,150,FAM,#NAME?,FALSE,G6,0,FAM,JG071A.043,UNKNOWN,,33.57122,298,50,0.1566940085777698,0.150459886,100000,10000,100,5,4,2,-0.759500399
310,JG071A,174,FAM,#NAME?,FALSE,H6,0,FAM,JG071A.043,UNKNOWN,,33.42644,346,50,0.1600025835780833,0.15060901641845703,100000,10000,100,5,4,2,-0.747953769
312,JG071A,151,FAM,#NAME?,FALSE,G7,0,FAM,JG071A.051,UNKNOWN,,24.48003,300,50,0.4181185718537472,0.34678855538368225,100000,10000,10000,5,4,4,-0.44909676
314,JG071A,175,FAM,#NAME?,FALSE,H7,0,FAM,JG071A.051,UNKNOWN,,24.415178,348,50,0.4247115850862681,0.35035479068756104,100000,10000,10000,5,4,4,-0.438976673
316,JG071A,152,FAM,#NAME?,FALSE,G8,0,FAM,JG071A.059,UNKNOWN,,20.255209,302,50,0.568343598,0.4517747461795807,100000,10000,100000,5,4,5,-0.259607081
318,JG071A,176,FAM,#NAME?,FALSE,H8,0,FAM,JG071A.059,UNKNOWN,,20.29761,350,50,0.5646076492658693,0.4431343972682953,100000,10000,100000,5,4,5,-0.26285158
320,JG071A,153,FAM,#NAME?,FALSE,G9,0,FAM,JG071A.067,UNKNOWN,,16.09625,304,50,0.6862437568513743,0.5328224897384644,100000,10000,1000000,5,4,6,-0.097176223
322,JG071A,177,FAM,#NAME?,FALSE,H9,0,FAM,JG071A.067,UNKNOWN,,16.185038,352,50,0.6828641808660554,0.5203952789306641,100000,10000,1000000,5,4,6,-0.101118882
324,JG071A,154,FAM,#NAME?,FALSE,G10,0,FAM,JG071A.075,UNKNOWN,,8.948347,306,50,0.9397866996960077,0.6496447324752808,100000,10000,100000000,5,4,8,0.16988527509465257
326,JG071A,178,FAM,#NAME?,FALSE,H10,0,FAM,JG071A.075,UNKNOWN,,9.070418,354,50,0.9202474204465237,0.6044167876243591,100000,10000,100000000,5,4,8,0.17741759775689336
328,JG071A,155,FAM,#NAME?,FALSE,G11,0,FAM,JG071A.083,UNKNOWN,,34.365326,308,50,0.1372698998594678,0.12941616773605347,100000,100000,100,5,5,2,-0.775658558
330,JG071A,179,FAM,#NAME?,FALSE,H11,0,FAM,JG071A.083,UNKNOWN,,34.074562,356,50,0.1355407390085088,0.1316181868314743,100000,100000,100,5,5,2,-0.781498789
332,JG071A,156,FAM,#NAME?,FALSE,G12,0,FAM,JG071A.091,UNKNOWN,,24.451159,310,50,0.39427325446135797,0.3196631968021393,100000,100000,10000,5,5,4,-0.434725381
334,JG071A,180,FAM,#NAME?,FALSE,H12,0,FAM,JG071A.091,UNKNOWN,,24.49077,358,50,0.3949338402660701,0.3155055046081543,100000,100000,10000,5,5,4,-0.437702926
336,JG071A,157,FAM,#NAME?,FALSE,G13,0,FAM,JG071A.099,UNKNOWN,,20.51042,312,50,0.5381198320635968,0.4186651408672333,100000,100000,100000,5,5,5,-0.253725879
338,JG071A,181,FAM,#NAME?,FALSE,H13,0,FAM,JG071A.099,UNKNOWN,,20.309433,360,50,0.5538116217420544,0.43905317783355713,100000,100000,100000,5,5,5,-0.254023877
340,JG071A,158,FAM,#NAME?,FALSE,G14,0,FAM,JG071A.107,UNKNOWN,,16.131563,314,50,0.6518086097048016,0.5126298069953918,100000,100000,1000000,5,5,6,-0.085869294
342,JG071A,182,FAM,#NAME?,FALSE,H14,0,FAM,JG071A.107,UNKNOWN,,16.113071,362,50,0.6723895216430537,0.5161516070365906,100000,100000,1000000,5,5,6,-0.065632844
344,JG071A,159,FAM,#NAME?,FALSE,G15,0,FAM,JG071A.115,UNKNOWN,,8.1444435,316,50,0.8841962407720958,0.7865648865699768,100000,100000,100000000,5,5,8,0.12770698761731392
346,JG071A,183,FAM,#NAME?,FALSE,H15,0,FAM,JG071A.115,UNKNOWN,,8.086564,364,50,0.9174603544884355,0.8159165978431702,100000,100000,100000000,5,5,8,0.1537672532829032
348,JG071A,160,FAM,#NAME?,FALSE,G16,0,FAM,JG071A.123,UNKNOWN,,34.97613,318,50,0.1235331992719787,0.11943715065717697,100000,1000000,100,5,6,2,-0.790496761
350,JG071A,184,FAM,#NAME?,FALSE,H16,0,FAM,JG071A.123,UNKNOWN,,36.13849,366,50,0.10972850772715208,0.10382963716983795,100000,1000000,100,5,6,2,-0.778433041
352,JG071A,161,FAM,#NAME?,FALSE,G17,0,FAM,JG071A.131,UNKNOWN,,24.533049,320,50,0.3883750378248907,0.320821077,100000,1000000,10000,5,6,4,-0.474065436
354,JG071A,185,FAM,#NAME?,FALSE,H17,0,FAM,JG071A.131,UNKNOWN,,24.481775,368,50,0.3915573112813023,0.3281528949737549,100000,1000000,10000,5,6,4,-0.470550152
356,JG071A,162,FAM,#NAME?,FALSE,G18,0,FAM,JG071A.139,UNKNOWN,,20.2614,322,50,0.6351403775990104,0.5004079937934875,100000,1000000,100000,5,6,5,-0.323295453
358,JG071A,186,FAM,#NAME?,FALSE,H18,0,FAM,JG071A.139,UNKNOWN,,20.319778,370,50,0.5361292098569933,0.4140326678752899,100000,1000000,100000,5,6,5,-0.268308575
360,JG071A,163,FAM,#NAME?,FALSE,G19,0,FAM,JG071A.147,UNKNOWN,,16.155804,324,50,0.629409145,0.4756301939487457,100000,1000000,1000000,5,6,6,-0.121222301
362,JG071A,187,FAM,#NAME?,FALSE,H19,0,FAM,JG071A.147,UNKNOWN,,16.167234,372,50,0.628610748,0.475149542,100000,1000000,1000000,5,6,6,-0.12348644
364,JG071A,164,FAM,#NAME?,FALSE,G20,0,FAM,JG071A.155,UNKNOWN,,8.029073,326,50,0.8277167547348421,0.7396575212478638,100000,1000000,100000000,5,6,8,0.038045311
366,JG071A,188,FAM,#NAME?,FALSE,H20,0,FAM,JG071A.155,UNKNOWN,,8.135961,374,50,0.7749052636201588,0.6929808855056763,100000,1000000,100000000,5,6,8,0.034371278540595074
368,JG071A,165,FAM,#NAME?,FALSE,G21,0,FAM,JG071A.163,UNKNOWN,,inf,328,50,0.017526967009692234,-0.002957041,100000,100000000,100,5,8,2,-0.812445284
370,JG071A,189,FAM,#NAME?,FALSE,H21,0,FAM,JG071A.163,UNKNOWN,,inf,376,50,0.01791224,-0.005818925,100000,100000000,100,5,8,2,-0.80314945
372,JG071A,166,FAM,#NAME?,FALSE,G22,0,FAM,JG071A.171,UNKNOWN,,27.114307,330,50,0.24921723512786326,0.23179364204406738,100000,100000000,10000,5,8,4,-0.539705999
374,JG071A,190,FAM,#NAME?,FALSE,H22,0,FAM,JG071A.171,UNKNOWN,,26.644516,378,50,0.27895103658893505,0.26041141152381897,100000,100000000,10000,5,8,4,-0.53734671
376,JG071A,167,FAM,#NAME?,FALSE,G23,0,FAM,JG071A.179,UNKNOWN,,20.984415,332,50,0.4909243163819377,0.42999571561813354,100000,100000000,100000,5,8,5,-0.369353269
378,JG071A,191,FAM,#NAME?,FALSE,H23,0,FAM,JG071A.179,UNKNOWN,,21.438318,380,50,0.4381190878212067,0.370070219,100000,100000000,100000,5,8,5,-0.327510952
380,JG071A,168,FAM,#NAME?,FALSE,G24,0,FAM,JG071A.187,UNKNOWN,,16.625315,334,50,0.56099805,0.4632912874221802,100000,100000000,1000000,5,8,6,-0.152068213
382,JG071A,192,FAM,#NAME?,FALSE,H24,0,FAM,JG071A.187,UNKNOWN,,16.69439,382,50,0.5927692615139398,0.47609227895736694,100000,100000000,1000000,5,8,6,-0.166676477
384,JG071A,193,FAM,#NAME?,FALSE,I1,0,FAM,JG071A.004,UNKNOWN,,33.324505,384,50,0.1941211493247801,0.197420135,10000,100,100,4,2,2,-0.681098989
386,JG071A,217,FAM,#NAME?,FALSE,J1,0,FAM,JG071A.004,UNKNOWN,,33.175156,432,50,0.20162091381838848,0.207699254,10000,100,100,4,2,2,-0.681700552
388,JG071A,194,FAM,#NAME?,FALSE,I2,0,FAM,JG071A.012,UNKNOWN,,24.848518,386,50,0.459096234,0.4042232930660248,10000,100,10000,4,2,4,-0.396154464
390,JG071A,218,FAM,#NAME?,FALSE,J2,0,FAM,JG071A.012,UNKNOWN,,24.416117,434,50,0.47676191001723245,0.4060927629470825,10000,100,10000,4,2,4,-0.366050153
392,JG071A,195,FAM,#NAME?,FALSE,I3,0,FAM,JG071A.020,UNKNOWN,,20.604918,388,50,0.6036532257781432,0.48233702778816223,10000,100,100000,4,2,5,-0.239229712
394,JG071A,219,FAM,#NAME?,FALSE,J3,0,FAM,JG071A.020,UNKNOWN,,20.349562,436,50,0.6238608399136837,0.49691542983055115,10000,100,100000,4,2,5,-0.206521079
396,JG071A,196,FAM,#NAME?,FALSE,I4,0,FAM,JG071A.028,UNKNOWN,,16.031425,390,50,0.7196387719732618,0.5647075176239014,10000,100,1000000,4,2,6,-0.093805287
398,JG071A,220,FAM,#NAME?,FALSE,J4,0,FAM,JG071A.028,UNKNOWN,,16.088007,438,50,0.7278308754536285,0.559421718,10000,100,1000000,4,2,6,-0.082488398
400,JG071A,197,FAM,#NAME?,FALSE,I5,0,FAM,JG071A.036,UNKNOWN,,8.917696,392,50,0.9788439900876309,0.6736696362495422,10000,100,100000000,4,2,8,0.18992770883219234
402,JG071A,221,FAM,#NAME?,FALSE,J5,0,FAM,JG071A.036,UNKNOWN,,9.010414,440,50,1,0.6330752372741699,10000,100,100000000,4,2,8,0.1992350035783671
404,JG071A,198,FAM,#NAME?,FALSE,I6,0,FAM,JG071A.044,UNKNOWN,,31.916513,394,50,0.2628246002201522,0.23101867735385895,10000,10000,100,4,4,2,-0.649545947
406,JG071A,222,FAM,#NAME?,FALSE,J6,0,FAM,JG071A.044,UNKNOWN,,33.222427,442,50,0.22084112361044433,0.20033402740955353,10000,10000,100,4,4,2,-0.707151635
408,JG071A,199,FAM,#NAME?,FALSE,I7,0,FAM,JG071A.052,UNKNOWN,,24.298697,396,50,0.5005664767677039,0.41201499104499817,10000,10000,10000,4,4,4,-0.345148583
410,JG071A,223,FAM,#NAME?,FALSE,J7,0,FAM,JG071A.052,UNKNOWN,,24.267376,444,50,0.5043530393769601,0.41367897391319275,10000,10000,10000,4,4,4,-0.33964173
412,JG071A,200,FAM,#NAME?,FALSE,I8,0,FAM,JG071A.060,UNKNOWN,,20.261963,398,50,0.6082229914969459,0.48530393838882446,10000,10000,100000,4,4,5,-0.206225955
414,JG071A,224,FAM,#NAME?,FALSE,J8,0,FAM,JG071A.060,UNKNOWN,,20.24821,446,50,0.6203917547530022,0.4873239994049072,10000,10000,100000,4,4,5,-0.174908606
416,JG071A,201,FAM,#NAME?,FALSE,I9,0,FAM,JG071A.068,UNKNOWN,,16.135197,400,50,0.6847128119770254,0.5292816758155823,10000,10000,1000000,4,4,6,-0.099252918
418,JG071A,225,FAM,#NAME?,FALSE,J9,0,FAM,JG071A.068,UNKNOWN,,16.179628,448,50,0.6945789997616293,0.5260804891586304,10000,10000,1000000,4,4,6,-0.085462114
420,JG071A,202,FAM,#NAME?,FALSE,I10,0,FAM,JG071A.076,UNKNOWN,,9.024152,402,50,0.9058626091400909,0.583160937,10000,10000,100000000,4,4,8,0.16201622115548064
422,JG071A,226,FAM,#NAME?,FALSE,J10,0,FAM,JG071A.076,UNKNOWN,,9.019536,450,50,0.9114879137014976,0.5817968249320984,10000,10000,100000000,4,4,8,0.15783987024035473
424,JG071A,203,FAM,#NAME?,FALSE,I11,0,FAM,JG071A.084,UNKNOWN,,33.4967,404,50,0.19694209331826099,0.18627877533435822,10000,100000,100,4,5,2,-0.713373611
426,JG071A,227,FAM,#NAME?,FALSE,J11,0,FAM,JG071A.084,UNKNOWN,,33.66493,452,50,0.20111117520227506,0.18191584944725037,10000,100000,100,4,5,2,-0.705718864
428,JG071A,204,FAM,#NAME?,FALSE,I12,0,FAM,JG071A.092,UNKNOWN,,24.392832,406,50,0.4613514905045872,0.37933066487312317,10000,100000,10000,4,5,4,-0.373097076
430,JG071A,228,FAM,#NAME?,FALSE,J12,0,FAM,JG071A.092,UNKNOWN,,24.44427,454,50,0.47134981719888835,0.3790016770362854,10000,100000,10000,4,5,4,-0.365522103
432,JG071A,205,FAM,#NAME?,FALSE,I13,0,FAM,JG071A.100,UNKNOWN,,20.344402,408,50,0.5969713623575309,0.4704233407974243,10000,100000,100000,4,5,5,-0.202672295
434,JG071A,229,FAM,#NAME?,FALSE,J13,0,FAM,JG071A.100,UNKNOWN,,20.33708,456,50,0.5935115247674015,0.46733731031417847,10000,100000,100000,4,5,5,-0.199633321
436,JG071A,206,FAM,#NAME?,FALSE,I14,0,FAM,JG071A.108,UNKNOWN,,16.013628,410,50,0.7031480765842731,0.5476035475730896,10000,100000,1000000,4,5,6,-0.053650018
438,JG071A,230,FAM,#NAME?,FALSE,J14,0,FAM,JG071A.108,UNKNOWN,,16.167315,458,50,0.6936048991314717,0.5199054479598999,10000,100000,1000000,4,5,6,-0.050873044
440,JG071A,207,FAM,#NAME?,FALSE,I15,0,FAM,JG071A.116,UNKNOWN,,8.02742,412,50,0.8811738532867887,0.7857658267021179,10000,100000,100000000,4,5,8,0.14359794468059084
442,JG071A,231,FAM,#NAME?,FALSE,J15,0,FAM,JG071A.116,UNKNOWN,,7.8763685,460,50,0.9237944727183816,0.8240454792976379,10000,100000,100000000,4,5,8,0.15945436366510346
444,JG071A,208,FAM,#NAME?,FALSE,I16,0,FAM,JG071A.124,UNKNOWN,,85.71717,414,50,0.15284181257619922,0.002079684,10000,1000000,100,4,6,2,-0.750746013
446,JG071A,232,FAM,#NAME?,FALSE,J16,0,FAM,JG071A.124,UNKNOWN,,34.88103,462,50,0.16963365209888817,0.1527671068906784,10000,1000000,100,4,6,2,-0.730463802
448,JG071A,209,FAM,#NAME?,FALSE,I17,0,FAM,JG071A.132,UNKNOWN,,24.571022,416,50,0.442730496,0.37374410033226013,10000,1000000,10000,4,6,4,-0.407925997
450,JG071A,233,FAM,#NAME?,FALSE,J17,0,FAM,JG071A.132,UNKNOWN,,24.5569,464,50,0.4483518225950241,0.37863975763320923,10000,1000000,10000,4,6,4,-0.386880162
452,JG071A,210,FAM,#NAME?,FALSE,I18,0,FAM,JG071A.140,UNKNOWN,,20.381159,418,50,0.5718117959843786,0.45322513580322266,10000,1000000,100000,4,6,5,-0.22301792
454,JG071A,234,FAM,#NAME?,FALSE,J18,0,FAM,JG071A.140,UNKNOWN,,20.29337,466,50,0.5842101999928934,0.4520297646522522,10000,1000000,100000,4,6,5,-0.195317978
456,JG071A,211,FAM,#NAME?,FALSE,I19,0,FAM,JG071A.148,UNKNOWN,,16.229174,420,50,0.6315042549329188,0.4752066135406494,10000,1000000,1000000,4,6,6,-0.115602611
458,JG071A,235,FAM,#NAME?,FALSE,J19,0,FAM,JG071A.148,UNKNOWN,,16.161785,468,50,0.6377177589183498,0.47826477885246277,10000,1000000,1000000,4,6,6,-0.113887607
460,JG071A,212,FAM,#NAME?,FALSE,I20,0,FAM,JG071A.156,UNKNOWN,,8.958994,422,50,0.8058222973880454,0.5216528177261353,10000,1000000,100000000,4,6,8,0.015332326513652905
462,JG071A,236,FAM,#NAME?,FALSE,J20,0,FAM,JG071A.156,UNKNOWN,,8.884864,470,50,0.780628981,0.5037900805473328,10000,1000000,100000000,4,6,8,0.020638711
464,JG071A,213,FAM,#NAME?,FALSE,I21,0,FAM,JG071A.164,UNKNOWN,,inf,424,50,0.027298095336702022,-0.011864719,10000,100000000,100,4,8,2,-0.810798274
466,JG071A,237,FAM,#NAME?,FALSE,J21,0,FAM,JG071A.164,UNKNOWN,,inf,472,50,0.034943752652559695,-0.009234929,10000,100000000,100,4,8,2,-0.791325878
468,JG071A,214,FAM,#NAME?,FALSE,I22,0,FAM,JG071A.172,UNKNOWN,,26.936989,426,50,0.34517642565991347,0.30901098251342773,10000,100000000,10000,4,8,4,-0.496067356
470,JG071A,238,FAM,#NAME?,FALSE,J22,0,FAM,JG071A.172,UNKNOWN,,26.74652,474,50,0.3340910222536348,0.30319222807884216,10000,100000000,10000,4,8,4,-0.511592409
472,JG071A,215,FAM,#NAME?,FALSE,I23,0,FAM,JG071A.180,UNKNOWN,,21.210674,428,50,0.4774240160599069,0.41679319739341736,10000,100000000,100000,4,8,5,-0.298922125
474,JG071A,239,FAM,#NAME?,FALSE,J23,0,FAM,JG071A.180,UNKNOWN,,21.602343,476,50,0.4994671163590006,0.42017966508865356,10000,100000000,100000,4,8,5,-0.293623977
476,JG071A,216,FAM,#NAME?,FALSE,I24,0,FAM,JG071A.188,UNKNOWN,,16.89788,430,50,0.5984834206131888,0.4810871481895447,10000,100000000,1000000,4,8,6,-0.152163833
478,JG071A,240,FAM,#NAME?,FALSE,J24,0,FAM,JG071A.188,UNKNOWN,,16.669691,478,50,0.5874096788892479,0.47693249583244324,10000,100000000,1000000,4,8,6,-0.147092392
480,JG071A,241,FAM,#NAME?,FALSE,K1,0,FAM,JG071A.005,UNKNOWN,,33.158936,480,50,0.2531144749755543,0.26554378867149353,1000,100,100,3,2,2,-0.643063611
482,JG071A,265,FAM,#NAME?,FALSE,L1,0,FAM,JG071A.005,UNKNOWN,,33.588947,528,50,0.19569743165343964,0.27772125601768494,1000,100,100,3,2,2,-0.707330068
484,JG071A,242,FAM,#NAME?,FALSE,K2,0,FAM,JG071A.013,UNKNOWN,,24.837318,482,50,0.5206744837810161,0.45571863651275635,1000,100,10000,3,2,4,-0.334197419
486,JG071A,266,FAM,#NAME?,FALSE,L2,0,FAM,JG071A.013,UNKNOWN,,24.378387,530,50,0.547999126,0.4720095694065094,1000,100,10000,3,2,4,-0.274977642
488,JG071A,243,FAM,#NAME?,FALSE,K3,0,FAM,JG071A.021,UNKNOWN,,20.566532,484,50,0.6323595051425779,0.5031139254570007,1000,100,100000,3,2,5,-0.186736329
490,JG071A,267,FAM,#NAME?,FALSE,L3,0,FAM,JG071A.021,UNKNOWN,,20.535366,532,50,0.668944982,0.5216626524925232,1000,100,100000,3,2,5,-0.18467203
492,JG071A,244,FAM,#NAME?,FALSE,K4,0,FAM,JG071A.029,UNKNOWN,,16.107044,486,50,0.7313649154454738,0.5677779316902161,1000,100,1000000,3,2,6,-0.061873362
494,JG071A,268,FAM,#NAME?,FALSE,L4,0,FAM,JG071A.029,UNKNOWN,,16.241114,534,50,0.6835025742413429,0.5237616896629333,1000,100,1000000,3,2,6,-0.06019173
496,JG071A,245,FAM,#NAME?,FALSE,K5,0,FAM,JG071A.037,UNKNOWN,,8.989463,488,50,0.9748268863274665,0.6251492500305176,1000,100,100000000,3,2,8,0.2062143444200376
498,JG071A,269,FAM,#NAME?,FALSE,L5,0,FAM,JG071A.037,UNKNOWN,,9.024134,536,50,0.9537265923752111,0.6200947761535645,1000,100,100000000,3,2,8,0.19045521391191045
500,JG071A,246,FAM,#NAME?,FALSE,K6,0,FAM,JG071A.045,UNKNOWN,,32.614334,490,50,0.2854864264955441,0.2636975944042206,1000,10000,100,3,4,2,-0.624894227
502,JG071A,270,FAM,#NAME?,FALSE,L6,0,FAM,JG071A.045,UNKNOWN,,32.69123,538,50,0.2938390923332903,0.25745144486427307,1000,10000,100,3,4,2,-0.62238895
504,JG071A,247,FAM,#NAME?,FALSE,K7,0,FAM,JG071A.053,UNKNOWN,,24.373995,492,50,0.551694387,0.45278289914131165,1000,10000,10000,3,4,4,-0.311008547
506,JG071A,271,FAM,#NAME?,FALSE,L7,0,FAM,JG071A.053,UNKNOWN,,24.121954,540,50,0.559158296,0.45612531900405884,1000,10000,10000,3,4,4,-0.298307947
508,JG071A,248,FAM,#NAME?,FALSE,K8,0,FAM,JG071A.061,UNKNOWN,,20.348497,494,50,0.6439234485761719,0.5071011781692505,1000,10000,100000,3,4,5,-0.163660472
510,JG071A,272,FAM,#NAME?,FALSE,L8,0,FAM,JG071A.061,UNKNOWN,,20.237478,542,50,0.6482386146714777,0.5094590783119202,1000,10000,100000,3,4,5,-0.151548694
512,JG071A,249,FAM,#NAME?,FALSE,K9,0,FAM,JG071A.069,UNKNOWN,,16.163076,496,50,0.7092594810401728,0.5225762128829956,1000,10000,1000000,3,4,6,-0.074301717
514,JG071A,273,FAM,#NAME?,FALSE,L9,0,FAM,JG071A.069,UNKNOWN,,16.128677,544,50,0.7208315193603131,0.5469867587089539,1000,10000,1000000,3,4,6,-0.044869339
516,JG071A,250,FAM,#NAME?,FALSE,K10,0,FAM,JG071A.077,UNKNOWN,,8.953626,498,50,0.9163740607316319,0.5979151725769043,1000,10000,100000000,3,4,8,0.16522007506872582
518,JG071A,274,FAM,#NAME?,FALSE,L10,0,FAM,JG071A.077,UNKNOWN,,8.957799,546,50,0.9585942268652372,0.6276146173477173,1000,10000,100000000,3,4,8,0.18528982054666998
520,JG071A,251,FAM,#NAME?,FALSE,K11,0,FAM,JG071A.085,UNKNOWN,,33.97527,500,50,0.21437244800926447,0.22623085975646973,1000,100000,100,3,5,2,-0.690699473
522,JG071A,275,FAM,#NAME?,FALSE,L11,0,FAM,JG071A.085,UNKNOWN,,34.07054,548,50,0.2392921147423069,0.21420200169086456,1000,100000,100,3,5,2,-0.657822844
524,JG071A,252,FAM,#NAME?,FALSE,K12,0,FAM,JG071A.093,UNKNOWN,,24.352686,502,50,0.5060617194254994,0.41103115677833557,1000,100000,10000,3,5,4,-0.318545278
526,JG071A,276,FAM,#NAME?,FALSE,L12,0,FAM,JG071A.093,UNKNOWN,,24.616585,550,50,0.503502106,0.3994320333003998,1000,100000,10000,3,5,4,-0.322250839
528,JG071A,253,FAM,#NAME?,FALSE,K13,0,FAM,JG071A.101,UNKNOWN,,20.376446,504,50,0.602776853,0.47378066182136536,1000,100000,100000,3,5,5,-0.187620203
530,JG071A,277,FAM,#NAME?,FALSE,L13,0,FAM,JG071A.101,UNKNOWN,,20.252771,552,50,0.6102308191434923,0.49137553572654724,1000,100000,100000,3,5,5,-0.182578009
532,JG071A,254,FAM,#NAME?,FALSE,K14,0,FAM,JG071A.109,UNKNOWN,,16.094816,506,50,0.6923840240798038,0.5320212841033936,1000,100000,1000000,3,5,6,-0.051884395
534,JG071A,278,FAM,#NAME?,FALSE,L14,0,FAM,JG071A.109,UNKNOWN,,16.176579,554,50,0.6897598388963596,0.49898838996887207,1000,100000,1000000,3,5,6,-0.04973029
536,JG071A,255,FAM,#NAME?,FALSE,K15,0,FAM,JG071A.117,UNKNOWN,,8.87324,508,50,0.9115731709952917,0.6227262020111084,1000,100000,100000000,3,5,8,0.15819899649947744
538,JG071A,279,FAM,#NAME?,FALSE,L15,0,FAM,JG071A.117,UNKNOWN,,8.84892,556,50,0.8929846233389046,0.5744273662567139,1000,100000,100000000,3,5,8,0.15105473481596265
540,JG071A,256,FAM,#NAME?,FALSE,K16,0,FAM,JG071A.125,UNKNOWN,,34.737617,510,50,0.21213045804413125,0.19294191896915436,1000,1000000,100,3,6,2,-0.689938692
542,JG071A,280,FAM,#NAME?,FALSE,L16,0,FAM,JG071A.125,UNKNOWN,,35.697464,558,50,0.20009469712333874,0.16535121202468872,1000,1000000,100,3,6,2,-0.698126895
544,JG071A,257,FAM,#NAME?,FALSE,K17,0,FAM,JG071A.133,UNKNOWN,,24.429081,512,50,0.49342194773592396,0.4115900993347168,1000,1000000,10000,3,6,4,-0.35707231
546,JG071A,258,FAM,#NAME?,FALSE,K18,0,FAM,JG071A.141,UNKNOWN,,20.357424,514,50,0.5995979116306247,0.4712533950805664,1000,1000000,100000,3,6,5,-0.188535797
548,JG071A,282,FAM,#NAME?,FALSE,L18,0,FAM,JG071A.141,UNKNOWN,,20.17148,562,50,0.5963497742450976,0.4805753231048584,1000,1000000,100000,3,6,5,-0.196281862
550,JG071A,259,FAM,#NAME?,FALSE,K19,0,FAM,JG071A.149,UNKNOWN,,16.182144,516,50,0.6335649929502064,0.47647950053215027,1000,1000000,1000000,3,6,6,-0.098774717
552,JG071A,283,FAM,#NAME?,FALSE,L19,0,FAM,JG071A.149,UNKNOWN,,16.312574,564,50,0.6476077702889904,0.4707270860671997,1000,1000000,1000000,3,6,6,-0.081788901
554,JG071A,260,FAM,#NAME?,FALSE,K20,0,FAM,JG071A.157,UNKNOWN,,8.925886,518,50,0.7663021260725817,0.4963589012622833,1000,1000000,100000000,3,6,8,0.037587047419213815
556,JG071A,284,FAM,#NAME?,FALSE,L20,0,FAM,JG071A.157,UNKNOWN,,8.094035,566,50,0.7860198647297916,0.7028306722640991,1000,1000000,100000000,3,6,8,0.038860302
558,JG071A,261,FAM,#NAME?,FALSE,K21,0,FAM,JG071A.165,UNKNOWN,,inf,520,50,0.058726973,-0.022024306,1000,100000000,100,3,8,2,-0.757172497
560,JG071A,285,FAM,#NAME?,FALSE,L21,0,FAM,JG071A.165,UNKNOWN,,inf,568,50,0.032950414026478386,-0.011452408,1000,100000000,100,3,8,2,-0.778872227
562,JG071A,262,FAM,#NAME?,FALSE,K22,0,FAM,JG071A.173,UNKNOWN,,47.29237,522,50,0.3176154900965109,0.054029915,1000,100000000,10000,3,8,4,-0.504783787
564,JG071A,286,FAM,#NAME?,FALSE,L22,0,FAM,JG071A.173,UNKNOWN,,27.995537,570,50,0.30096889963292844,0.2700193524360657,1000,100000000,10000,3,8,4,-0.495769362
566,JG071A,263,FAM,#NAME?,FALSE,K23,0,FAM,JG071A.181,UNKNOWN,,21.364918,524,50,0.46056217382005904,0.4325272738933563,1000,100000000,100000,3,8,5,-0.335251711
568,JG071A,287,FAM,#NAME?,FALSE,L23,0,FAM,JG071A.181,UNKNOWN,,21.339901,572,50,0.4660198433290168,0.45725658535957336,1000,100000000,100000,3,8,5,-0.346823346
570,JG071A,264,FAM,#NAME?,FALSE,K24,0,FAM,JG071A.189,UNKNOWN,,16.728918,526,50,0.5805600955960428,0.46969106793403625,1000,100000000,1000000,3,8,6,-0.161922671
572,JG071A,288,FAM,#NAME?,FALSE,L24,0,FAM,JG071A.189,UNKNOWN,,17.223808,574,50,0.5118917113055147,0.5848410129547119,1000,100000000,1000000,3,8,6,-0.318510058
574,JG071A,289,FAM,#NAME?,FALSE,M1,0,FAM,JG071A.006,UNKNOWN,,32.761787,576,50,0.25880243552473975,0.3344417214393616,100,100,100,2,2,2,-0.638529964
576,JG071A,313,FAM,#NAME?,FALSE,N1,0,FAM,JG071A.006,UNKNOWN,,33.097427,624,50,0.290209417,0.29322248697280884,100,100,100,2,2,2,-0.603776686
578,JG071A,290,FAM,#NAME?,FALSE,M2,0,FAM,JG071A.014,UNKNOWN,,24.675205,578,50,0.5572812114738479,0.47210198640823364,100,100,10000,2,2,4,-0.260282065
580,JG071A,314,FAM,#NAME?,FALSE,N2,0,FAM,JG071A.014,UNKNOWN,,24.356344,626,50,0.563605547,0.48939451575279236,100,100,10000,2,2,4,-0.258926208
582,JG071A,291,FAM,#NAME?,FALSE,M3,0,FAM,JG071A.022,UNKNOWN,,20.383385,580,50,0.6815981423501154,0.5389901399612427,100,100,100000,2,2,5,-0.133991415
584,JG071A,315,FAM,#NAME?,FALSE,N3,0,FAM,JG071A.022,UNKNOWN,,20.52004,628,50,0.6627281505821496,0.5220354199409485,100,100,100000,2,2,5,-0.146533382
586,JG071A,292,FAM,#NAME?,FALSE,M4,0,FAM,JG071A.030,UNKNOWN,,16.059343,582,50,0.762193608,0.5905258059501648,100,100,1000000,2,2,6,-0.051678044
588,JG071A,316,FAM,#NAME?,FALSE,N4,0,FAM,JG071A.030,UNKNOWN,,16.057476,630,50,0.7604518980636383,0.5906376838684082,100,100,1000000,2,2,6,-0.028055537
590,JG071A,293,FAM,#NAME?,FALSE,M5,0,FAM,JG071A.038,UNKNOWN,,9.015067,584,50,0.9759158356072345,0.6361426711082458,100,100,100000000,2,2,8,0.16638888717519507
592,JG071A,317,FAM,#NAME?,FALSE,N5,0,FAM,JG071A.038,UNKNOWN,,8.982603,632,50,0.9954849715473437,0.6636420488357544,100,100,100000000,2,2,8,0.1876139247538725
594,JG071A,294,FAM,#NAME?,FALSE,M6,0,FAM,JG071A.046,UNKNOWN,,32.093277,586,50,0.33712210489112143,0.29932835698127747,100,10000,100,2,4,2,-0.566251602
596,JG071A,318,FAM,#NAME?,FALSE,N6,0,FAM,JG071A.046,UNKNOWN,,32.454773,634,50,0.31572087776808744,0.3046196401119232,100,10000,100,2,4,2,-0.626904759
598,JG071A,295,FAM,#NAME?,FALSE,M7,0,FAM,JG071A.054,UNKNOWN,,24.797297,588,50,0.5582463777155229,0.4437883794307709,100,10000,10000,2,4,4,-0.303047888
600,JG071A,319,FAM,#NAME?,FALSE,N7,0,FAM,JG071A.054,UNKNOWN,,24.390066,636,50,0.5649553988062865,0.4675866961479187,100,10000,10000,2,4,4,-0.280989148
602,JG071A,296,FAM,#NAME?,FALSE,M8,0,FAM,JG071A.062,UNKNOWN,,20.424406,590,50,0.6416359188933082,0.5025851726531982,100,10000,100000,2,4,5,-0.168956697
604,JG071A,320,FAM,#NAME?,FALSE,N8,0,FAM,JG071A.062,UNKNOWN,,21.82225,638,50,0.5763800806129777,0.33536526560783386,100,10000,100000,2,4,5,-0.239986077
606,JG071A,297,FAM,#NAME?,FALSE,M9,0,FAM,JG071A.070,UNKNOWN,,16.10441,592,50,0.7148049698462431,0.5390225052833557,100,10000,1000000,2,4,6,-0.044210331
608,JG071A,321,FAM,#NAME?,FALSE,N9,0,FAM,JG071A.070,UNKNOWN,,16.17627,640,50,0.7150930212295381,0.5372498631477356,100,10000,1000000,2,4,6,-0.036592998
610,JG071A,298,FAM,#NAME?,FALSE,M10,0,FAM,JG071A.078,UNKNOWN,,8.92837,594,50,0.9202189208781996,0.6239921450614929,100,10000,100000000,2,4,8,0.1747057679571632
612,JG071A,322,FAM,#NAME?,FALSE,N10,0,FAM,JG071A.078,UNKNOWN,,9.029795,642,50,0.927526148,0.58348918,100,10000,100000000,2,4,8,0.1773484032334972
614,JG071A,299,FAM,#NAME?,FALSE,M11,0,FAM,JG071A.086,UNKNOWN,,33.01725,596,50,0.2907210038021217,0.2683405578136444,100,100000,100,2,5,2,-0.592593187
616,JG071A,323,FAM,#NAME?,FALSE,N11,0,FAM,JG071A.086,UNKNOWN,,33.42301,644,50,0.29587499979719284,0.25790902972221375,100,100000,100,2,5,2,-0.580979279
618,JG071A,300,FAM,#NAME?,FALSE,M12,0,FAM,JG071A.094,UNKNOWN,,24.615662,598,50,0.5043397574123878,0.41491925716400146,100,100000,10000,2,5,4,-0.313609203
620,JG071A,324,FAM,#NAME?,FALSE,N12,0,FAM,JG071A.094,UNKNOWN,,24.49246,646,50,0.5292406462705133,0.42077872157096863,100,100000,10000,2,5,4,-0.278895109
622,JG071A,301,FAM,#NAME?,FALSE,M13,0,FAM,JG071A.102,UNKNOWN,,20.431463,600,50,0.6015523504338239,0.47290512919425964,100,100000,100000,2,5,5,-0.193548691
624,JG071A,325,FAM,#NAME?,FALSE,N13,0,FAM,JG071A.102,UNKNOWN,,20.600395,648,50,0.6011784284418489,0.45633774995803833,100,100000,100000,2,5,5,-0.206991072
626,JG071A,302,FAM,#NAME?,FALSE,M14,0,FAM,JG071A.110,UNKNOWN,,16.023981,602,50,0.6906058045625834,0.5361343622207642,100,100000,1000000,2,5,6,-0.046043642
628,JG071A,326,FAM,#NAME?,FALSE,N14,0,FAM,JG071A.110,UNKNOWN,,16.087093,650,50,0.6849049904992957,0.5206440687179565,100,100000,1000000,2,5,6,-0.051951694
630,JG071A,303,FAM,#NAME?,FALSE,M15,0,FAM,JG071A.118,UNKNOWN,,8.757821,604,50,0.9246874504930376,0.6339870095252991,100,100000,100000000,2,5,8,0.16324938186831106
632,JG071A,327,FAM,#NAME?,FALSE,N15,0,FAM,JG071A.118,UNKNOWN,,8.81739,652,50,0.8820854001483152,0.5908219218254089,100,100000,100000000,2,5,8,0.14464029675427625
634,JG071A,304,FAM,#NAME?,FALSE,M16,0,FAM,JG071A.126,UNKNOWN,,34.41932,606,50,0.23330431933446166,0.2126072645187378,100,1000000,100,2,6,2,-0.655454743
636,JG071A,328,FAM,#NAME?,FALSE,N16,0,FAM,JG071A.126,UNKNOWN,,34.665188,654,50,0.2416583074965013,0.2094544619321823,100,1000000,100,2,6,2,-0.643729859
638,JG071A,305,FAM,#NAME?,FALSE,M17,0,FAM,JG071A.134,UNKNOWN,,24.442276,608,50,0.503356427,0.420010507,100,1000000,10000,2,6,4,-0.342208897
640,JG071A,329,FAM,#NAME?,FALSE,N17,0,FAM,JG071A.134,UNKNOWN,,24.578636,656,50,0.49340764792962577,0.41792207956314087,100,1000000,10000,2,6,4,-0.349733907
642,JG071A,306,FAM,#NAME?,FALSE,M18,0,FAM,JG071A.142,UNKNOWN,,20.636663,610,50,0.589742261,0.454677939,100,1000000,100000,2,6,5,-0.208055571
644,JG071A,330,FAM,#NAME?,FALSE,N18,0,FAM,JG071A.142,UNKNOWN,,20.307302,658,50,0.5970899213447147,0.4679369628429413,100,1000000,100000,2,6,5,-0.194848874
646,JG071A,307,FAM,#NAME?,FALSE,M19,0,FAM,JG071A.150,UNKNOWN,,16.170206,612,50,0.6443865904850703,0.48602092266082764,100,1000000,1000000,2,6,6,-0.076411848
648,JG071A,331,FAM,#NAME?,FALSE,N19,0,FAM,JG071A.150,UNKNOWN,,16.196358,660,50,0.6345900987601822,0.48563694953918457,100,1000000,1000000,2,6,6,-0.094659829
650,JG071A,308,FAM,#NAME?,FALSE,M20,0,FAM,JG071A.158,UNKNOWN,,8.075928,614,50,0.7756172439074006,0.6943995952606201,100,1000000,100000000,2,6,8,0.042297903
652,JG071A,332,FAM,#NAME?,FALSE,N20,0,FAM,JG071A.158,UNKNOWN,,8.970724,662,50,0.776019585,0.48653003573417664,100,1000000,100000000,2,6,8,0.022806260105085907
654,JG071A,309,FAM,#NAME?,FALSE,M21,0,FAM,JG071A.166,UNKNOWN,,inf,616,50,0.053773233014910826,-0.015547493,100,100000000,100,2,8,2,-0.76725537
656,JG071A,333,FAM,#NAME?,FALSE,N21,0,FAM,JG071A.166,UNKNOWN,,inf,664,50,0.021950250514989854,-0.015474772,100,100000000,100,2,8,2,-0.794961949
658,JG071A,310,FAM,#NAME?,FALSE,M22,0,FAM,JG071A.174,UNKNOWN,,26.73855,618,50,0.3592954432587405,0.33154869079589844,100,100000000,10000,2,8,4,-0.446110736
660,JG071A,334,FAM,#NAME?,FALSE,N22,0,FAM,JG071A.174,UNKNOWN,,26.510239,666,50,0.3368640450407317,0.33134710788726807,100,100000000,10000,2,8,4,-0.474735238
662,JG071A,311,FAM,#NAME?,FALSE,M23,0,FAM,JG071A.182,UNKNOWN,,21.347918,620,50,0.45674978673932226,0.44609975814819336,100,100000000,100000,2,8,5,-0.32682398
664,JG071A,335,FAM,#NAME?,FALSE,N23,0,FAM,JG071A.182,UNKNOWN,,21.275444,668,50,0.47515543824199874,0.4415018856525421,100,100000000,100000,2,8,5,-0.307169656
666,JG071A,312,FAM,#NAME?,FALSE,M24,0,FAM,JG071A.190,UNKNOWN,,17.02359,622,50,0.5534904513549103,0.531335711,100,100000000,1000000,2,8,6,-0.230967151
668,JG071A,336,FAM,#NAME?,FALSE,N24,0,FAM,JG071A.190,UNKNOWN,,16.956148,670,50,0.5470565650619503,0.5394210815429688,100,100000000,1000000,2,8,6,-0.208911394
670,JG071A,337,FAM,#NAME?,FALSE,O1,0,FAM,JG071A.007,UNKNOWN,,33.21331,672,50,0.3076352888144819,0.33538010716438293,10,100,100,1,2,2,-0.544991087
672,JG071A,361,FAM,#NAME?,FALSE,P1,0,FAM,JG071A.007,UNKNOWN,,32.64506,720,50,0.3277902339904599,0.3285551071166992,10,100,100,1,2,2,-0.520203906
674,JG071A,338,FAM,#NAME?,FALSE,O2,0,FAM,JG071A.015,UNKNOWN,,24.441954,674,50,0.5994107418465908,0.5016101598739624,10,100,10000,1,2,4,-0.259669217
676,JG071A,362,FAM,#NAME?,FALSE,P2,0,FAM,JG071A.015,UNKNOWN,,24.753525,722,50,0.5556395023660449,0.48285555839538574,10,100,10000,1,2,4,-0.265516583
678,JG071A,339,FAM,#NAME?,FALSE,O3,0,FAM,JG071A.023,UNKNOWN,,20.777405,676,50,0.6424899968450821,0.5115465521812439,10,100,100000,1,2,5,-0.166422692
680,JG071A,363,FAM,#NAME?,FALSE,P3,0,FAM,JG071A.023,UNKNOWN,,20.446146,724,50,0.687334877,0.5463573932647705,10,100,100000,1,2,5,-0.137559821
682,JG071A,340,FAM,#NAME?,FALSE,O4,0,FAM,JG071A.031,UNKNOWN,,16.050453,678,50,0.7449534308919549,0.5832821130752563,10,100,1000000,1,2,6,-0.041959771
684,JG071A,364,FAM,#NAME?,FALSE,P4,0,FAM,JG071A.031,UNKNOWN,,16.105587,726,50,0.725305001,0.5715863108634949,10,100,1000000,1,2,6,-0.071615776
686,JG071A,341,FAM,#NAME?,FALSE,O5,0,FAM,JG071A.039,UNKNOWN,,8.963643,680,50,0.9888793984089107,0.6759452223777771,10,100,100000000,1,2,8,0.17817170329364607
688,JG071A,365,FAM,#NAME?,FALSE,P5,0,FAM,JG071A.039,UNKNOWN,,8.856805,728,50,0.9558331593686683,0.6651814579963684,10,100,100000000,1,2,8,0.18899208396368306
690,JG071A,342,FAM,#NAME?,FALSE,O6,0,FAM,JG071A.047,UNKNOWN,,32.292427,682,50,0.37728505848059657,0.3400053083896637,10,10000,100,1,4,2,-0.547286783
692,JG071A,366,FAM,#NAME?,FALSE,P6,0,FAM,JG071A.047,UNKNOWN,,32.964874,730,50,0.32232127470287186,0.3032319247722626,10,10000,100,1,4,2,-0.599329485
694,JG071A,343,FAM,#NAME?,FALSE,O7,0,FAM,JG071A.055,UNKNOWN,,24.563225,684,50,0.5616891229592345,0.4645959436893463,10,10000,10000,1,4,4,-0.292298599
696,JG071A,367,FAM,#NAME?,FALSE,P7,0,FAM,JG071A.055,UNKNOWN,,24.38202,732,50,0.5910329344482655,0.488977313,10,10000,10000,1,4,4,-0.277993673
698,JG071A,344,FAM,#NAME?,FALSE,O8,0,FAM,JG071A.063,UNKNOWN,,20.247486,686,50,0.6516454766446016,0.520201564,10,10000,100000,1,4,5,-0.163517475
700,JG071A,368,FAM,#NAME?,FALSE,P8,0,FAM,JG071A.063,UNKNOWN,,20.29846,734,50,0.6399101073505924,0.5096687078475952,10,10000,100000,1,4,5,-0.153472765
702,JG071A,345,FAM,#NAME?,FALSE,O9,0,FAM,JG071A.071,UNKNOWN,,16.142656,688,50,0.7012760220643554,0.5400456786155701,10,10000,1000000,1,4,6,-0.05531906
704,JG071A,369,FAM,#NAME?,FALSE,P9,0,FAM,JG071A.071,UNKNOWN,,16.15571,736,50,0.7003120802775771,0.5338543057441711,10,10000,1000000,1,4,6,-0.046717417
706,JG071A,346,FAM,#NAME?,FALSE,O10,0,FAM,JG071A.079,UNKNOWN,,8.968562,690,50,0.9194285145810547,0.6124538779258728,10,10000,100000000,1,4,8,0.18532993455337576
708,JG071A,370,FAM,#NAME?,FALSE,P10,0,FAM,JG071A.079,UNKNOWN,,9.0189085,738,50,0.9306297605550393,0.6154968738555908,10,10000,100000000,1,4,8,0.1819041909330814
710,JG071A,347,FAM,#NAME?,FALSE,O11,0,FAM,JG071A.087,UNKNOWN,,33.33333,692,50,0.3062908721358994,0.27838385105133057,10,100000,100,1,5,2,-0.587186305
712,JG071A,371,FAM,#NAME?,FALSE,P11,0,FAM,JG071A.087,UNKNOWN,,33.506878,740,50,0.3011424981939508,0.2767937183380127,10,100000,100,1,5,2,-0.551372785
714,JG071A,348,FAM,#NAME?,FALSE,O12,0,FAM,JG071A.095,UNKNOWN,,24.325745,694,50,0.5358760500010659,0.43965885043144226,10,100000,10000,1,5,4,-0.266259267
716,JG071A,372,FAM,#NAME?,FALSE,P12,0,FAM,JG071A.095,UNKNOWN,,24.44352,742,50,0.5180028254155374,0.4344754219055176,10,100000,10000,1,5,4,-0.259332079
718,JG071A,349,FAM,#NAME?,FALSE,O13,0,FAM,JG071A.103,UNKNOWN,,20.189554,696,50,0.6327186118827653,0.5123581886291504,10,100000,100000,1,5,5,-0.172357467
720,JG071A,373,FAM,#NAME?,FALSE,P13,0,FAM,JG071A.103,UNKNOWN,,20.476,744,50,0.598850894,0.47148147225379944,10,100000,100000,1,5,5,-0.173136307
722,JG071A,350,FAM,#NAME?,FALSE,O14,0,FAM,JG071A.111,UNKNOWN,,16.216972,698,50,0.6599480203019754,0.4851498603820801,10,100000,1000000,1,5,6,-0.097994768
724,JG071A,374,FAM,#NAME?,FALSE,P14,0,FAM,JG071A.111,UNKNOWN,,16.113766,746,50,0.6589875278677126,0.5209274888038635,10,100000,1000000,1,5,6,-0.098889227
726,JG071A,351,FAM,#NAME?,FALSE,O15,0,FAM,JG071A.119,UNKNOWN,,8.137035,700,50,0.86942015,0.7740532755851746,10,100000,100000000,1,5,8,0.11805422482811045
728,JG071A,375,FAM,#NAME?,FALSE,P15,0,FAM,JG071A.119,UNKNOWN,,8.850268,748,50,0.9122982505575652,0.600806713,10,100000,100000000,1,5,8,0.12404809524752025
730,JG071A,352,FAM,#NAME?,FALSE,O16,0,FAM,JG071A.127,UNKNOWN,,35.280697,702,50,0.22057955786077665,0.21816563606262207,10,1000000,100,1,6,2,-0.664869019
732,JG071A,376,FAM,#NAME?,FALSE,P16,0,FAM,JG071A.127,UNKNOWN,,35.077316,750,50,0.22003871417551085,0.21938057243824005,10,1000000,100,1,6,2,-0.683803111
734,JG071A,353,FAM,#NAME?,FALSE,O17,0,FAM,JG071A.135,UNKNOWN,,24.5575,704,50,0.4918958354348974,0.42443257570266724,10,1000000,10000,1,6,4,-0.342514971
736,JG071A,377,FAM,#NAME?,FALSE,P17,0,FAM,JG071A.135,UNKNOWN,,24.624567,752,50,0.4903973310032471,0.42898446321487427,10,1000000,10000,1,6,4,-0.371487832
738,JG071A,354,FAM,#NAME?,FALSE,O18,0,FAM,JG071A.143,UNKNOWN,,20.583529,706,50,0.5730781629065165,0.4510365426540375,10,1000000,100000,1,6,5,-0.208047468
740,JG071A,378,FAM,#NAME?,FALSE,P18,0,FAM,JG071A.143,UNKNOWN,,20.52237,754,50,0.5799960851371363,0.47034749388694763,10,1000000,100000,1,6,5,-0.220146171
742,JG071A,355,FAM,#NAME?,FALSE,O19,0,FAM,JG071A.151,UNKNOWN,,16.186705,708,50,0.6282838994068066,0.4783547520637512,10,1000000,1000000,1,6,6,-0.097390009
744,JG071A,379,FAM,#NAME?,FALSE,P19,0,FAM,JG071A.151,UNKNOWN,,16.232338,756,50,0.6376056419123456,0.48552459478378296,10,1000000,1000000,1,6,6,-0.114879399
746,JG071A,356,FAM,#NAME?,FALSE,O20,0,FAM,JG071A.159,UNKNOWN,,8.086709,710,50,0.7721544919841246,0.6914582848548889,10,1000000,100000000,1,6,8,0.051414759
748,JG071A,380,FAM,#NAME?,FALSE,P20,0,FAM,JG071A.159,UNKNOWN,,8.161158,758,50,0.7982801576205338,0.7127617001533508,10,1000000,100000000,1,6,8,0.034261722
750,JG071A,357,FAM,#NAME?,FALSE,O21,0,FAM,JG071A.167,UNKNOWN,,inf,712,50,0.013343116,-0.014278055,10,100000000,100,1,8,2,-0.818900309
752,JG071A,381,FAM,#NAME?,FALSE,P21,0,FAM,JG071A.167,UNKNOWN,,inf,760,50,0.012750472851640491,-0.005214559,10,100000000,100,1,8,2,-0.832559845
754,JG071A,358,FAM,#NAME?,FALSE,O22,0,FAM,JG071A.175,UNKNOWN,,26.293226,714,50,0.34802615848015767,0.3433719575405121,10,100000000,10000,1,8,4,-0.47894052
756,JG071A,382,FAM,#NAME?,FALSE,P22,0,FAM,JG071A.175,UNKNOWN,,27.34428,762,50,0.34705808877971345,0.3461269438266754,10,100000000,10000,1,8,4,-0.511147647
758,JG071A,359,FAM,#NAME?,FALSE,O23,0,FAM,JG071A.183,UNKNOWN,,21.194172,716,50,0.4340225902315494,0.4987592399120331,10,100000000,100000,1,8,5,-0.355268629
760,JG071A,383,FAM,#NAME?,FALSE,P23,0,FAM,JG071A.183,UNKNOWN,,21.31889,764,50,0.459422689,0.4924408793449402,10,100000000,100000,1,8,5,-0.370525059
762,JG071A,360,FAM,#NAME?,FALSE,O24,0,FAM,JG071A.191,UNKNOWN,,16.792763,718,50,0.5711716844574598,0.5102370977401733,10,100000000,1000000,1,8,6,-0.216657968
764,JG071A,384,FAM,#NAME?,FALSE,P24,0,FAM,JG071A.191,UNKNOWN,,16.952078,766,50,0.5430604901728273,0.5202006697654724,10,100000000,1000000,1,8,6,-0.19801687