,Experiment,Well,Target,lg10_Copies,Outlier,WellPosition,Copies,Reporter,Task,Comments,CT,Reaction,WT_lg10_Copies,SNV_lg10_Copies,Blocker μM,WellName,Sample,Blocker,Cycle,Fluorescence,Corr_Fluorescence,SignalDifference
0,JG075F,1,FAM,#NAME?,FALSE,A1,0,FAM,UNKNOWN,,28.998768,0,1,-2,0,A1,JG075F_001,L-MMMMx,50,-0.817090181,0.5361329913139343,-0.276139306
2,JG075F,2,FAM,#NAME?,FALSE,A2,0,FAM,UNKNOWN,,28.94876,2,1,1,0,A2,JG075F_002,L-MMMMx,50,-0.796138944,0.5272485613822937,-0.248892023
4,JG075F,3,FAM,#NAME?,FALSE,A3,0,FAM,UNKNOWN,,28.855942,4,1,2,0,A3,JG075F_003,L-MMMMx,50,-0.75856817,0.5042809247970581,-0.187073098
6,JG075F,4,FAM,#NAME?,FALSE,A4,0,FAM,UNKNOWN,,28.817017,6,1,3,0,A4,JG075F_004,L-MMMMx,50,-0.587690407,0.40364956855773926,0.04319232
8,JG075F,5,FAM,#NAME?,FALSE,A5,0,FAM,UNKNOWN,,28.955921,8,1,4,0,A5,JG075F_005,L-MMMMx,50,-0.44199678,0.29534295201301575,0.26658504319290305
10,JG075F,6,FAM,#NAME?,FALSE,A6,0,FAM,UNKNOWN,,29.67391,10,1,5,0,A6,JG075F_006,L-MMMMx,50,-0.270970217,0.17062294483184814,0.5017722450564233
12,JG075F,7,FAM,#NAME?,FALSE,A7,0,FAM,UNKNOWN,,inf,12,1,6,0,A7,JG075F_007,L-MMMMx,50,-0.107767319,0.00226261,0.736923531
14,JG075F,8,FAM,#NAME?,FALSE,A8,0,FAM,UNKNOWN,,inf,14,1,7,0,A8,JG075F_008,L-MMMMx,50,0.019215123,-0.005303513,0.9062500416698035
16,JG075F,9,FAM,#NAME?,FALSE,A9,0,FAM,UNKNOWN,,28.981903,16,1,-2,0.1,A9,JG075F_009,L-MMMMx,50,-0.845716595,0.5551077723503113,-0.284912797
18,JG075F,10,FAM,#NAME?,FALSE,A10,0,FAM,UNKNOWN,,28.71695,18,1,1,0.1,A10,JG075F_010,L-MMMMx,50,-0.854458202,0.5549580454826355,-0.311463295
20,JG075F,11,FAM,#NAME?,FALSE,A11,0,FAM,UNKNOWN,,29.05385,20,1,2,0.1,A11,JG075F_011,L-MMMMx,50,-0.750114197,0.49443280696868896,-0.164149487
22,JG075F,12,FAM,#NAME?,FALSE,A12,0,FAM,UNKNOWN,,29.25972,22,1,3,0.1,A12,JG075F_012,L-MMMMx,50,-0.614601245,0.38729479908943176,0.042546486
24,JG075F,13,FAM,#NAME?,FALSE,A13,0,FAM,UNKNOWN,,29.09834,24,1,4,0.1,A13,JG075F_013,L-MMMMx,50,-0.458830753,0.2838056683540344,0.25879850511287184
26,JG075F,14,FAM,#NAME?,FALSE,A14,0,FAM,UNKNOWN,,29.987448,26,1,5,0.1,A14,JG075F_014,L-MMMMx,50,-0.285067319,0.17107626795768738,0.5118962454070342
28,JG075F,15,FAM,#NAME?,FALSE,A15,0,FAM,UNKNOWN,,inf,28,1,6,0.1,A15,JG075F_015,L-MMMMx,50,-0.136472674,0.003900982,0.7256427621051688
30,JG075F,16,FAM,#NAME?,FALSE,A16,0,FAM,UNKNOWN,,inf,30,1,7,0.1,A16,JG075F_016,L-MMMMx,50,-0.012336883,-0.001310756,0.8638805757204209
32,JG075F,17,FAM,#NAME?,FALSE,A17,0,FAM,UNKNOWN,,28.937487,32,1,-2,0.3162277660168379,A17,JG075F_017,L-MMMMx,50,-0.869609055,0.5669455528259277,-0.328834771
34,JG075F,18,FAM,#NAME?,FALSE,A18,0,FAM,UNKNOWN,,29.0453,34,1,1,0.3162277660168379,A18,JG075F_018,L-MMMMx,50,-0.828546046,0.5391237735748291,-0.2754811
36,JG075F,19,FAM,#NAME?,FALSE,A19,0,FAM,UNKNOWN,,28.97384,36,1,2,0.3162277660168379,A19,JG075F_019,L-MMMMx,50,-0.762696904,0.4911033511161804,-0.176063667
38,JG075F,20,FAM,#NAME?,FALSE,A20,0,FAM,UNKNOWN,,28.793407,38,1,3,0.3162277660168379,A20,JG075F_020,L-MMMMx,50,-0.614160929,0.4034348726272583,0.029063739002583633
40,JG075F,21,FAM,#NAME?,FALSE,A21,0,FAM,UNKNOWN,,28.961084,40,1,4,0.3162277660168379,A21,JG075F_021,L-MMMMx,50,-0.448394407,0.29448428750038147,0.26898084832878427
42,JG075F,22,FAM,#NAME?,FALSE,A22,0,FAM,UNKNOWN,,30.126959,42,1,5,0.3162277660168379,A22,JG075F_022,L-MMMMx,50,-0.25923744,0.16408130526542664,0.506577092
44,JG075F,23,FAM,#NAME?,FALSE,A23,0,FAM,UNKNOWN,,inf,44,1,6,0.3162277660168379,A23,JG075F_023,L-MMMMx,50,-0.139225428,0.004260933,0.7002378711547929
46,JG075F,24,FAM,#NAME?,FALSE,A24,0,FAM,UNKNOWN,,inf,46,1,7,0.3162277660168379,A24,JG075F_024,L-MMMMx,50,-0.000709198,-0.00346887,0.8688079108402834
48,JG075F,25,FAM,#NAME?,FALSE,B1,0,FAM,UNKNOWN,,29.046516,48,2,-2,0,B1,JG075F_025,L-MMMMx,50,-0.707794907,0.4608570635318756,-0.118812893
50,JG075F,26,FAM,#NAME?,FALSE,B2,0,FAM,UNKNOWN,,28.373947,50,2,1,0,B2,JG075F_026,L-MMMMx,50,-0.738758019,0.4896934926509857,-0.160510218
52,JG075F,27,FAM,#NAME?,FALSE,B3,0,FAM,UNKNOWN,,29.1019,52,2,2,0,B3,JG075F_027,L-MMMMx,50,-0.665194048,0.44830143451690674,-0.054062076
54,JG075F,28,FAM,#NAME?,FALSE,B4,0,FAM,UNKNOWN,,29.16596,54,2,3,0,B4,JG075F_028,L-MMMMx,50,-0.587288101,0.3666285574436188,0.095039042
56,JG075F,29,FAM,#NAME?,FALSE,B5,0,FAM,UNKNOWN,,29.13736,56,2,4,0,B5,JG075F_029,L-MMMMx,50,-0.447818266,0.2795747220516205,0.3016507200653298
58,JG075F,30,FAM,#NAME?,FALSE,B6,0,FAM,UNKNOWN,,29.778948,58,2,5,0,B6,JG075F_030,L-MMMMx,50,-0.274333942,0.17633873224258423,0.5499262377338002
60,JG075F,31,FAM,#NAME?,FALSE,B7,0,FAM,UNKNOWN,,inf,60,2,6,0,B7,JG075F_031,L-MMMMx,50,-0.120622774,0.004435379,0.7277617209679773
62,JG075F,32,FAM,#NAME?,FALSE,B8,0,FAM,UNKNOWN,,inf,62,2,7,0,B8,JG075F_032,L-MMMMx,50,-0.008033062,-0.001139909,0.866614053
64,JG075F,33,FAM,#NAME?,FALSE,B9,0,FAM,UNKNOWN,,28.874723,64,2,-2,0.1,B9,JG075F_033,L-MMMMx,50,-0.780122515,0.5104594826698303,-0.197408408
66,JG075F,34,FAM,#NAME?,FALSE,B10,0,FAM,UNKNOWN,,29.290007,66,2,1,0.1,B10,JG075F_034,L-MMMMx,50,-0.739445667,0.48092231154441833,-0.141926135
68,JG075F,35,FAM,#NAME?,FALSE,B11,0,FAM,UNKNOWN,,28.96427,68,2,2,0.1,B11,JG075F_035,L-MMMMx,50,-0.737972486,0.47460824251174927,-0.141040386
70,JG075F,36,FAM,#NAME?,FALSE,B12,0,FAM,UNKNOWN,,29.122551,70,2,3,0.1,B12,JG075F_036,L-MMMMx,50,-0.611997681,0.3900352418422699,0.048794076
72,JG075F,37,FAM,#NAME?,FALSE,B13,0,FAM,UNKNOWN,,29.229486,72,2,4,0.1,B13,JG075F_037,L-MMMMx,50,-0.454407057,0.277616411,0.2705790288232639
74,JG075F,38,FAM,#NAME?,FALSE,B14,0,FAM,UNKNOWN,,30.112183,74,2,5,0.1,B14,JG075F_038,L-MMMMx,50,-0.302262622,0.16518035531044006,0.49049696072485555
76,JG075F,39,FAM,#NAME?,FALSE,B15,0,FAM,UNKNOWN,,inf,76,2,6,0.1,B15,JG075F_039,L-MMMMx,50,-0.129578776,0.002597637,0.757234333
78,JG075F,40,FAM,#NAME?,FALSE,B16,0,FAM,UNKNOWN,,inf,78,2,7,0.1,B16,JG075F_040,L-MMMMx,50,-0.039145067,-0.002484303,0.8632298784204989
80,JG075F,41,FAM,#NAME?,FALSE,B17,0,FAM,UNKNOWN,,29.238516,80,2,-2,0.3162277660168379,B17,JG075F_041,L-MMMMx,50,-0.813561302,0.5319311618804932,-0.245493737
82,JG075F,42,FAM,#NAME?,FALSE,B18,0,FAM,UNKNOWN,,29.07608,82,2,1,0.3162277660168379,B18,JG075F_042,L-MMMMx,50,-0.793560682,0.5139594078063965,-0.214198591
84,JG075F,43,FAM,#NAME?,FALSE,B19,0,FAM,UNKNOWN,,28.996922,84,2,2,0.3162277660168379,B19,JG075F_043,L-MMMMx,50,-0.742580011,0.48722100257873535,-0.15768901
86,JG075F,44,FAM,#NAME?,FALSE,B20,0,FAM,UNKNOWN,,28.954283,86,2,3,0.3162277660168379,B20,JG075F_044,L-MMMMx,50,-0.649615402,0.40878334641456604,-0.016261289
88,JG075F,45,FAM,#NAME?,FALSE,B21,0,FAM,UNKNOWN,,29.053463,88,2,4,0.3162277660168379,B21,JG075F_045,L-MMMMx,50,-0.452219617,0.28789904713630676,0.25470408437699055
90,JG075F,46,FAM,#NAME?,FALSE,B22,0,FAM,UNKNOWN,,30.232214,90,2,5,0.3162277660168379,B22,JG075F_046,L-MMMMx,50,-0.270050815,0.16879917681217194,0.5407087849347527
92,JG075F,47,FAM,#NAME?,FALSE,B23,0,FAM,UNKNOWN,,inf,92,2,6,0.3162277660168379,B23,JG075F_047,L-MMMMx,50,-0.123863561,0.003729715,0.6866971613645992
94,JG075F,48,FAM,#NAME?,FALSE,B24,0,FAM,UNKNOWN,,inf,94,2,7,0.3162277660168379,B24,JG075F_048,L-MMMMx,50,0.005445878,-0.0022051,0.8707165152329213
96,JG075F,49,FAM,#NAME?,FALSE,C1,0,FAM,UNKNOWN,,28.83817,96,3,-2,0,C1,JG075F_049,L-MMMMx,50,-0.604387075,0.4016704857349396,0.021397939
98,JG075F,50,FAM,#NAME?,FALSE,C2,0,FAM,UNKNOWN,,28.97338,98,3,1,0,C2,JG075F_050,L-MMMMx,50,-0.602691974,0.3952983617782593,0.008805692
100,JG075F,51,FAM,#NAME?,FALSE,C3,0,FAM,UNKNOWN,,29.11783,100,3,2,0,C3,JG075F_051,L-MMMMx,50,-0.558650759,0.37195900082588196,0.094369248
102,JG075F,52,FAM,#NAME?,FALSE,C4,0,FAM,UNKNOWN,,29.079823,102,3,3,0,C4,JG075F_052,L-MMMMx,50,-0.559672741,0.3481135070323944,0.10563183575322699
104,JG075F,53,FAM,#NAME?,FALSE,C5,0,FAM,UNKNOWN,,28.84229,104,3,4,0,C5,JG075F_053,L-MMMMx,50,-0.456282062,0.29552945494651794,0.2563537861241945
106,JG075F,54,FAM,#NAME?,FALSE,C6,0,FAM,UNKNOWN,,29.707119,106,3,5,0,C6,JG075F_054,L-MMMMx,50,-0.298687988,0.17267103493213654,0.5232817923052223
108,JG075F,55,FAM,#NAME?,FALSE,C7,0,FAM,UNKNOWN,,inf,108,3,6,0,C7,JG075F_055,L-MMMMx,50,-0.120279683,0.002953894,0.7744680165777087
110,JG075F,56,FAM,#NAME?,FALSE,C8,0,FAM,UNKNOWN,,inf,110,3,7,0,C8,JG075F_056,L-MMMMx,50,-0.012795145,-0.002912291,0.9040088069029671
112,JG075F,57,FAM,#NAME?,FALSE,C9,0,FAM,UNKNOWN,,28.894426,112,3,-2,0.1,C9,JG075F_057,L-MMMMx,50,-0.667342738,0.43620413541793823,0.003290415
114,JG075F,58,FAM,#NAME?,FALSE,C10,0,FAM,UNKNOWN,,28.876614,114,3,1,0.1,C10,JG075F_058,L-MMMMx,50,-0.654417153,0.42341136932373047,-0.016091067
116,JG075F,59,FAM,#NAME?,FALSE,C11,0,FAM,UNKNOWN,,29.004,116,3,2,0.1,C11,JG075F_059,L-MMMMx,50,-0.642964998,0.41589099168777466,0.006053263
118,JG075F,60,FAM,#NAME?,FALSE,C12,0,FAM,UNKNOWN,,29.17295,118,3,3,0.1,C12,JG075F_060,L-MMMMx,50,-0.567428409,0.3549628257751465,0.11908716417607512
120,JG075F,61,FAM,#NAME?,FALSE,C13,0,FAM,UNKNOWN,,28.914425,120,3,4,0.1,C13,JG075F_061,L-MMMMx,50,-0.467975994,0.2905091941356659,0.24993373285543724
122,JG075F,62,FAM,#NAME?,FALSE,C14,0,FAM,UNKNOWN,,30.241148,122,3,5,0.1,C14,JG075F_062,L-MMMMx,50,-0.27581351,0.1644689440727234,0.5355384279954426
124,JG075F,63,FAM,#NAME?,FALSE,C15,0,FAM,UNKNOWN,,inf,124,3,6,0.1,C15,JG075F_063,L-MMMMx,50,-0.128806971,0.00372277,0.749775069
126,JG075F,64,FAM,#NAME?,FALSE,C16,0,FAM,UNKNOWN,,inf,126,3,7,0.1,C16,JG075F_064,L-MMMMx,50,-0.036783857,-0.002623935,0.879491783
128,JG075F,65,FAM,#NAME?,FALSE,C17,0,FAM,UNKNOWN,,28.902046,128,3,-2,0.3162277660168379,C17,JG075F_065,L-MMMMx,50,-0.768574804,0.4898345470428467,-0.156645065
130,JG075F,66,FAM,#NAME?,FALSE,C18,0,FAM,UNKNOWN,,28.88355,130,3,1,0.3162277660168379,C18,JG075F_066,L-MMMMx,50,-0.774675278,0.49502813816070557,-0.162268772
132,JG075F,67,FAM,#NAME?,FALSE,C19,0,FAM,UNKNOWN,,29.036505,132,3,2,0.3162277660168379,C19,JG075F_067,L-MMMMx,50,-0.699585748,0.44409462809562683,-0.085300554
134,JG075F,68,FAM,#NAME?,FALSE,C20,0,FAM,UNKNOWN,,29.115742,134,3,3,0.3162277660168379,C20,JG075F_068,L-MMMMx,50,-0.599143382,0.38091763854026794,0.049104787086741375
136,JG075F,69,FAM,#NAME?,FALSE,C21,0,FAM,UNKNOWN,,29.428095,136,3,4,0.3162277660168379,C21,JG075F_069,L-MMMMx,50,-0.427163566,0.2632898986339569,0.24891398104538343
138,JG075F,70,FAM,#NAME?,FALSE,C22,0,FAM,UNKNOWN,,29.857986,138,3,5,0.3162277660168379,C22,JG075F_070,L-MMMMx,50,-0.279637582,0.1765718162059784,0.49736158548320686
140,JG075F,71,FAM,#NAME?,FALSE,C23,0,FAM,UNKNOWN,,inf,140,3,6,0.3162277660168379,C23,JG075F_071,L-MMMMx,50,-0.115618155,0.005435098,0.7246026615788106
142,JG075F,72,FAM,#NAME?,FALSE,C24,0,FAM,UNKNOWN,,inf,142,3,7,0.3162277660168379,C24,JG075F_072,L-MMMMx,50,-0.009945702,-0.000765342,0.8679013245482152
144,JG075F,73,FAM,#NAME?,FALSE,D1,0,FAM,UNKNOWN,,28.98435,144,4,-2,0,D1,JG075F_073,L-MMMMx,50,-0.399964921,0.2526389956474304,0.2988073774860674
146,JG075F,74,FAM,#NAME?,FALSE,D2,0,FAM,UNKNOWN,,29.167665,146,4,1,0,D2,JG075F_074,L-MMMMx,50,-0.411280689,0.26520177721977234,0.27586014491012384
148,JG075F,75,FAM,#NAME?,FALSE,D3,0,FAM,UNKNOWN,,29.209345,148,4,2,0,D3,JG075F_075,L-MMMMx,50,-0.336863463,0.22074377536773682,0.4222207973787296
150,JG075F,76,FAM,#NAME?,FALSE,D4,0,FAM,UNKNOWN,,29.14565,150,4,3,0,D4,JG075F_076,L-MMMMx,50,-0.410992044,0.25725606083869934,0.3338326323490667
152,JG075F,77,FAM,#NAME?,FALSE,D5,0,FAM,UNKNOWN,,29.44077,152,4,4,0,D5,JG075F_077,L-MMMMx,50,-0.367306035,0.22613511979579926,0.3766695688267725
154,JG075F,78,FAM,#NAME?,FALSE,D6,0,FAM,UNKNOWN,,29.934456,154,4,5,0,D6,JG075F_078,L-MMMMx,50,-0.269025162,0.16131702065467834,0.5256275833187777
156,JG075F,79,FAM,#NAME?,FALSE,D7,0,FAM,UNKNOWN,,inf,156,4,6,0,D7,JG075F_079,L-MMMMx,50,-0.117650906,0.003798256,0.7184022325814632
158,JG075F,80,FAM,#NAME?,FALSE,D8,0,FAM,UNKNOWN,,inf,158,4,7,0,D8,JG075F_080,L-MMMMx,50,-0.022058047,-0.003136889,0.702032756
160,JG075F,81,FAM,#NAME?,FALSE,D9,0,FAM,UNKNOWN,,29.154995,160,4,-2,0.1,D9,JG075F_081,L-MMMMx,50,-0.455829455,0.289844811,0.28594777549979966
162,JG075F,82,FAM,#NAME?,FALSE,D10,0,FAM,UNKNOWN,,28.88681,162,4,1,0.1,D10,JG075F_082,L-MMMMx,50,-0.493745849,0.3051392138004303,0.25190879557592316
164,JG075F,83,FAM,#NAME?,FALSE,D11,0,FAM,UNKNOWN,,28.882933,164,4,2,0.1,D11,JG075F_083,L-MMMMx,50,-0.476905558,0.3045072853565216,0.2475808771918691
166,JG075F,84,FAM,#NAME?,FALSE,D12,0,FAM,UNKNOWN,,29.205635,166,4,3,0.1,D12,JG075F_084,L-MMMMx,50,-0.460340388,0.28743118047714233,0.27677247270933053
168,JG075F,85,FAM,#NAME?,FALSE,D13,0,FAM,UNKNOWN,,29.213917,168,4,4,0.1,D13,JG075F_085,L-MMMMx,50,-0.413951038,0.25260165333747864,0.339646576
170,JG075F,86,FAM,#NAME?,FALSE,D14,0,FAM,UNKNOWN,,30.201317,170,4,5,0.1,D14,JG075F_086,L-MMMMx,50,-0.275757188,0.16479845345020294,0.5336182012867176
172,JG075F,87,FAM,#NAME?,FALSE,D15,0,FAM,UNKNOWN,,inf,172,4,6,0.1,D15,JG075F_087,L-MMMMx,50,-0.125036555,0.002691454,0.7713318867633836
174,JG075F,88,FAM,#NAME?,FALSE,D16,0,FAM,UNKNOWN,,inf,174,4,7,0.1,D16,JG075F_088,L-MMMMx,50,-0.033306655,-0.001884476,0.87181006
176,JG075F,89,FAM,#NAME?,FALSE,D17,0,FAM,UNKNOWN,,28.99244,176,4,-2,0.3162277660168379,D17,JG075F_089,L-MMMMx,50,-0.576664233,0.35460299253463745,0.13452116918618096
178,JG075F,90,FAM,#NAME?,FALSE,D18,0,FAM,UNKNOWN,,28.967373,178,4,1,0.3162277660168379,D18,JG075F_090,L-MMMMx,50,-0.59060507,0.371782124,0.10275886090017039
180,JG075F,91,FAM,#NAME?,FALSE,D19,0,FAM,UNKNOWN,,28.954676,180,4,2,0.3162277660168379,D19,JG075F_091,L-MMMMx,50,-0.577232699,0.36194077134132385,0.088363474
182,JG075F,92,FAM,#NAME?,FALSE,D20,0,FAM,UNKNOWN,,29.162556,182,4,3,0.3162277660168379,D20,JG075F_092,L-MMMMx,50,-0.553081817,0.3441261649131775,0.11548560389717855
184,JG075F,93,FAM,#NAME?,FALSE,D21,0,FAM,UNKNOWN,,29.135273,184,4,4,0.3162277660168379,D21,JG075F_093,L-MMMMx,50,-0.446869568,0.26411905884742737,0.2699086243401032
186,JG075F,94,FAM,#NAME?,FALSE,D22,0,FAM,UNKNOWN,,29.90333,186,4,5,0.3162277660168379,D22,JG075F_094,L-MMMMx,50,-0.272700954,0.16288667917251587,0.5367859478484729
188,JG075F,95,FAM,#NAME?,FALSE,D23,0,FAM,UNKNOWN,,inf,188,4,6,0.3162277660168379,D23,JG075F_095,L-MMMMx,50,-0.1400911,0.003197891,0.6845408198362282
190,JG075F,96,FAM,#NAME?,FALSE,D24,0,FAM,UNKNOWN,,inf,190,4,7,0.3162277660168379,D24,JG075F_096,L-MMMMx,50,-0.004200066,-0.002533986,0.8739087571952975
192,JG075F,97,FAM,#NAME?,FALSE,E1,0,FAM,UNKNOWN,,29.66749,192,5,-2,0,E1,JG075F_097,L-MMMMx,50,-0.261921486,0.1743398904800415,0.4940429544397505
194,JG075F,98,FAM,#NAME?,FALSE,E2,0,FAM,UNKNOWN,,30.24132,194,5,1,0,E2,JG075F_098,L-MMMMx,50,-0.223425167,0.13745197653770447,0.5575916656235083
196,JG075F,99,FAM,#NAME?,FALSE,E3,0,FAM,UNKNOWN,,30.268497,196,5,2,0,E3,JG075F_099,L-MMMMx,50,-0.230325615,0.1396530270576477,0.5479083505665983
198,JG075F,100,FAM,#NAME?,FALSE,E4,0,FAM,UNKNOWN,,29.889912,198,5,3,0,E4,JG075F_100,L-MMMMx,50,-0.262643053,0.15568344295024872,0.5274673268623896
200,JG075F,101,FAM,#NAME?,FALSE,E5,0,FAM,UNKNOWN,,30.416582,200,5,4,0,E5,JG075F_101,L-MMMMx,50,-0.232609844,0.13909085094928741,0.5817019994267315
202,JG075F,102,FAM,#NAME?,FALSE,E6,0,FAM,UNKNOWN,,31.028664,202,5,5,0,E6,JG075F_102,L-MMMMx,50,-0.21616989,0.12033878266811371,0.6051214800597059
204,JG075F,103,FAM,#NAME?,FALSE,E7,0,FAM,UNKNOWN,,inf,204,5,6,0,E7,JG075F_103,L-MMMMx,50,-0.113326847,0.001828316,0.7637873476127554
206,JG075F,104,FAM,#NAME?,FALSE,E8,0,FAM,UNKNOWN,,inf,206,5,7,0,E8,JG075F_104,L-MMMMx,50,-0.014294652,-0.00281942,0.9057954557579616
208,JG075F,105,FAM,#NAME?,FALSE,E9,0,FAM,UNKNOWN,,29.835323,208,5,-2,0.1,E9,JG075F_105,L-MMMMx,50,-0.306724361,0.1810840368270874,0.5108271306826274
210,JG075F,106,FAM,#NAME?,FALSE,E10,0,FAM,UNKNOWN,,29.66309,210,5,1,0.1,E10,JG075F_106,L-MMMMx,50,-0.305076002,0.17686495184898376,0.5180051321313277
212,JG075F,107,FAM,#NAME?,FALSE,E11,0,FAM,UNKNOWN,,29.871376,212,5,2,0.1,E11,JG075F_107,L-MMMMx,50,-0.289939486,0.17650899291038513,0.52622344
214,JG075F,108,FAM,#NAME?,FALSE,E12,0,FAM,UNKNOWN,,30.07121,214,5,3,0.1,E12,JG075F_108,L-MMMMx,50,-0.28758025,0.16958263516426086,0.5217966756580772
216,JG075F,109,FAM,#NAME?,FALSE,E13,0,FAM,UNKNOWN,,29.863232,216,5,4,0.1,E13,JG075F_109,L-MMMMx,50,-0.293633835,0.17491942644119263,0.5156742846961373
218,JG075F,110,FAM,#NAME?,FALSE,E14,0,FAM,UNKNOWN,,30.649427,218,5,5,0.1,E14,JG075F_110,L-MMMMx,50,-0.239259496,0.13626497983932495,0.5979191024439403
220,JG075F,111,FAM,#NAME?,FALSE,E15,0,FAM,UNKNOWN,,inf,220,5,6,0.1,E15,JG075F_111,L-MMMMx,50,-0.138900445,0.002896237,0.7251784077629898
222,JG075F,112,FAM,#NAME?,FALSE,E16,0,FAM,UNKNOWN,,inf,222,5,7,0.1,E16,JG075F_112,L-MMMMx,50,-0.043940664,-0.002561314,0.8587044329269385
224,JG075F,113,FAM,#NAME?,FALSE,E17,0,FAM,UNKNOWN,,29.281975,224,5,-2,0.3162277660168379,E17,JG075F_113,L-MMMMx,50,-0.40614208,0.23435932397842407,0.3666328512957714
226,JG075F,114,FAM,#NAME?,FALSE,E18,0,FAM,UNKNOWN,,29.442549,226,5,1,0.3162277660168379,E18,JG075F_114,L-MMMMx,50,-0.399575353,0.22503317892551422,0.3709274580013513
228,JG075F,115,FAM,#NAME?,FALSE,E19,0,FAM,UNKNOWN,,29.290352,228,5,2,0.3162277660168379,E19,JG075F_115,L-MMMMx,50,-0.397248278,0.23626980185508728,0.38843951618393385
230,JG075F,116,FAM,#NAME?,FALSE,E20,0,FAM,UNKNOWN,,29.183325,230,5,3,0.3162277660168379,E20,JG075F_116,L-MMMMx,50,-0.389493729,0.24578817188739777,0.37604390470672927
232,JG075F,117,FAM,#NAME?,FALSE,E21,0,FAM,UNKNOWN,,29.264584,232,5,4,0.3162277660168379,E21,JG075F_117,L-MMMMx,50,-0.365263028,0.22249267995357513,0.3929778702409786
234,JG075F,118,FAM,#NAME?,FALSE,E22,0,FAM,UNKNOWN,,30.511126,234,5,5,0.3162277660168379,E22,JG075F_118,L-MMMMx,50,-0.251449586,0.15455739200115204,0.5452809140448249
236,JG075F,119,FAM,#NAME?,FALSE,E23,0,FAM,UNKNOWN,,inf,236,5,6,0.3162277660168379,E23,JG075F_119,L-MMMMx,50,-0.115021839,0.003665386,0.7310165913139917
238,JG075F,120,FAM,#NAME?,FALSE,E24,0,FAM,UNKNOWN,,inf,238,5,7,0.3162277660168379,E24,JG075F_120,L-MMMMx,50,-0.002750507,-0.00223293,0.8477523271274344
240,JG075F,121,FAM,#NAME?,FALSE,F1,0,FAM,UNKNOWN,,inf,240,6,-2,0,F1,JG075F_121,L-MMMMx,50,-0.081149255,0.001130606,0.7664934900553824
242,JG075F,122,FAM,#NAME?,FALSE,F2,0,FAM,UNKNOWN,,inf,242,6,1,0,F2,JG075F_122,L-MMMMx,50,-0.0946793,0.001649551,0.7564716265516006
244,JG075F,123,FAM,#NAME?,FALSE,F3,0,FAM,UNKNOWN,,inf,244,6,2,0,F3,JG075F_123,L-MMMMx,50,-0.098879757,0.003251419,0.780910862
246,JG075F,124,FAM,#NAME?,FALSE,F4,0,FAM,UNKNOWN,,inf,246,6,3,0,F4,JG075F_124,L-MMMMx,50,-0.102669932,0.001056448,0.7690678909652804
248,JG075F,125,FAM,#NAME?,FALSE,F5,0,FAM,UNKNOWN,,inf,248,6,4,0,F5,JG075F_125,L-MMMMx,50,-0.084210085,0.001557404,0.7864840939204717
250,JG075F,126,FAM,#NAME?,FALSE,F6,0,FAM,UNKNOWN,,inf,250,6,5,0,F6,JG075F_126,L-MMMMx,50,-0.089042023,0.002000516,0.7686791371646594
252,JG075F,127,FAM,#NAME?,FALSE,F7,0,FAM,UNKNOWN,,inf,252,6,6,0,F7,JG075F_127,L-MMMMx,50,-0.075100315,0.000910684,0.8023353476963583
254,JG075F,128,FAM,#NAME?,FALSE,F8,0,FAM,UNKNOWN,,inf,254,6,7,0,F8,JG075F_128,L-MMMMx,50,-0.019380198,-0.002564131,0.8909365648983282
256,JG075F,129,FAM,#NAME?,FALSE,F9,0,FAM,UNKNOWN,,inf,256,6,-2,0.1,F9,JG075F_129,L-MMMMx,50,-0.141082717,0.002407955,0.7250830102602092
258,JG075F,130,FAM,#NAME?,FALSE,F10,0,FAM,UNKNOWN,,inf,258,6,1,0.1,F10,JG075F_130,L-MMMMx,50,-0.117898731,0.002361412,0.7638582856061404
260,JG075F,131,FAM,#NAME?,FALSE,F11,0,FAM,UNKNOWN,,inf,260,6,2,0.1,F11,JG075F_131,L-MMMMx,50,-0.131009382,0.004793894,0.755502821
262,JG075F,132,FAM,#NAME?,FALSE,F12,0,FAM,UNKNOWN,,inf,262,6,3,0.1,F12,JG075F_132,L-MMMMx,50,-0.145343181,0.00528627,0.7202685022772031
264,JG075F,133,FAM,#NAME?,FALSE,F13,0,FAM,UNKNOWN,,inf,264,6,4,0.1,F13,JG075F_133,L-MMMMx,50,-0.140382837,0.003129037,0.7254831425408383
266,JG075F,134,FAM,#NAME?,FALSE,F14,0,FAM,UNKNOWN,,inf,266,6,5,0.1,F14,JG075F_134,L-MMMMx,50,-0.126043179,0.002861671,0.7444542418341298
268,JG075F,135,FAM,#NAME?,FALSE,F15,0,FAM,UNKNOWN,,inf,268,6,6,0.1,F15,JG075F_135,L-MMMMx,50,-0.085721663,0.000777121,0.8219817407560969
270,JG075F,136,FAM,#NAME?,FALSE,F16,0,FAM,UNKNOWN,,inf,270,6,7,0.1,F16,JG075F_136,L-MMMMx,50,-0.038359509,-0.001842163,0.8781600442944253
272,JG075F,137,FAM,#NAME?,FALSE,F17,0,FAM,UNKNOWN,,31.632202,272,6,-2,0.3162277660168379,F17,JG075F_137,L-MMMMx,50,-0.214582389,0.11397435516119003,0.6408985598458745
274,JG075F,138,FAM,#NAME?,FALSE,F18,0,FAM,UNKNOWN,,31.643452,274,6,1,0.3162277660168379,F18,JG075F_138,L-MMMMx,50,-0.218492929,0.11148712038993835,0.6311389020287911
276,JG075F,139,FAM,#NAME?,FALSE,F19,0,FAM,UNKNOWN,,31.629477,276,6,2,0.3162277660168379,F19,JG075F_139,L-MMMMx,50,-0.213455473,0.10738874971866608,0.6436239680642906
278,JG075F,140,FAM,#NAME?,FALSE,F20,0,FAM,UNKNOWN,,32.29852,278,6,3,0.3162277660168379,F20,JG075F_140,L-MMMMx,50,-0.207258213,0.10109342634677887,0.6497243271530453
280,JG075F,141,FAM,#NAME?,FALSE,F21,0,FAM,UNKNOWN,,31.896513,280,6,4,0.3162277660168379,F21,JG075F_141,L-MMMMx,50,-0.191065252,0.096589118,0.6606668703358983
282,JG075F,142,FAM,#NAME?,FALSE,F22,0,FAM,UNKNOWN,,inf,282,6,5,0.3162277660168379,F22,JG075F_142,L-MMMMx,50,-0.18685013,0.004544918,0.6396802309087823
284,JG075F,143,FAM,#NAME?,FALSE,F23,0,FAM,UNKNOWN,,inf,284,6,6,0.3162277660168379,F23,JG075F_143,L-MMMMx,50,-0.110576491,0.001189617,0.7249255593132595
286,JG075F,144,FAM,#NAME?,FALSE,F24,0,FAM,UNKNOWN,,inf,286,6,7,0.3162277660168379,F24,JG075F_144,L-MMMMx,50,-0.013620259,-0.003106327,0.8029431733791687
288,JG075F,145,FAM,#NAME?,FALSE,G1,0,FAM,UNKNOWN,,inf,288,7,-2,0,G1,JG075F_145,L-MMMMx,50,0.024351052,-0.005237746,0.9076949336292454
290,JG075F,146,FAM,#NAME?,FALSE,G2,0,FAM,UNKNOWN,,inf,290,7,1,0,G2,JG075F_146,L-MMMMx,50,0.004299884,-0.004644216,0.8844897134555175
292,JG075F,147,FAM,#NAME?,FALSE,G3,0,FAM,UNKNOWN,,inf,292,7,2,0,G3,JG075F_147,L-MMMMx,50,-0.00139219,-0.00344823,0.8927862486382004
294,JG075F,148,FAM,#NAME?,FALSE,G4,0,FAM,UNKNOWN,,inf,294,7,3,0,G4,JG075F_148,L-MMMMx,50,-0.006956713,-0.002825028,0.8833235496728489
296,JG075F,149,FAM,#NAME?,FALSE,G5,0,FAM,UNKNOWN,,inf,296,7,4,0,G5,JG075F_149,L-MMMMx,50,-0.002520645,-0.003129282,0.7618401342264085
298,JG075F,150,FAM,#NAME?,FALSE,G6,0,FAM,UNKNOWN,,inf,298,7,5,0,G6,JG075F_150,L-MMMMx,50,-0.003041038,-0.004233615,0.8664946546530172
300,JG075F,151,FAM,#NAME?,FALSE,G7,0,FAM,UNKNOWN,,inf,300,7,6,0,G7,JG075F_151,L-MMMMx,50,0.000950732,-0.003477287,0.8953802807012875
302,JG075F,152,FAM,#NAME?,FALSE,G8,0,FAM,UNKNOWN,,inf,302,7,7,0,G8,JG075F_152,L-MMMMx,50,0.000639911,-0.004391638,0.9028564931209186
304,JG075F,153,FAM,#NAME?,FALSE,G9,0,FAM,UNKNOWN,,inf,304,7,-2,0.1,G9,JG075F_153,L-MMMMx,50,-0.018389745,-0.003643919,0.8872468352602824
306,JG075F,154,FAM,#NAME?,FALSE,G10,0,FAM,UNKNOWN,,inf,306,7,1,0.1,G10,JG075F_154,L-MMMMx,50,-0.026522153,-0.002722474,0.8830811630832668
308,JG075F,155,FAM,#NAME?,FALSE,G11,0,FAM,UNKNOWN,,inf,308,7,2,0.1,G11,JG075F_155,L-MMMMx,50,-0.018860532,-0.002241486,0.8981852641562501
310,JG075F,156,FAM,#NAME?,FALSE,G12,0,FAM,UNKNOWN,,inf,310,7,3,0.1,G12,JG075F_156,L-MMMMx,50,-0.024944792,-0.002797613,0.8880260761923655
312,JG075F,157,FAM,#NAME?,FALSE,G13,0,FAM,UNKNOWN,,inf,312,7,4,0.1,G13,JG075F_157,L-MMMMx,50,-0.01884489,-0.002701105,0.8810245782178103
314,JG075F,158,FAM,#NAME?,FALSE,G14,0,FAM,UNKNOWN,,inf,314,7,5,0.1,G14,JG075F_158,L-MMMMx,50,-0.037700137,-0.000372562,0.8405966137790065
316,JG075F,159,FAM,#NAME?,FALSE,G15,0,FAM,UNKNOWN,,inf,316,7,6,0.1,G15,JG075F_159,L-MMMMx,50,-0.029877304,-0.002682013,0.8968115799982577
318,JG075F,160,FAM,#NAME?,FALSE,G16,0,FAM,UNKNOWN,,inf,318,7,7,0.1,G16,JG075F_160,L-MMMMx,50,-0.010722555,-0.00230433,0.9109732979722709
320,JG075F,161,FAM,#NAME?,FALSE,G17,0,FAM,UNKNOWN,,inf,320,7,-2,0.3162277660168379,G17,JG075F_161,L-MMMMx,50,-0.066045417,-0.000470999,0.8378668635608013
322,JG075F,163,FAM,#NAME?,FALSE,G19,0,FAM,UNKNOWN,,inf,322,7,2,0.3162277660168379,G19,JG075F_163,L-MMMMx,50,-0.069018879,-0.000359095,0.8312142521416931
324,JG075F,164,FAM,#NAME?,FALSE,G20,0,FAM,UNKNOWN,,inf,324,7,3,0.3162277660168379,G20,JG075F_164,L-MMMMx,50,-0.080651352,0.000380617,0.821190633
326,JG075F,165,FAM,#NAME?,FALSE,G21,0,FAM,UNKNOWN,,inf,326,7,4,0.3162277660168379,G21,JG075F_165,L-MMMMx,50,-0.067358999,0.000999813,0.8109058777196338
328,JG075F,166,FAM,#NAME?,FALSE,G22,0,FAM,UNKNOWN,,inf,328,7,5,0.3162277660168379,G22,JG075F_166,L-MMMMx,50,-0.055461632,0.000611389,0.804467804
330,JG075F,167,FAM,#NAME?,FALSE,G23,0,FAM,UNKNOWN,,inf,330,7,6,0.3162277660168379,G23,JG075F_167,L-MMMMx,50,-0.069142894,-0.00078669,0.9308571057924235
332,JG075F,168,FAM,#NAME?,FALSE,G24,0,FAM,UNKNOWN,,inf,332,7,7,0.3162277660168379,G24,JG075F_168,L-MMMMx,50,-0.006959425,-0.002105651,0.82371313
334,JG075F,169,FAM,#NAME?,FALSE,H1,0,FAM,UNKNOWN,,inf,334,8,-2,0,H1,JG075F_169,L-MMMMx,50,0.051332382216972595,-0.006953911,0.9105617228496653
336,JG075F,170,FAM,#NAME?,FALSE,H2,0,FAM,UNKNOWN,,inf,336,8,1,0,H2,JG075F_170,L-MMMMx,50,0.028244018,-0.004185182,0.892337731
338,JG075F,171,FAM,#NAME?,FALSE,H3,0,FAM,UNKNOWN,,inf,338,8,2,0,H3,JG075F_171,L-MMMMx,50,0.036911547,-0.006829991,0.9230561468211154
340,JG075F,172,FAM,#NAME?,FALSE,H4,0,FAM,UNKNOWN,,inf,340,8,3,0,H4,JG075F_172,L-MMMMx,50,0.020680653777903697,-0.005738742,0.8642579210291425
342,JG075F,173,FAM,#NAME?,FALSE,H5,0,FAM,UNKNOWN,,inf,342,8,4,0,H5,JG075F_173,L-MMMMx,50,0.010167559153465682,-0.002929836,0.7177793587184655
344,JG075F,174,FAM,#NAME?,FALSE,H6,0,FAM,UNKNOWN,,inf,344,8,5,0,H6,JG075F_174,L-MMMMx,50,0.018209299,-0.004981065,0.8740451930491971
346,JG075F,175,FAM,#NAME?,FALSE,H7,0,FAM,UNKNOWN,,inf,346,8,6,0,H7,JG075F_175,L-MMMMx,50,0.018552975390654314,-0.005050373,0.8671923499807637
348,JG075F,176,FAM,#NAME?,FALSE,H8,0,FAM,UNKNOWN,,inf,348,8,7,0,H8,JG075F_176,L-MMMMx,50,0.012107374,-0.004800049,0.8703766519099286
350,JG075F,177,FAM,#NAME?,FALSE,H9,0,FAM,UNKNOWN,,inf,350,8,-2,0.1,H9,JG075F_177,L-MMMMx,50,0.021383650766678034,-0.005217039,0.9325719391811806
352,JG075F,178,FAM,#NAME?,FALSE,H10,0,FAM,UNKNOWN,,inf,352,8,1,0.1,H10,JG075F_178,L-MMMMx,50,0.004522864,-0.003497263,0.8755504774861271
354,JG075F,179,FAM,#NAME?,FALSE,H11,0,FAM,UNKNOWN,,inf,354,8,2,0.1,H11,JG075F_179,L-MMMMx,50,0.017007521578926797,-0.004315603,0.9472099929182682
356,JG075F,180,FAM,#NAME?,FALSE,H12,0,FAM,UNKNOWN,,inf,356,8,3,0.1,H12,JG075F_180,L-MMMMx,50,0.00756533,-0.003357603,0.9123664296831692
358,JG075F,181,FAM,#NAME?,FALSE,H13,0,FAM,UNKNOWN,,inf,358,8,4,0.1,H13,JG075F_181,L-MMMMx,50,0.007279383,-0.004394142,0.8696163220492343
360,JG075F,182,FAM,#NAME?,FALSE,H14,0,FAM,UNKNOWN,,inf,360,8,5,0.1,H14,JG075F_182,L-MMMMx,50,0.002907202,-0.004385169,0.8895284798216695
362,JG075F,183,FAM,#NAME?,FALSE,H15,0,FAM,UNKNOWN,,inf,362,8,6,0.1,H15,JG075F_183,L-MMMMx,50,0.004912615,-0.004990317,0.8957721181011695
364,JG075F,184,FAM,#NAME?,FALSE,H16,0,FAM,UNKNOWN,,inf,364,8,7,0.1,H16,JG075F_184,L-MMMMx,50,0.005314651,-0.005269145,0.8468122323125031
366,JG075F,185,FAM,#NAME?,FALSE,H17,0,FAM,UNKNOWN,,inf,366,8,-2,0.3162277660168379,H17,JG075F_185,L-MMMMx,50,-0.007766167,-0.002528243,0.902520629
368,JG075F,186,FAM,#NAME?,FALSE,H18,0,FAM,UNKNOWN,,inf,368,8,1,0.3162277660168379,H18,JG075F_186,L-MMMMx,50,-0.015775645,-0.003305096,0.8816104206116492
370,JG075F,187,FAM,#NAME?,FALSE,H19,0,FAM,UNKNOWN,,inf,370,8,2,0.3162277660168379,H19,JG075F_187,L-MMMMx,50,-0.007077764,-0.004092797,0.8881882677781378
372,JG075F,188,FAM,#NAME?,FALSE,H20,0,FAM,UNKNOWN,,inf,372,8,3,0.3162277660168379,H20,JG075F_188,L-MMMMx,50,-0.014917133,-0.002912817,0.871698302
374,JG075F,189,FAM,#NAME?,FALSE,H21,0,FAM,UNKNOWN,,inf,374,8,4,0.3162277660168379,H21,JG075F_189,L-MMMMx,50,-0.006122475,-0.003840821,0.8889288361392453
376,JG075F,190,FAM,#NAME?,FALSE,H22,0,FAM,UNKNOWN,,inf,376,8,5,0.3162277660168379,H22,JG075F_190,L-MMMMx,50,-0.012014295,-0.003375844,0.8458298355677132
378,JG075F,191,FAM,#NAME?,FALSE,H23,0,FAM,UNKNOWN,,inf,378,8,6,0.3162277660168379,H23,JG075F_191,L-MMMMx,50,0.000767789,-0.00253068,0.863904617
380,JG075F,192,FAM,#NAME?,FALSE,H24,0,FAM,UNKNOWN,,inf,380,8,7,0.3162277660168379,H24,JG075F_192,L-MMMMx,50,-0.000808729,-0.002961271,0.8652822571615902
382,JG075F,193,FAM,#NAME?,FALSE,I1,0,FAM,UNKNOWN,,28.98992,382,1,-2,1,I1,JG075F_193,L-MMMMx,50,-0.922568946,0.6105291247367859,-0.403617048
384,JG075F,194,FAM,#NAME?,FALSE,I2,0,FAM,UNKNOWN,,29.094177,384,1,1,1,I2,JG075F_194,L-MMMMx,50,-0.819608073,0.5325044393539429,-0.248424267
386,JG075F,195,FAM,#NAME?,FALSE,I3,0,FAM,UNKNOWN,,29.190615,386,1,2,1,I3,JG075F_195,L-MMMMx,50,-0.744699597,0.47951701283454895,-0.149768135
388,JG075F,196,FAM,#NAME?,FALSE,I4,0,FAM,UNKNOWN,,29.001322,388,1,3,1,I4,JG075F_196,L-MMMMx,50,-0.61685909,0.39181095361709595,0.035567298
390,JG075F,197,FAM,#NAME?,FALSE,I5,0,FAM,UNKNOWN,,28.968994,390,1,4,1,I5,JG075F_197,L-MMMMx,50,-0.48742163,0.29792526364326477,0.22026207592524844
392,JG075F,198,FAM,#NAME?,FALSE,I6,0,FAM,UNKNOWN,,29.731806,392,1,5,1,I6,JG075F_198,L-MMMMx,50,-0.325253727,0.1845533400774002,0.45295123374614293
394,JG075F,199,FAM,#NAME?,FALSE,I7,0,FAM,UNKNOWN,,inf,394,1,6,1,I7,JG075F_199,L-MMMMx,50,-0.142815168,0.003441913,0.6836343225425842
396,JG075F,200,FAM,#NAME?,FALSE,I8,0,FAM,UNKNOWN,,inf,396,1,7,1,I8,JG075F_200,L-MMMMx,50,-0.024670657,-0.003569545,0.8655491369908973
398,JG075F,201,FAM,#NAME?,FALSE,I9,0,FAM,UNKNOWN,,29.073072,398,1,-2,3.1622776601683795,I9,JG075F_201,L-MMMMx,50,-0.971502607,0.6272565722465515,-0.417258362
400,JG075F,202,FAM,#NAME?,FALSE,I10,0,FAM,UNKNOWN,,29.043407,400,1,1,3.1622776601683795,I10,JG075F_202,L-MMMMx,50,-0.870896147,0.5616230964660645,-0.294003867
402,JG075F,203,FAM,#NAME?,FALSE,I11,0,FAM,UNKNOWN,,28.90586,402,1,2,3.1622776601683795,I11,JG075F_203,L-MMMMx,50,-0.794368779,0.505964994,-0.194488288
404,JG075F,204,FAM,#NAME?,FALSE,I12,0,FAM,UNKNOWN,,28.988874,404,1,3,3.1622776601683795,I12,JG075F_204,L-MMMMx,50,-0.634842603,0.3921302556991577,0.044515276
406,JG075F,205,FAM,#NAME?,FALSE,I13,0,FAM,UNKNOWN,,28.949862,406,1,4,3.1622776601683795,I13,JG075F_205,L-MMMMx,50,-0.489765625,0.29900386929512024,0.23681252984796625
408,JG075F,206,FAM,#NAME?,FALSE,I14,0,FAM,UNKNOWN,,29.635023,408,1,5,3.1622776601683795,I14,JG075F_206,L-MMMMx,50,-0.326053565,0.189014271,0.47403954413593075
410,JG075F,207,FAM,#NAME?,FALSE,I15,0,FAM,UNKNOWN,,inf,410,1,6,3.1622776601683795,I15,JG075F_207,L-MMMMx,50,-0.145044243,0.000471415,0.6970783067832634
412,JG075F,208,FAM,#NAME?,FALSE,I16,0,FAM,UNKNOWN,,inf,412,1,7,3.1622776601683795,I16,JG075F_208,L-MMMMx,50,-0.04076407,-0.002038536,0.8610179571042657
414,JG075F,209,FAM,#NAME?,FALSE,I17,0,FAM,UNKNOWN,,29.086386,414,1,-2,10,I17,JG075F_209,L-MMMMx,50,-1,0.6274515986442566,-0.461765014
416,JG075F,210,FAM,#NAME?,FALSE,I18,0,FAM,UNKNOWN,,28.907108,416,1,1,10,I18,JG075F_210,L-MMMMx,50,-0.896547146,0.5720385313034058,-0.343781988
418,JG075F,211,FAM,#NAME?,FALSE,I19,0,FAM,UNKNOWN,,29.25633,418,1,2,10,I19,JG075F_211,L-MMMMx,50,-0.767832677,0.4880245625972748,-0.166073222
420,JG075F,212,FAM,#NAME?,FALSE,I20,0,FAM,UNKNOWN,,29.150414,420,1,3,10,I20,JG075F_212,L-MMMMx,50,-0.629702217,0.39189931750297546,0.034499438863947796
422,JG075F,213,FAM,#NAME?,FALSE,I21,0,FAM,UNKNOWN,,28.904192,422,1,4,10,I21,JG075F_213,L-MMMMx,50,-0.490578696,0.300324947,0.22793656403163393
424,JG075F,214,FAM,#NAME?,FALSE,I22,0,FAM,UNKNOWN,,30.119364,424,1,5,10,I22,JG075F_214,L-MMMMx,50,-0.289030772,0.1682049036026001,0.5007947336246605
426,JG075F,216,FAM,#NAME?,FALSE,I24,0,FAM,UNKNOWN,,inf,426,1,7,10,I24,JG075F_216,L-MMMMx,50,-0.027013237,-0.001939393,0.8311719595612004
428,JG075F,217,FAM,#NAME?,FALSE,J1,0,FAM,UNKNOWN,,29.204168,428,2,-2,1,J1,JG075F_217,L-MMMMx,50,-0.907837282,0.6142382025718689,-0.41417177
430,JG075F,218,FAM,#NAME?,FALSE,J2,0,FAM,UNKNOWN,,28.724789,430,2,1,1,J2,JG075F_218,L-MMMMx,50,-0.855935766,0.5675998330116272,-0.323156394
432,JG075F,219,FAM,#NAME?,FALSE,J3,0,FAM,UNKNOWN,,28.822128,432,2,2,1,J3,JG075F_219,L-MMMMx,50,-0.782856191,0.5208050608634949,-0.218854528
434,JG075F,220,FAM,#NAME?,FALSE,J4,0,FAM,UNKNOWN,,29.067318,434,2,3,1,J4,JG075F_220,L-MMMMx,50,-0.630858645,0.4020322263240814,0.006357377
436,JG075F,221,FAM,#NAME?,FALSE,J5,0,FAM,UNKNOWN,,28.969587,436,2,4,1,J5,JG075F_221,L-MMMMx,50,-0.49515213,0.3041408360004425,0.21019811635652835
438,JG075F,222,FAM,#NAME?,FALSE,J6,0,FAM,UNKNOWN,,29.883583,438,2,5,1,J6,JG075F_222,L-MMMMx,50,-0.314662747,0.17720335721969604,0.47277422235161104
440,JG075F,223,FAM,#NAME?,FALSE,J7,0,FAM,UNKNOWN,,inf,440,2,6,1,J7,JG075F_223,L-MMMMx,50,-0.134123445,0.004170556,0.6981429384724225
442,JG075F,224,FAM,#NAME?,FALSE,J8,0,FAM,UNKNOWN,,inf,442,2,7,1,J8,JG075F_224,L-MMMMx,50,-0.03975385,-0.00131542,0.8236461610582856
444,JG075F,225,FAM,#NAME?,FALSE,J9,0,FAM,UNKNOWN,,29.108797,444,2,-2,3.1622776601683795,J9,JG075F_225,L-MMMMx,50,-0.960076109,0.6196061968803406,-0.410087278
446,JG075F,226,FAM,#NAME?,FALSE,J10,0,FAM,UNKNOWN,,28.941742,446,2,1,3.1622776601683795,J10,JG075F_226,L-MMMMx,50,-0.879662644,0.5655452013015747,-0.313358512
448,JG075F,227,FAM,#NAME?,FALSE,J11,0,FAM,UNKNOWN,,29.08173,448,2,2,3.1622776601683795,J11,JG075F_227,L-MMMMx,50,-0.78846348,0.5022338032722473,-0.189151036
450,JG075F,228,FAM,#NAME?,FALSE,J12,0,FAM,UNKNOWN,,29.31493,450,2,3,3.1622776601683795,J12,JG075F_228,L-MMMMx,50,-0.630035299,0.39355337619781494,0.045594148
452,JG075F,229,FAM,#NAME?,FALSE,J13,0,FAM,UNKNOWN,,28.943575,452,2,4,3.1622776601683795,J13,JG075F_229,L-MMMMx,50,-0.493438118,0.29740267992019653,0.22506664706496388
454,JG075F,230,FAM,#NAME?,FALSE,J14,0,FAM,UNKNOWN,,29.614988,454,2,5,3.1622776601683795,J14,JG075F_230,L-MMMMx,50,-0.331168615,0.1877816617488861,0.467499014
456,JG075F,231,FAM,#NAME?,FALSE,J15,0,FAM,UNKNOWN,,inf,456,2,6,3.1622776601683795,J15,JG075F_231,L-MMMMx,50,-0.159813457,0.004036083,0.6930332280785884
458,JG075F,232,FAM,#NAME?,FALSE,J16,0,FAM,UNKNOWN,,inf,458,2,7,3.1622776601683795,J16,JG075F_232,L-MMMMx,50,-0.034938112,-0.001765547,0.9076124337814213
460,JG075F,233,FAM,#NAME?,FALSE,J17,0,FAM,UNKNOWN,,29.150887,460,2,-2,10,J17,JG075F_233,L-MMMMx,50,-0.965581965,0.6246868968009949,-0.438340364
462,JG075F,234,FAM,#NAME?,FALSE,J18,0,FAM,UNKNOWN,,28.943169,462,2,1,10,J18,JG075F_234,L-MMMMx,50,-0.888673924,0.570003092,-0.347493914
464,JG075F,235,FAM,#NAME?,FALSE,J19,0,FAM,UNKNOWN,,28.968302,464,2,2,10,J19,JG075F_235,L-MMMMx,50,-0.799342731,0.5011622905731201,-0.216080201
466,JG075F,236,FAM,#NAME?,FALSE,J20,0,FAM,UNKNOWN,,29.423513,466,2,3,10,J20,JG075F_236,L-MMMMx,50,-0.627287007,0.3937070667743683,0.035428341
468,JG075F,237,FAM,#NAME?,FALSE,J21,0,FAM,UNKNOWN,,29.206045,468,2,4,10,J21,JG075F_237,L-MMMMx,50,-0.44795798,0.28182074427604675,0.27002584489129133
470,JG075F,238,FAM,#NAME?,FALSE,J22,0,FAM,UNKNOWN,,30.015205,470,2,5,10,J22,JG075F_238,L-MMMMx,50,-0.30377054,0.18503059446811676,0.4894032245973219
472,JG075F,240,FAM,#NAME?,FALSE,J24,0,FAM,UNKNOWN,,inf,472,2,7,10,J24,JG075F_240,L-MMMMx,50,-0.027072074,-0.001485384,0.8314152914443127
474,JG075F,241,FAM,#NAME?,FALSE,K1,0,FAM,UNKNOWN,,28.86748,474,3,-2,1,K1,JG075F_241,L-MMMMx,50,-0.842649368,0.5600000023841858,-0.28303455
476,JG075F,242,FAM,#NAME?,FALSE,K2,0,FAM,UNKNOWN,,28.843485,476,3,1,1,K2,JG075F_242,L-MMMMx,50,-0.833160199,0.546342134,-0.278199968
478,JG075F,243,FAM,#NAME?,FALSE,K3,0,FAM,UNKNOWN,,28.95231,478,3,2,1,K3,JG075F_243,L-MMMMx,50,-0.750826618,0.48547709,-0.176414059
480,JG075F,244,FAM,#NAME?,FALSE,K4,0,FAM,UNKNOWN,,29.070086,480,3,3,1,K4,JG075F_244,L-MMMMx,50,-0.626011196,0.40084484219551086,0.006535188
482,JG075F,245,FAM,#NAME?,FALSE,K5,0,FAM,UNKNOWN,,29.069817,482,3,4,1,K5,JG075F_245,L-MMMMx,50,-0.476242123,0.2899011969566345,0.2421688578049142
484,JG075F,246,FAM,#NAME?,FALSE,K6,0,FAM,UNKNOWN,,29.862011,484,3,5,1,K6,JG075F_246,L-MMMMx,50,-0.296565933,0.17547528445720673,0.47760061631312345
486,JG075F,247,FAM,#NAME?,FALSE,K7,0,FAM,UNKNOWN,,inf,486,3,6,1,K7,JG075F_247,L-MMMMx,50,-0.135084635,0.0028429,0.7234793334215674
488,JG075F,248,FAM,#NAME?,FALSE,K8,0,FAM,UNKNOWN,,inf,488,3,7,1,K8,JG075F_248,L-MMMMx,50,-0.022266602,-0.00359418,0.8607087510151289
490,JG075F,249,FAM,#NAME?,FALSE,K9,0,FAM,UNKNOWN,,29.06908,490,3,-2,3.1622776601683795,K9,JG075F_249,L-MMMMx,50,-0.905682216,0.5747498273849487,-0.370321894
492,JG075F,250,FAM,#NAME?,FALSE,K10,0,FAM,UNKNOWN,,28.979076,492,3,1,3.1622776601683795,K10,JG075F_250,L-MMMMx,50,-0.883866015,0.552379847,-0.343711994
494,JG075F,251,FAM,#NAME?,FALSE,K11,0,FAM,UNKNOWN,,28.977509,494,3,2,3.1622776601683795,K11,JG075F_251,L-MMMMx,50,-0.781832295,0.4937419,-0.193795051
496,JG075F,252,FAM,#NAME?,FALSE,K12,0,FAM,UNKNOWN,,29.28568,496,3,3,3.1622776601683795,K12,JG075F_252,L-MMMMx,50,-0.624754466,0.3958507478237152,0.044396383003859397
498,JG075F,253,FAM,#NAME?,FALSE,K13,0,FAM,UNKNOWN,,29.187023,498,3,4,3.1622776601683795,K13,JG075F_253,L-MMMMx,50,-0.481820103,0.2935654819011688,0.24779117347827578
500,JG075F,254,FAM,#NAME?,FALSE,K14,0,FAM,UNKNOWN,,29.896591,500,3,5,3.1622776601683795,K14,JG075F_254,L-MMMMx,50,-0.325115413,0.1849401444196701,0.46962635681747616
502,JG075F,255,FAM,#NAME?,FALSE,K15,0,FAM,UNKNOWN,,inf,502,3,6,3.1622776601683795,K15,JG075F_255,L-MMMMx,50,-0.142426418,0.001532889,0.5481625084365703
504,JG075F,256,FAM,#NAME?,FALSE,K16,0,FAM,UNKNOWN,,inf,504,3,7,3.1622776601683795,K16,JG075F_256,L-MMMMx,50,-0.043514232,-0.000937952,0.8572788454954348
506,JG075F,257,FAM,#NAME?,FALSE,K17,0,FAM,UNKNOWN,,29.017315,506,3,-2,10,K17,JG075F_257,L-MMMMx,50,-0.939583038,0.602686346,-0.393521481
508,JG075F,258,FAM,#NAME?,FALSE,K18,0,FAM,UNKNOWN,,29.128408,508,3,1,10,K18,JG075F_258,L-MMMMx,50,-0.875954349,0.5546761155128479,-0.369793895
510,JG075F,259,FAM,#NAME?,FALSE,K19,0,FAM,UNKNOWN,,29.100668,510,3,2,10,K19,JG075F_259,L-MMMMx,50,-0.80104552,0.4990866780281067,-0.238131118
512,JG075F,260,FAM,#NAME?,FALSE,K20,0,FAM,UNKNOWN,,29.362906,512,3,3,10,K20,JG075F_260,L-MMMMx,50,-0.643011573,0.3973761796951294,-0.005502973
514,JG075F,261,FAM,#NAME?,FALSE,K21,0,FAM,UNKNOWN,,29.390282,514,3,4,10,K21,JG075F_261,L-MMMMx,50,-0.45967394,0.2772751748561859,0.24667143151588672
516,JG075F,262,FAM,#NAME?,FALSE,K22,0,FAM,UNKNOWN,,29.844986,516,3,5,10,K22,JG075F_262,L-MMMMx,50,-0.299711389,0.17658215761184692,0.48222544297711134
518,JG075F,264,FAM,#NAME?,FALSE,K24,0,FAM,UNKNOWN,,inf,518,3,7,10,K24,JG075F_264,L-MMMMx,50,-0.023913091,-0.001583283,0.8322165879245244
520,JG075F,265,FAM,#NAME?,FALSE,L1,0,FAM,UNKNOWN,,29.02759,520,4,-2,1,L1,JG075F_265,L-MMMMx,50,-0.657743123,0.4490199685096741,-0.042726197
522,JG075F,266,FAM,#NAME?,FALSE,L2,0,FAM,UNKNOWN,,28.876448,522,4,1,1,L2,JG075F_266,L-MMMMx,50,-0.731875515,0.47426190972328186,-0.152453877
524,JG075F,267,FAM,#NAME?,FALSE,L3,0,FAM,UNKNOWN,,28.623554,524,4,2,1,L3,JG075F_267,L-MMMMx,50,-0.728923824,0.48139405250549316,-0.118292726
526,JG075F,268,FAM,#NAME?,FALSE,L4,0,FAM,UNKNOWN,,28.978401,526,4,3,1,L4,JG075F_268,L-MMMMx,50,-0.582364965,0.368977815,0.011409688185863853
528,JG075F,269,FAM,#NAME?,FALSE,L5,0,FAM,UNKNOWN,,28.77822,528,4,4,1,L5,JG075F_269,L-MMMMx,50,-0.474770694,0.2997977137565613,0.22260351136180617
530,JG075F,270,FAM,#NAME?,FALSE,L6,0,FAM,UNKNOWN,,29.74526,530,4,5,1,L6,JG075F_270,L-MMMMx,50,-0.307168017,0.17553560435771942,0.473366319
532,JG075F,271,FAM,#NAME?,FALSE,L7,0,FAM,UNKNOWN,,inf,532,4,6,1,L7,JG075F_271,L-MMMMx,50,-0.141709182,0.004854772,0.7037598142650681
534,JG075F,272,FAM,#NAME?,FALSE,L8,0,FAM,UNKNOWN,,inf,534,4,7,1,L8,JG075F_272,L-MMMMx,50,-0.027782976,-0.002395852,0.8429527914436099
536,JG075F,273,FAM,#NAME?,FALSE,L9,0,FAM,UNKNOWN,,29.098616,536,4,-2,3.1622776601683795,L9,JG075F_273,L-MMMMx,50,-0.854674465,0.5347896218299866,-0.300515005
538,JG075F,274,FAM,#NAME?,FALSE,L10,0,FAM,UNKNOWN,,28.993141,538,4,1,3.1622776601683795,L10,JG075F_274,L-MMMMx,50,-0.834057255,0.5228482484817505,-0.265620977
540,JG075F,275,FAM,#NAME?,FALSE,L11,0,FAM,UNKNOWN,,29.154585,540,4,2,3.1622776601683795,L11,JG075F_275,L-MMMMx,50,-0.751340357,0.47940388321876526,-0.144387107
542,JG075F,276,FAM,#NAME?,FALSE,L12,0,FAM,UNKNOWN,,29.184616,542,4,3,3.1622776601683795,L12,JG075F_276,L-MMMMx,50,-0.623802592,0.38840943574905396,0.034547095
544,JG075F,277,FAM,#NAME?,FALSE,L13,0,FAM,UNKNOWN,,28.891357,544,4,4,3.1622776601683795,L13,JG075F_277,L-MMMMx,50,-0.479086015,0.30621257424354553,0.24474249261779585
546,JG075F,278,FAM,#NAME?,FALSE,L14,0,FAM,UNKNOWN,,29.598965,546,4,5,3.1622776601683795,L14,JG075F_278,L-MMMMx,50,-0.322120644,0.18144376575946808,0.46395008402675114
548,JG075F,279,FAM,#NAME?,FALSE,L15,0,FAM,UNKNOWN,,inf,548,4,6,3.1622776601683795,L15,JG075F_279,L-MMMMx,50,-0.140456859,0.00240503,0.7024027530971905
550,JG075F,280,FAM,#NAME?,FALSE,L16,0,FAM,UNKNOWN,,inf,550,4,7,3.1622776601683795,L16,JG075F_280,L-MMMMx,50,-0.043392656,-0.001003932,0.8548463391432651
552,JG075F,282,FAM,#NAME?,FALSE,L18,0,FAM,UNKNOWN,,28.995874,552,4,1,10,L18,JG075F_282,L-MMMMx,50,-0.860311272,0.5546017289161682,-0.298858866
554,JG075F,283,FAM,#NAME?,FALSE,L19,0,FAM,UNKNOWN,,29.451977,554,4,2,10,L19,JG075F_283,L-MMMMx,50,-0.76153234,0.4759649336338043,-0.177379358
556,JG075F,284,FAM,#NAME?,FALSE,L20,0,FAM,UNKNOWN,,28.933647,556,4,3,10,L20,JG075F_284,L-MMMMx,50,-0.644122858,0.40973353385925293,-0.020115536
558,JG075F,285,FAM,#NAME?,FALSE,L21,0,FAM,UNKNOWN,,29.345615,558,4,4,10,L21,JG075F_285,L-MMMMx,50,-0.43252164,0.27172574400901794,0.28438082412588533
560,JG075F,286,FAM,#NAME?,FALSE,L22,0,FAM,UNKNOWN,,30.070736,560,4,5,10,L22,JG075F_286,L-MMMMx,50,-0.289544415,0.1520005464553833,0.4749101086229789
562,JG075F,288,FAM,#NAME?,FALSE,L24,0,FAM,UNKNOWN,,inf,562,4,7,10,L24,JG075F_288,L-MMMMx,50,0.0997689,-0.012489715,1.047241486736042
564,JG075F,289,FAM,#NAME?,FALSE,M1,0,FAM,UNKNOWN,,28.700327,564,5,-2,1,M1,JG075F_289,L-MMMMx,50,-0.483549197,0.3236280381679535,0.19376822115209746
566,JG075F,290,FAM,#NAME?,FALSE,M2,0,FAM,UNKNOWN,,28.902534,566,5,1,1,M2,JG075F_290,L-MMMMx,50,-0.53129013,0.3451038599014282,0.11490331378120489
568,JG075F,291,FAM,#NAME?,FALSE,M3,0,FAM,UNKNOWN,,28.75692,568,5,2,1,M3,JG075F_291,L-MMMMx,50,-0.553085634,0.3578430116176605,0.114439108
570,JG075F,292,FAM,#NAME?,FALSE,M4,0,FAM,UNKNOWN,,28.868906,570,5,3,1,M4,JG075F_292,L-MMMMx,50,-0.535449143,0.3419336676597595,0.16060177895571948
572,JG075F,293,FAM,#NAME?,FALSE,M5,0,FAM,UNKNOWN,,29.591595,572,5,4,1,M5,JG075F_293,L-MMMMx,50,-0.401092673,0.2465648502111435,0.3313803214720287
574,JG075F,294,FAM,#NAME?,FALSE,M6,0,FAM,UNKNOWN,,29.834152,574,5,5,1,M6,JG075F_294,L-MMMMx,50,-0.299343436,0.16474640369415283,0.49541228153238587
576,JG075F,295,FAM,#NAME?,FALSE,M7,0,FAM,UNKNOWN,,inf,576,5,6,1,M7,JG075F_295,L-MMMMx,50,-0.136523107,0.000197896,0.6918227573337774
578,JG075F,296,FAM,#NAME?,FALSE,M8,0,FAM,UNKNOWN,,inf,578,5,7,1,M8,JG075F_296,L-MMMMx,50,-0.019627211,-0.002964826,0.8635587299436231
580,JG075F,297,FAM,#NAME?,FALSE,M9,0,FAM,UNKNOWN,,28.92533,580,5,-2,3.1622776601683795,M9,JG075F_297,L-MMMMx,50,-0.692693344,0.4322439432144165,-0.07132914
582,JG075F,298,FAM,#NAME?,FALSE,M10,0,FAM,UNKNOWN,,28.920033,582,5,1,3.1622776601683795,M10,JG075F_298,L-MMMMx,50,-0.672004679,0.41635650396347046,-0.059273732
584,JG075F,299,FAM,#NAME?,FALSE,M11,0,FAM,UNKNOWN,,29.181181,584,5,2,3.1622776601683795,M11,JG075F_299,L-MMMMx,50,-0.641642667,0.40049147605895996,0.004697562
586,JG075F,300,FAM,#NAME?,FALSE,M12,0,FAM,UNKNOWN,,28.886703,586,5,3,3.1622776601683795,M12,JG075F_300,L-MMMMx,50,-0.602353927,0.37794262170791626,0.059822706716360585
588,JG075F,301,FAM,#NAME?,FALSE,M13,0,FAM,UNKNOWN,,29.352224,588,5,4,3.1622776601683795,M13,JG075F_301,L-MMMMx,50,-0.452331419,0.27321475744247437,0.2892687125757487
590,JG075F,302,FAM,#NAME?,FALSE,M14,0,FAM,UNKNOWN,,29.47222,590,5,5,3.1622776601683795,M14,JG075F_302,L-MMMMx,50,-0.339416425,0.1889130175113678,0.4432188199280538
592,JG075F,303,FAM,#NAME?,FALSE,M15,0,FAM,UNKNOWN,,inf,592,5,6,3.1622776601683795,M15,JG075F_303,L-MMMMx,50,-0.171460589,0.003397576,0.7075438032312145
594,JG075F,304,FAM,#NAME?,FALSE,M16,0,FAM,UNKNOWN,,inf,594,5,7,3.1622776601683795,M16,JG075F_304,L-MMMMx,50,-0.045638706,-0.002348015,0.8543858878707461
596,JG075F,305,FAM,#NAME?,FALSE,M17,0,FAM,UNKNOWN,,29.182907,596,5,-2,10,M17,JG075F_305,L-MMMMx,50,-0.718171486,0.4458414316177368,-0.101400973
598,JG075F,306,FAM,#NAME?,FALSE,M18,0,FAM,UNKNOWN,,29.093481,598,5,1,10,M18,JG075F_306,L-MMMMx,50,-0.730960058,0.43648576736450195,-0.119548666
600,JG075F,307,FAM,#NAME?,FALSE,M19,0,FAM,UNKNOWN,,29.061205,600,5,2,10,M19,JG075F_307,L-MMMMx,50,-0.704163833,0.44266197085380554,-0.09713336
602,JG075F,308,FAM,#NAME?,FALSE,M20,0,FAM,UNKNOWN,,29.088066,602,5,3,10,M20,JG075F_308,L-MMMMx,50,-0.599710134,0.3813566267490387,0.061176231
604,JG075F,309,FAM,#NAME?,FALSE,M21,0,FAM,UNKNOWN,,28.895973,604,5,4,10,M21,JG075F_309,L-MMMMx,50,-0.493522013,0.3015534579753876,0.1978411558045185
606,JG075F,310,FAM,#NAME?,FALSE,M22,0,FAM,UNKNOWN,,29.903236,606,5,5,10,M22,JG075F_310,L-MMMMx,50,-0.296379978,0.18646647036075592,0.47430365782629386
608,JG075F,312,FAM,#NAME?,FALSE,M24,0,FAM,UNKNOWN,,inf,608,5,7,10,M24,JG075F_312,L-MMMMx,50,0.05819276,-0.008101868,0.9396189327247816
610,JG075F,313,FAM,#NAME?,FALSE,N1,0,FAM,UNKNOWN,,29.39939,610,6,-2,1,N1,JG075F_313,L-MMMMx,50,-0.315880166,0.2120589166879654,0.4437539562542818
612,JG075F,314,FAM,#NAME?,FALSE,N2,0,FAM,UNKNOWN,,29.723446,612,6,1,1,N2,JG075F_314,L-MMMMx,50,-0.326180339,0.2013944387435913,0.412717537
614,JG075F,315,FAM,#NAME?,FALSE,N3,0,FAM,UNKNOWN,,29.549,614,6,2,1,N3,JG075F_315,L-MMMMx,50,-0.301817528,0.20204892754554749,0.4401553743881197
616,JG075F,316,FAM,#NAME?,FALSE,N4,0,FAM,UNKNOWN,,29.612135,616,6,3,1,N4,JG075F_316,L-MMMMx,50,-0.339816989,0.20622797310352325,0.41304081035425744
618,JG075F,317,FAM,#NAME?,FALSE,N5,0,FAM,UNKNOWN,,29.5063,618,6,4,1,N5,JG075F_317,L-MMMMx,50,-0.333979,0.20010119676589966,0.4407436211375505
620,JG075F,318,FAM,#NAME?,FALSE,N6,0,FAM,UNKNOWN,,30.442152,620,6,5,1,N6,JG075F_318,L-MMMMx,50,-0.242834529,0.13301604986190796,0.5777343345213088
622,JG075F,319,FAM,#NAME?,FALSE,N7,0,FAM,UNKNOWN,,inf,622,6,6,1,N7,JG075F_319,L-MMMMx,50,-0.114101537,0.001801788,0.7195380187791072
624,JG075F,321,FAM,#NAME?,FALSE,N9,0,FAM,UNKNOWN,,28.887386,624,6,-2,3.1622776601683795,N9,JG075F_321,L-MMMMx,50,-0.474895674,0.3098011612892151,0.22751322501358673
626,JG075F,322,FAM,#NAME?,FALSE,N10,0,FAM,UNKNOWN,,29.205639,626,6,1,3.1622776601683795,N10,JG075F_322,L-MMMMx,50,-0.487027233,0.2821926176548004,0.22455125257725916
628,JG075F,323,FAM,#NAME?,FALSE,N11,0,FAM,UNKNOWN,,28.971346,628,6,2,3.1622776601683795,N11,JG075F_323,L-MMMMx,50,-0.494330879,0.3023976981639862,0.21725588504045656
630,JG075F,324,FAM,#NAME?,FALSE,N12,0,FAM,UNKNOWN,,29.19614,630,6,3,3.1622776601683795,N12,JG075F_324,L-MMMMx,50,-0.470544365,0.2808387279510498,0.2550154771838149
632,JG075F,325,FAM,#NAME?,FALSE,N13,0,FAM,UNKNOWN,,29.50258,632,6,4,3.1622776601683795,N13,JG075F_325,L-MMMMx,50,-0.388490166,0.23563867807388306,0.3819554135116996
634,JG075F,326,FAM,#NAME?,FALSE,N14,0,FAM,UNKNOWN,,29.93503,634,6,5,3.1622776601683795,N14,JG075F_326,L-MMMMx,50,-0.315732892,0.17639382183551788,0.46890733701748405
636,JG075F,327,FAM,#NAME?,FALSE,N15,0,FAM,UNKNOWN,,inf,636,6,6,3.1622776601683795,N15,JG075F_327,L-MMMMx,50,-0.124940066,0.002064026,0.7218673900873174
638,JG075F,328,FAM,#NAME?,FALSE,N16,0,FAM,UNKNOWN,,inf,638,6,7,3.1622776601683795,N16,JG075F_328,L-MMMMx,50,-0.016220348,-0.001807135,0.8678962628053133
640,JG075F,329,FAM,#NAME?,FALSE,N17,0,FAM,UNKNOWN,,29.00043,640,6,-2,10,N17,JG075F_329,L-MMMMx,50,-0.518223421,0.335153192,0.16172242159286176
642,JG075F,330,FAM,#NAME?,FALSE,N18,0,FAM,UNKNOWN,,29.359447,642,6,1,10,N18,JG075F_330,L-MMMMx,50,-0.513033665,0.3131627142429352,0.19927531179186186
644,JG075F,331,FAM,#NAME?,FALSE,N19,0,FAM,UNKNOWN,,29.218466,644,6,2,10,N19,JG075F_331,L-MMMMx,50,-0.496101413,0.31807708740234375,0.20063566333733335
646,JG075F,332,FAM,#NAME?,FALSE,N20,0,FAM,UNKNOWN,,29.112946,646,6,3,10,N20,JG075F_332,L-MMMMx,50,-0.479068675,0.3156109154224396,0.22138491630670526
648,JG075F,333,FAM,#NAME?,FALSE,N21,0,FAM,UNKNOWN,,28.9302,648,6,4,10,N21,JG075F_333,L-MMMMx,50,-0.416903478,0.27631598711013794,0.2888925976549881
650,JG075F,334,FAM,#NAME?,FALSE,N22,0,FAM,UNKNOWN,,29.812845,650,6,5,10,N22,JG075F_334,L-MMMMx,50,-0.283035049,0.18107512593269348,0.4968216637681527
652,JG075F,336,FAM,#NAME?,FALSE,N24,0,FAM,UNKNOWN,,inf,652,6,7,10,N24,JG075F_336,L-MMMMx,50,0.056239655206995164,-0.007276411,0.9237076859820126
654,JG075F,337,FAM,#NAME?,FALSE,O1,0,FAM,UNKNOWN,,inf,654,7,-2,1,O1,JG075F_337,L-MMMMx,50,-0.057941198,-0.003918408,0.7355350232830444
656,JG075F,338,FAM,#NAME?,FALSE,O2,0,FAM,UNKNOWN,,33.111855,656,7,1,1,O2,JG075F_338,L-MMMMx,50,-0.14966029,0.079894453,0.6827061025059784
658,JG075F,339,FAM,#NAME?,FALSE,O3,0,FAM,UNKNOWN,,33.338863,658,7,2,1,O3,JG075F_339,L-MMMMx,50,-0.109186415,0.057798736,0.6968706624973036
660,JG075F,340,FAM,#NAME?,FALSE,O4,0,FAM,UNKNOWN,,33.52626,660,7,3,1,O4,JG075F_340,L-MMMMx,50,-0.139221401,0.070672564,0.6727753871393616
662,JG075F,341,FAM,#NAME?,FALSE,O5,0,FAM,UNKNOWN,,inf,662,7,4,1,O5,JG075F_341,L-MMMMx,50,-0.147771378,0.003757346,0.6989731021392884
664,JG075F,342,FAM,#NAME?,FALSE,O6,0,FAM,UNKNOWN,,33.332043,664,7,5,1,O6,JG075F_342,L-MMMMx,50,-0.154254678,0.075164899,0.6960090748943676
666,JG075F,343,FAM,#NAME?,FALSE,O7,0,FAM,UNKNOWN,,inf,666,7,6,1,O7,JG075F_343,L-MMMMx,50,-0.073522969,-0.001521567,0.7831156671571267
668,JG075F,344,FAM,#NAME?,FALSE,O8,0,FAM,UNKNOWN,,inf,668,7,7,1,O8,JG075F_344,L-MMMMx,50,-0.014271453,-0.002827553,0.8683038613631814
670,JG075F,345,FAM,#NAME?,FALSE,O9,0,FAM,UNKNOWN,,29.80173,670,7,-2,3.1622776601683795,O9,JG075F_345,L-MMMMx,50,-0.294710233,0.16439390182495117,0.48140907691771456
672,JG075F,346,FAM,#NAME?,FALSE,O10,0,FAM,UNKNOWN,,29.428265,672,7,1,3.1622776601683795,O10,JG075F_346,L-MMMMx,50,-0.318479968,0.18062293529510498,0.4531076995265443
674,JG075F,347,FAM,#NAME?,FALSE,O11,0,FAM,UNKNOWN,,30.031172,674,7,2,3.1622776601683795,O11,JG075F_347,L-MMMMx,50,-0.290700776,0.15968909859657288,0.5260660086183264
676,JG075F,348,FAM,#NAME?,FALSE,O12,0,FAM,UNKNOWN,,30.01743,676,7,3,3.1622776601683795,O12,JG075F_348,L-MMMMx,50,-0.296513226,0.17230111360549927,0.49079589898356574
678,JG075F,349,FAM,#NAME?,FALSE,O13,0,FAM,UNKNOWN,,29.853146,678,7,4,3.1622776601683795,O13,JG075F_349,L-MMMMx,50,-0.295985344,0.17370614409446716,0.5325001557342315
680,JG075F,350,FAM,#NAME?,FALSE,O14,0,FAM,UNKNOWN,,31.112726,680,7,5,3.1622776601683795,O14,JG075F_350,L-MMMMx,50,-0.229143299,0.11183247715234756,0.6119799376167478
682,JG075F,351,FAM,#NAME?,FALSE,O15,0,FAM,UNKNOWN,,inf,682,7,6,3.1622776601683795,O15,JG075F_351,L-MMMMx,50,-0.118021094,0.002422432,0.7651434417656594
684,JG075F,352,FAM,#NAME?,FALSE,O16,0,FAM,UNKNOWN,,inf,684,7,7,3.1622776601683795,O16,JG075F_352,L-MMMMx,50,-0.023335845,-0.003810659,0.8634901004537533
686,JG075F,353,FAM,#NAME?,FALSE,O17,0,FAM,UNKNOWN,,29.597446,686,7,-2,10,O17,JG075F_353,L-MMMMx,50,-0.339633494,0.1896142065525055,0.4267602834528587
688,JG075F,354,FAM,#NAME?,FALSE,O18,0,FAM,UNKNOWN,,29.350576,688,7,1,10,O18,JG075F_354,L-MMMMx,50,-0.318458308,0.19716277718544006,0.4522469500438732
690,JG075F,355,FAM,#NAME?,FALSE,O19,0,FAM,UNKNOWN,,29.798325,690,7,2,10,O19,JG075F_355,L-MMMMx,50,-0.332821676,0.19201087951660156,0.4327737540794847
692,JG075F,356,FAM,#NAME?,FALSE,O20,0,FAM,UNKNOWN,,29.685246,692,7,3,10,O20,JG075F_356,L-MMMMx,50,-0.325199861,0.1869184821844101,0.43618547051659423
694,JG075F,357,FAM,#NAME?,FALSE,O21,0,FAM,UNKNOWN,,29.785053,694,7,4,10,O21,JG075F_357,L-MMMMx,50,-0.282259016,0.16410963237285614,0.48919189093420784
696,JG075F,358,FAM,#NAME?,FALSE,O22,0,FAM,UNKNOWN,,30.389507,696,7,5,10,O22,JG075F_358,L-MMMMx,50,-0.243525895,0.14719374477863312,0.5791963549461252
698,JG075F,360,FAM,#NAME?,FALSE,O24,0,FAM,UNKNOWN,,inf,698,7,7,10,O24,JG075F_360,L-MMMMx,50,0.001058865,-0.003509227,0.8900377601581307
700,JG075F,361,FAM,#NAME?,FALSE,P1,0,FAM,UNKNOWN,,inf,700,8,-2,1,P1,JG075F_361,L-MMMMx,50,0.016943658992533497,-0.00532224,0.8255754420114698
702,JG075F,362,FAM,#NAME?,FALSE,P2,0,FAM,UNKNOWN,,inf,702,8,1,1,P2,JG075F_362,L-MMMMx,50,0.00456731,-0.007724563,0.8222816132972623
704,JG075F,363,FAM,#NAME?,FALSE,P3,0,FAM,UNKNOWN,,inf,704,8,2,1,P3,JG075F_363,L-MMMMx,50,0.012757643896093938,-0.004749692,0.8734546049913022
706,JG075F,364,FAM,#NAME?,FALSE,P4,0,FAM,UNKNOWN,,inf,706,8,3,1,P4,JG075F_364,L-MMMMx,50,0.014406959850637993,-0.006706478,0.8699285259949305
708,JG075F,365,FAM,#NAME?,FALSE,P5,0,FAM,UNKNOWN,,inf,708,8,4,1,P5,JG075F_365,L-MMMMx,50,0.036095031,-0.006068976,0.8936727496662482
710,JG075F,366,FAM,#NAME?,FALSE,P6,0,FAM,UNKNOWN,,inf,710,8,5,1,P6,JG075F_366,L-MMMMx,50,-0.027413558,-0.002473573,0.8451202223060161
712,JG075F,367,FAM,#NAME?,FALSE,P7,0,FAM,UNKNOWN,,inf,712,8,6,1,P7,JG075F_367,L-MMMMx,50,-0.004568884,-0.00357896,0.87861427
714,JG075F,368,FAM,#NAME?,FALSE,P8,0,FAM,UNKNOWN,,inf,714,8,7,1,P8,JG075F_368,L-MMMMx,50,0.003458029,-0.004676097,0.8149930835361978
716,JG075F,369,FAM,#NAME?,FALSE,P9,0,FAM,UNKNOWN,,inf,716,8,-2,3.1622776601683795,P9,JG075F_369,L-MMMMx,50,-0.105610952,0.000692709,0.728681224
718,JG075F,370,FAM,#NAME?,FALSE,P10,0,FAM,UNKNOWN,,inf,718,8,1,3.1622776601683795,P10,JG075F_370,L-MMMMx,50,-0.120798759,0.000575502,0.7030292902209417
720,JG075F,371,FAM,#NAME?,FALSE,P11,0,FAM,UNKNOWN,,inf,720,8,2,3.1622776601683795,P11,JG075F_371,L-MMMMx,50,-0.114315271,0.002144325,0.7218357364363865
722,JG075F,372,FAM,#NAME?,FALSE,P12,0,FAM,UNKNOWN,,inf,722,8,3,3.1622776601683795,P12,JG075F_372,L-MMMMx,50,-0.111717017,0.000154026,0.7388798285270921
724,JG075F,373,FAM,#NAME?,FALSE,P13,0,FAM,UNKNOWN,,inf,724,8,4,3.1622776601683795,P13,JG075F_373,L-MMMMx,50,-0.119046097,0.001462358,0.7225717947418789
726,JG075F,374,FAM,#NAME?,FALSE,P14,0,FAM,UNKNOWN,,inf,726,8,5,3.1622776601683795,P14,JG075F_374,L-MMMMx,50,-0.126760989,0.002484298,0.7414910671779463
728,JG075F,375,FAM,#NAME?,FALSE,P15,0,FAM,UNKNOWN,,inf,728,8,6,3.1622776601683795,P15,JG075F_375,L-MMMMx,50,-0.053669168,-0.001391331,0.8359894931705872
730,JG075F,376,FAM,#NAME?,FALSE,P16,0,FAM,UNKNOWN,,inf,730,8,7,3.1622776601683795,P16,JG075F_376,L-MMMMx,50,-0.02055315,-0.002955952,0.8798727089285526
732,JG075F,377,FAM,#NAME?,FALSE,P17,0,FAM,UNKNOWN,,32.81298,732,8,-2,10,P17,JG075F_377,L-MMMMx,50,-0.152476127,0.081012763,0.7053237431808328
734,JG075F,378,FAM,#NAME?,FALSE,P18,0,FAM,UNKNOWN,,32.669773,734,8,1,10,P18,JG075F_378,L-MMMMx,50,-0.155808793,0.081917763,0.6866404121583449
736,JG075F,379,FAM,#NAME?,FALSE,P19,0,FAM,UNKNOWN,,32.463303,736,8,2,10,P19,JG075F_379,L-MMMMx,50,-0.160753542,0.089275911,0.6862731192007978
738,JG075F,380,FAM,#NAME?,FALSE,P20,0,FAM,UNKNOWN,,32.212265,738,8,3,10,P20,JG075F_380,L-MMMMx,50,-0.15527217,0.095621735,0.6884539183661998
740,JG075F,381,FAM,#NAME?,FALSE,P21,0,FAM,UNKNOWN,,32.616283,740,8,4,10,P21,JG075F_381,L-MMMMx,50,-0.107795362,0.071799807,0.7261726589753996
742,JG075F,382,FAM,#NAME?,FALSE,P22,0,FAM,UNKNOWN,,inf,742,8,5,10,P22,JG075F_382,L-MMMMx,50,-0.128494127,0.00129709,0.661709782
744,JG075F,384,FAM,#NAME?,FALSE,P24,0,FAM,UNKNOWN,,inf,744,8,7,10,P24,JG075F_384,L-MMMMx,50,0.027703124090577413,-0.005680317,0.8788222855479724