,Target,PrimerPair,Reporter,Well,Copies,lg10_Copies,BP,GC,F0_lg,K,m,r,ρ,τ,,
366,S_PRDM1_WTa,FP003-RP003,HEX,191,25252525,5,97,0.5257731958762887,-4.581233634,0.5475642032849948,0.021581301,0.6340751447465682,0.26507500618135865,23.981281902062275,,
,,,,,,,,,,,,,,,,
,,,,,,,,,,,,,,,,
,Target,PrimerPair,Reporter,Well,Copies,,lg10_Copies,BP,GC,F0_lg,K,m,r,,_,_
29,S037.06.01,FP004-RP004,HEX,56.5,2.53E+07,29,5,98,0.479592,-4.15415,0.439957,0.01158,0.698956,29,0.247517,19.691938
30,S037.06.02,FP004-RP004,HEX,128.5,2.53E+07,30,5,101,0.435644,-4.438864,0.484734,0.010392,0.750901,30,0.223438,19.59645
31,S037.06.03,FP004-RP004,HEX,200.5,2.53E+07,31,5,106,0.40566,-4.114577,0.488148,0.010079,0.755277,31,0.22842,18.075775
35,S044.10,FP004-RP004,HEX,292.5,1.59E+07,35,5,88,0.25,-7.201922,0.774733,0.006131,0.985893,35,0.12309,24.198589
37,S044.11,FP004-RP004,HEX,295.5,1.59E+07,37,5,88,0.352273,-7.217759,0.812638,0.006056,0.918095,37,0.1418,26.029814
39,S044.12,FP004-RP004,HEX,73.5,1.59E+07,39,5,88,0.431818,-6.381817,0.6767,0.006271,0.810869,39,0.1799,26.136599
43,S044.14,FP004-RP004,HEX,298.5,1.59E+07,43,5,88,0.545455,-5.863371,0.741722,0.008987,0.725589,43,0.213452,26.78445
45,S044.15,FP004-RP004,HEX,301.5,1.59E+07,45,5,88,0.647727,-5.19536,0.728847,0.01029,0.65312,45,0.252549,25.996084
47,S044.16,FP004-RP004,HEX,304.5,1.59E+07,47,5,88,0.75,-5.282467,0.735005,0.023166,0.663009,47,0.243912,26.337442
49,S044.17,FP004-RP004,HEX,307.5,1.59E+07,49,5,88,0.795455,-6.617539,0.815181,0.016195,0.706445,49,0.214541,30.737964
51,S044.18,FP004-RP004,HEX,310.5,1.59E+07,51,5,88,0.852273,-7.940383,0.563586,0.034893,0.705625,51,0.208136,36.601276
53,S044.19,FP004-RP004,HEX,73.5,1.59E+07,53,5,160,0.13125,-6.949561,0.400672,0.013242,0.790761,53,0.182472,29.150237
55,S044.2,FP004-RP004,HEX,79.5,1.59E+07,55,5,30,0.466667,-7.213228,0.80501,0.011621,0.940423,55,0.134553,25.509009
57,S044.20,FP004-RP004,HEX,76.5,1.59E+07,57,5,160,0.21875,-6.858664,0.543798,0.005152,0.78444,57,0.18358,29.071466
59,S044.21,FP004-RP004,HEX,88.5,1.59E+07,59,5,160,0.43125,-5.473163,0.714655,0.00618,0.703971,59,0.229303,25.387458
61,S044.22,FP004-RP004,HEX,79.5,1.59E+07,61,5,160,0.5875,-4.648847,0.493835,0.006863,0.532241,61,0.301451,28.826133
63,S044.23,FP004-RP004,HEX,67.181818,2.02E+07,63,5.636364,160,0.78125,-7.284405,0.249376,0.019645,0.664131,63,0.235802,35.013068
65,S044.24,FP004-RP004,HEX,91.5,1.59E+07,65,5,200,0.425,-4.897152,0.694202,0.006276,0.649537,65,0.254073,24.956695
67,S044.25,FP004-RP004,HEX,94.5,1.59E+07,67,5,240,0.420833,-4.822837,0.653852,0.006188,0.602004,67,0.27197,26.573012
69,S044.26,FP004-RP004,HEX,88.5,1.59E+07,69,5,280,0.325,-6.207094,0.48033,0.00482,0.623391,69,0.24547,32.737823
70,S044.27,FP004-RP004,HEX,81.5,1.85E+07,70,5.166667,280,0.682143,-4.249882,0.421923,0.01583,0.415187,70,0.360284,33.57085
72,S044.28,FP004-RP004,HEX,74.428571,1.73E+07,72,5.714286,500,0.418,-5.265947,0.404533,0.020341,0.436333,72,0.334483,39.055347
74,S044.29,FP004-RP004,HEX,270.285714,3.16E+07,74,6.428571,500,0.57,-4.041036,0.336922,0.022471,0.412041,74,0.364461,32.370581
77,S044.4,FP004-RP004,HEX,82.5,1.59E+07,77,5,40,0.45,-6.678518,0.79672,0.006463,0.920174,77,0.144315,24.123885
79,S044.5,FP004-RP004,HEX,295.5,1.59E+07,79,5,50,0.26,-6.991648,0.519073,0.00691,0.959633,79,0.129816,24.196792
81,S044.6,FP004-RP004,HEX,298.5,1.59E+07,81,5,50,0.62,-5.677366,0.516004,0.006102,0.739873,81,0.209064,25.493672
83,S044.7,FP004-RP004,HEX,301.5,1.59E+07,83,5,50,0.74,-4.497841,0.443787,0.010768,0.461075,83,0.332669,32.251064
85,S044.8,FP004-RP004,HEX,85.5,1.59E+07,85,5,55,0.454545,-6.71352,0.782543,0.00579,0.878945,85,0.156773,25.325842
87,S044.9,FP004-RP004,HEX,289.5,1.59E+07,87,5,88,0.147727,-5.784794,0.906576,0.0079,0.71409,87,0.219239,26.745973
209,S067_0d89c8_e_Avg_0,FP004-RP004,HEX,92,1.59E+07,209,5,94,0.404255,-5.423752,0.438942,0.014664,0.756988,209,0.206467,23.849716
210,S067_0d89c8_e_Avg_1,FP004-RP004,HEX,93.428571,1.59E+07,210,4.857143,78,0.320513,-9.073272,0.515657,0.016042,0.839565,210,0.166745,39.750347
211,S067_0d89c8_e_Avg_2,FP004-RP004,HEX,89,1.39E+07,211,4.5,66,0.363636,-5.856287,0.731457,0.010066,0.89496,211,0.157625,21.77373
212,S067_0d89c8_e_Avg_3,FP004-RP004,HEX,53,2.22E+07,212,6,59,0.491525,-4.989765,0.677762,0.00862,0.813587,212,0.193443,20.358317
213,S067_0d89c8_e_LVM_0,FP004-RP004,HEX,284,1.59E+07,213,5,162,0.259259,-7.43491,0.463792,0.021332,0.760205,213,0.185985,32.494854
214,S067_0d89c8_e_LVM_1,FP004-RP004,HEX,288,1.39E+07,214,4.5,68,0.544118,-6.679365,0.45363,0.014634,0.698986,214,0.219013,32.363273
215,S067_0d89c8_e_LVM_2,FP004-RP004,HEX,281,1.39E+07,215,4.5,127,0.354331,-5.761242,0.731033,0.008628,0.829003,215,0.179096,23.065507
216,S067_0d89c8_e_LVM_3,FP004-RP004,HEX,245,2.22E+07,216,6,76,0.460526,-4.972761,0.688789,0.010918,0.780866,216,0.204685,21.162847
89,S056.1.1,FP001-RP001x,EVAGREEN,325.5,2.53E+07,89,5,80,0.3375,-5.619903,1.005277,0.001051,0.923929,89,0.151731,20.243834
94,S056.1.2,FP001-RP001x,EVAGREEN,327.5,2.53E+07,94,5,232,0.413793,-4.104233,2.016354,0.000368,0.697784,94,0.25166,19.45471
96,S056.1.3,FP001-RP001x,EVAGREEN,329.5,2.53E+07,96,5,272,0.672794,-4.078579,2.574892,0.006378,0.471963,96,0.340395,28.478773
98,S056.1.4,FP001-RP001x,EVAGREEN,331.5,2.53E+07,98,5,152,0.203947,-7.342124,1.329842,0.002739,0.793546,98,0.176256,30.707436
100,S056.1.5,FP001-RP001x,EVAGREEN,333.5,2.53E+07,100,5,49,0.755102,-6.200514,0.547536,0.002492,0.670672,100,0.226041,30.701569
102,S056.1.6,FP001-RP001x,EVAGREEN,335.5,2.53E+07,102,5,152,0.592105,-3.787128,1.699887,0.001366,0.580558,102,0.305601,21.4963
104,S056.1.7,FP001-RP001x,EVAGREEN,337.5,2.53E+07,104,5,84,0.797619,-6.26524,1.214778,0.004111,0.822078,104,0.177424,25.183434
106,S056.1.8,FP001-RP001x,EVAGREEN,339.5,2.53E+07,106,5,36,0.444444,-6.159535,0.688205,0.001154,0.939171,106,0.142213,21.803504
108,S056.1.9,FP001-RP001x,EVAGREEN,341.5,2.53E+07,108,5,80,0.425,-5.194314,0.929065,0.001102,0.865888,108,0.174752,19.921358
217,S067_0d89c8___Avg_0,FP001-RP001x,EVAGREEN,86,1.59E+07,217,5,45,0.466667,-7.216147,0.309301,0.000682,0.825678,217,0.166301,29.076713
218,S067_0d89c8___Avg_2,FP001-RP001x,EVAGREEN,90,1.39E+07,218,4.5,47,0.510638,-4.441605,0.27911,0.000396,0.595997,218,0.285673,26.543627
219,S067_0d89c8___Avg_3,FP001-RP001x,EVAGREEN,54,2.22E+07,219,6,74,0.256757,-6.019878,0.303179,0.000301,0.987548,219,0.127533,20.292553
220,S067_0d89c8___LVM_0,FP001-RP001x,EVAGREEN,278,1.59E+07,220,5,98,0.234694,-8.097614,0.441086,0.001136,0.910793,220,0.136572,29.506156
221,S067_0d89c8___LVM_1,FP001-RP001x,EVAGREEN,278,1.39E+07,221,4.5,182,0.21978,-6.14356,0.533283,0.000878,0.766318,221,0.199198,26.370319
222,S067_0d89c8___LVM_2,FP001-RP001x,EVAGREEN,282,1.39E+07,222,4.5,198,0.222222,-5.960405,0.554553,0.000459,0.832885,222,0.175668,23.775414
223,S067_0d89c8___LVM_3,FP001-RP001x,EVAGREEN,246,2.22E+07,223,6,137,0.218978,-5.830346,0.428211,0.000172,0.915996,223,0.151422,21.124083
296,S067_8a718d___Avg_0,FP001-RP001x,EVAGREEN,69,1.85E+07,296,5.166667,45,0.466667,-6.605132,0.340707,0.000537,0.800262,296,0.179667,27.366314
297,S067_8a718d___Avg_2,FP001-RP001x,EVAGREEN,101,1.39E+07,297,4.5,47,0.510638,-5.237035,0.291429,0.000373,0.723857,297,0.219413,24.004468
298,S067_8a718d___Avg_3,FP001-RP001x,EVAGREEN,65,2.22E+07,298,6,74,0.256757,-5.911715,0.328244,0.00017,0.97967,298,0.130663,20.108225
299,S067_8a718d___LVM_0,FP001-RP001x,EVAGREEN,265,1.59E+07,299,5,98,0.234694,-7.940741,0.430494,0.000153,0.939712,299,0.12987,28.025003
300,S067_8a718d___LVM_1,FP001-RP001x,EVAGREEN,277,1.39E+07,300,4.5,182,0.21978,-6.684664,0.555025,0.001429,0.797685,300,0.184822,27.841443
301,S067_8a718d___LVM_2,FP001-RP001x,EVAGREEN,294.714286,1.59E+07,301,4.428571,199,0.226131,-5.027517,0.566642,0.000651,0.800982,301,0.195246,20.857957
302,S067_8a718d___LVM_3,FP001-RP001x,EVAGREEN,251,2.78E+07,302,6.25,137,0.218978,-5.556029,0.483657,0.000461,0.930942,302,0.148768,19.843335
334,S067_b12a22___Avg_0,FP001-RP001x,EVAGREEN,80,1.59E+07,334,5,45,0.444444,-7.615523,0.279525,0.000306,0.870462,334,0.151784,29.016199
335,S067_b12a22___Avg_2,FP001-RP001x,EVAGREEN,107,1.39E+07,335,4.5,60,0.25,-6.906199,0.234189,0.000157,0.999303,335,0.11864,22.978668
336,S067_b12a22___Avg_3,FP001-RP001x,EVAGREEN,71,2.22E+07,336,6,65,0.246154,-6.047337,0.246378,0.000244,0.956381,336,0.136777,21.053574
337,S067_b12a22___LVM_0,FP001-RP001x,EVAGREEN,264,1.85E+07,337,5.333333,87,0.241379,-6.948128,0.377082,0.001446,0.771778,337,0.185574,29.879286
338,S067_b12a22___LVM_1,FP001-RP001x,EVAGREEN,279,1.39E+07,338,4.5,190,0.221053,-6.97361,0.461137,0.001008,0.808985,338,0.180277,28.825204
339,S067_b12a22___LVM_2,FP001-RP001x,EVAGREEN,299,1.39E+07,339,4.5,206,0.223301,-5.481816,0.474888,0.000259,0.835048,339,0.178569,21.826441
340,S067_b12a22___LVM_3,FP001-RP001x,EVAGREEN,263,2.22E+07,340,6,49,0.510204,-5.266441,0.2549,0.000328,0.776445,340,0.201392,22.56038
,,,,,,,,,,,,,,,,
,,,,,,,,,,,,,,,,
,,,,,,,,,,,,,,,,
,,,,,,,,,,,,,,,,
,,,,,,,,,,,,,,,,
,,,,,,,,,,,,,,,,
,,,,,,,,,,,,,,,,
,,,,,,,,,,,,,,,,
,,,,,,,,,,,,,,,,
,,,,,,,,,,,,,,,,
,,,,,,,,,,,,,,,,
,,,,,,,,,,,,,,,,
,,,,,,,,,,,,,,,,
,,,,,,,,,,,,,,,,
,,,,,,,,,,,,,,,,
,,,,,,,,,,,,,,,,
,,,,,,,,,,,,,,,,
,,,,,,,,,,,,,,,,
,,,,,,,,,,,,,,,,
,,,,,,,,,,,,,,,,
,,,,,,,,,,,,,,,,
,,,,,,,,,,,,,,,,
,,,,,,,,,,,,,,,,
,,,,,,,,,,,,,,,,
,,,,,,,,,,,,,,,,
,,,,,,,,,,,,,,,,
,,,,,,,,,,,,,,,,
,,,,,,,,,,,,,,,,
,,,,,,,,,,,,,,,,
,,,,,,,,,,,,,,,,
,,,,,,,,,,,,,,,,
,,,,,,,,,,,,,,,,
,,,,,,,,,,,,,,,,
,,,,,,,,,,,,,,,,
,,,,,,,,,,,,,,,,
,,,,,,,,,,,,,,,,
,,,,,,,,,,,,,,,,
,,,,,,,,,,,,,,,,
,,,,,,,,,,,,,,,,
,,,,,,,,,,,,,,,,
,,,,,,,,,,,,,,,,
,,,,,,,,,,,,,,,,
,,,,,,,,,,,,,,,,
,,,,,,,,,,,,,,,,
,,,,,,,,,,,,,,,,
,,,,,,,,,,,,,,,,
,,,,,,,,,,,,,,,,
,,,,,,,,,,,,,,,,
,,,,,,,,,,,,,,,,
,outputs:,"['F0_lg',","'r',","'K',",'m'],,,,,,,,,,,
,inputs:,"['Target',","'PrimerPair',","'Reporter',","'Well',","'Copies',","'lg10_Copies',","'BP',","'GC',","'_',",'_'],,,,,
,,,,,,,,,,,,,,,,
,Target,PrimerPair,Reporter,Well,Copies,\,,,,,,,,,,
89,S056.1.1,FP001-RP001x,EVAGREEN,325.5,2.53E+07,,,,,,,,,,,
94,S056.1.2,FP001-RP001x,EVAGREEN,327.5,2.53E+07,,,,,,,,,,,
96,S056.1.3,FP001-RP001x,EVAGREEN,329.5,2.53E+07,,,,,,,,,,,
98,S056.1.4,FP001-RP001x,EVAGREEN,331.5,2.53E+07,,,,,,,,,,,
100,S056.1.5,FP001-RP001x,EVAGREEN,333.5,2.53E+07,,,,,,,,,,,
102,S056.1.6,FP001-RP001x,EVAGREEN,335.5,2.53E+07,,,,,,,,,,,
104,S056.1.7,FP001-RP001x,EVAGREEN,337.5,2.53E+07,,,,,,,,,,,
106,S056.1.8,FP001-RP001x,EVAGREEN,339.5,2.53E+07,,,,,,,,,,,
108,S056.1.9,FP001-RP001x,EVAGREEN,341.5,2.53E+07,,,,,,,,,,,
217,S067_0d89c8___Avg_0,FP001-RP001x,EVAGREEN,86,1.59E+07,,,,,,,,,,,
218,S067_0d89c8___Avg_2,FP001-RP001x,EVAGREEN,90,1.39E+07,,,,,,,,,,,
219,S067_0d89c8___Avg_3,FP001-RP001x,EVAGREEN,54,2.22E+07,,,,,,,,,,,
220,S067_0d89c8___LVM_0,FP001-RP001x,EVAGREEN,278,1.59E+07,,,,,,,,,,,
221,S067_0d89c8___LVM_1,FP001-RP001x,EVAGREEN,278,1.39E+07,,,,,,,,,,,
222,S067_0d89c8___LVM_2,FP001-RP001x,EVAGREEN,282,1.39E+07,,,,,,,,,,,
223,S067_0d89c8___LVM_3,FP001-RP001x,EVAGREEN,246,2.22E+07,,,,,,,,,,,
296,S067_8a718d___Avg_0,FP001-RP001x,EVAGREEN,69,1.85E+07,,,,,,,,,,,
297,S067_8a718d___Avg_2,FP001-RP001x,EVAGREEN,101,1.39E+07,,,,,,,,,,,
298,S067_8a718d___Avg_3,FP001-RP001x,EVAGREEN,65,2.22E+07,,,,,,,,,,,
299,S067_8a718d___LVM_0,FP001-RP001x,EVAGREEN,265,1.59E+07,,,,,,,,,,,
300,S067_8a718d___LVM_1,FP001-RP001x,EVAGREEN,277,1.39E+07,,,,,,,,,,,
301,S067_8a718d___LVM_2,FP001-RP001x,EVAGREEN,294.714286,1.59E+07,,,,,,,,,,,
302,S067_8a718d___LVM_3,FP001-RP001x,EVAGREEN,251,2.78E+07,,,,,,,,,,,
334,S067_b12a22___Avg_0,FP001-RP001x,EVAGREEN,80,1.59E+07,,,,,,,,,,,
335,S067_b12a22___Avg_2,FP001-RP001x,EVAGREEN,107,1.39E+07,,,,,,,,,,,
336,S067_b12a22___Avg_3,FP001-RP001x,EVAGREEN,71,2.22E+07,,,,,,,,,,,
337,S067_b12a22___LVM_0,FP001-RP001x,EVAGREEN,264,1.85E+07,,,,,,,,,,,
338,S067_b12a22___LVM_1,FP001-RP001x,EVAGREEN,279,1.39E+07,,,,,,,,,,,
339,S067_b12a22___LVM_2,FP001-RP001x,EVAGREEN,299,1.39E+07,,,,,,,,,,,
340,S067_b12a22___LVM_3,FP001-RP001x,EVAGREEN,263,2.22E+07,,,,,,,,,,,
,,,,,,,,,,,,,,,,
,lg10_Copies,BP,GC,F0_lg,K,m,r,\,,,,,,,,
89,5,80,0.3375,-5.619903,1.005277,0.001051,0.923929,,,,,,,,,
94,5,232,0.413793,-4.104233,2.016354,0.000368,0.697784,,,,,,,,,
96,5,272,0.672794,-4.078579,2.574892,0.006378,0.471963,,,,,,,,,
98,5,152,0.203947,-7.342124,1.329842,0.002739,0.793546,,,,,,,,,
100,5,49,0.755102,-6.200514,0.547536,0.002492,0.670672,,,,,,,,,
102,5,152,0.592105,-3.787128,1.699887,0.001366,0.580558,,,,,,,,,
104,5,84,0.797619,-6.26524,1.214778,0.004111,0.822078,,,,,,,,,
106,5,36,0.444444,-6.159535,0.688205,0.001154,0.939171,,,,,,,,,
108,5,80,0.425,-5.194314,0.929065,0.001102,0.865888,,,,,,,,,
217,5,45,0.466667,-7.216147,0.309301,0.000682,0.825678,,,,,,,,,
218,4.5,47,0.510638,-4.441605,0.27911,0.000396,0.595997,,,,,,,,,
219,6,74,0.256757,-6.019878,0.303179,0.000301,0.987548,,,,,,,,,
220,5,98,0.234694,-8.097614,0.441086,0.001136,0.910793,,,,,,,,,
221,4.5,182,0.21978,-6.14356,0.533283,0.000878,0.766318,,,,,,,,,
222,4.5,198,0.222222,-5.960405,0.554553,0.000459,0.832885,,,,,,,,,
223,6,137,0.218978,-5.830346,0.428211,0.000172,0.915996,,,,,,,,,
296,5.166667,45,0.466667,-6.605132,0.340707,0.000537,0.800262,,,,,,,,,
297,4.5,47,0.510638,-5.237035,0.291429,0.000373,0.723857,,,,,,,,,
298,6,74,0.256757,-5.911715,0.328244,0.00017,0.97967,,,,,,,,,
299,5,98,0.234694,-7.940741,0.430494,0.000153,0.939712,,,,,,,,,
300,4.5,182,0.21978,-6.684664,0.555025,0.001429,0.797685,,,,,,,,,
301,4.428571,199,0.226131,-5.027517,0.566642,0.000651,0.800982,,,,,,,,,
302,6.25,137,0.218978,-5.556029,0.483657,0.000461,0.930942,,,,,,,,,
334,5,45,0.444444,-7.615523,0.279525,0.000306,0.870462,,,,,,,,,
335,4.5,60,0.25,-6.906199,0.234189,0.000157,0.999303,,,,,,,,,
336,6,65,0.246154,-6.047337,0.246378,0.000244,0.956381,,,,,,,,,
337,5.333333,87,0.241379,-6.948128,0.377082,0.001446,0.771778,,,,,,,,,
338,4.5,190,0.221053,-6.97361,0.461137,0.001008,0.808985,,,,,,,,,
339,4.5,206,0.223301,-5.481816,0.474888,0.000259,0.835048,,,,,,,,,
340,6,49,0.510204,-5.266441,0.2549,0.000328,0.776445,,,,,,,,,
,,,,,,,,,,,,,,,,
,_,_,,,,,,,,,,,,,,
89,0.151731,20.243834,,,,,,,,,,,,,,
94,0.25166,19.45471,,,,,,,,,,,,,,
96,0.340395,28.478773,,,,,,,,,,,,,,
98,0.176256,30.707436,,,,,,,,,,,,,,
100,0.226041,30.701569,,,,,,,,,,,,,,
102,0.305601,21.4963,,,,,,,,,,,,,,
104,0.177424,25.183434,,,,,,,,,,,,,,
106,0.142213,21.803504,,,,,,,,,,,,,,
108,0.174752,19.921358,,,,,,,,,,,,,,
217,0.166301,29.076713,,,,,,,,,,,,,,
218,0.285673,26.543627,,,,,,,,,,,,,,
219,0.127533,20.292553,,,,,,,,,,,,,,
220,0.136572,29.506156,,,,,,,,,,,,,,
221,0.199198,26.370319,,,,,,,,,,,,,,
222,0.175668,23.775414,,,,,,,,,,,,,,
223,0.151422,21.124083,,,,,,,,,,,,,,
296,0.179667,27.366314,,,,,,,,,,,,,,
297,0.219413,24.004468,,,,,,,,,,,,,,
298,0.130663,20.108225,,,,,,,,,,,,,,
299,0.12987,28.025003,,,,,,,,,,,,,,
300,0.184822,27.841443,,,,,,,,,,,,,,
301,0.195246,20.857957,,,,,,,,,,,,,,
302,0.148768,19.843335,,,,,,,,,,,,,,
334,0.151784,29.016199,,,,,,,,,,,,,,
335,0.11864,22.978668,,,,,,,,,,,,,,
336,0.136777,21.053574,,,,,,,,,,,,,,
337,0.185574,29.879286,,,,,,,,,,,,,,
338,0.180277,28.825204,,,,,,,,,,,,,,
339,0.178569,21.826441,,,,,,,,,,,,,,
340,0.201392,22.56038,,,,,,,,,,,,,,
WideData:,,,,,,,,,,,,,,,,
,outputs:,"['F0_lg',","'r',","'K',",'m'],,,,,,,,,,,
,inputs:,"['Target',","'PrimerPair',","'Reporter',","'Well',","'Copies',","'lg10_Copies',","'BP',","'GC',","'_',",'_'],,,,,
,,,,,,,,,,,,,,,,
,Target,PrimerPair,Reporter,Well,Copies,\,,,,,,,,,,
110,S056.2.1,FP002-RP002x,EVAGREEN,325.5,2.53E+07,,,,,,,,,,,
115,S056.2.2,FP002-RP002x,EVAGREEN,327.5,2.53E+07,,,,,,,,,,,
117,S056.2.3,FP002-RP002x,EVAGREEN,329.5,2.53E+07,,,,,,,,,,,
119,S056.2.4,FP002-RP002x,EVAGREEN,331.5,2.53E+07,,,,,,,,,,,
121,S056.2.5,FP002-RP002x,EVAGREEN,316.7,4.04E+07,,,,,,,,,,,
123,S056.2.6,FP002-RP002x,EVAGREEN,335.5,2.53E+07,,,,,,,,,,,
125,S056.2.7,FP002-RP002x,EVAGREEN,332.357143,2.89E+07,,,,,,,,,,,
127,S056.2.8,FP002-RP002x,EVAGREEN,339.5,2.53E+07,,,,,,,,,,,
224,S067_0d89c8___Avg_0,FP002-RP002x,EVAGREEN,87,1.59E+07,,,,,,,,,,,
225,S067_0d89c8___Avg_2,FP002-RP002x,EVAGREEN,91,1.39E+07,,,,,,,,,,,
226,S067_0d89c8___LVM_0,FP002-RP002x,EVAGREEN,279,1.59E+07,,,,,,,,,,,
303,S067_8a718d___Avg_0,FP002-RP002x,EVAGREEN,74,1.59E+07,,,,,,,,,,,
304,S067_8a718d___Avg_3,FP002-RP002x,EVAGREEN,66,2.22E+07,,,,,,,,,,,
305,S067_8a718d___LVM_0,FP002-RP002x,EVAGREEN,266,1.59E+07,,,,,,,,,,,
306,S067_8a718d___LVM_1,FP002-RP002x,EVAGREEN,282,1.39E+07,,,,,,,,,,,
307,S067_8a718d___LVM_3,FP002-RP002x,EVAGREEN,258,2.22E+07,,,,,,,,,,,
341,S067_b12a22___Avg_0,FP002-RP002x,EVAGREEN,81,1.59E+07,,,,,,,,,,,
342,S067_b12a22___Avg_2,FP002-RP002x,EVAGREEN,108,1.39E+07,,,,,,,,,,,
,,,,,,,,,,,,,,,,
,lg10_Copies,BP,GC,F0_lg,K,m,r,\,,,,,,,,
110,5,80,0.3375,-5.103986,0.889936,0.001791,0.811478,,,,,,,,,
115,5,232,0.413793,-3.511764,2.921838,0.001875,0.585297,,,,,,,,,
117,5,272,0.672794,-3.257986,3.466024,0.003057,0.461468,,,,,,,,,
119,5,152,0.203947,-4.127461,2.182007,0.002441,0.640374,,,,,,,,,
121,6.4,49,0.755102,-5.34279,1.112493,0.001092,0.533366,,,,,,,,,
123,5,152,0.592105,-3.446151,2.417994,0.002623,0.511567,,,,,,,,,
125,5.428571,84,0.797619,-5.594043,1.757895,0.005357,0.749123,,,,,,,,,
127,5,36,0.444444,-5.222479,1.269218,0.00313,0.811335,,,,,,,,,
224,5,45,0.466667,-6.136734,0.252658,0.000982,0.7256,,,,,,,,,
225,4.5,47,0.531915,-5.215141,0.255015,0.001318,0.729628,,,,,,,,,
226,5,41,0.463415,-7.138599,0.216506,0.001891,0.810639,,,,,,,,,
303,5,45,0.444444,-6.440953,0.249966,0.001754,0.729576,,,,,,,,,
304,6,74,0.256757,-5.671362,0.263845,0.001203,0.876123,,,,,,,,,
305,5,41,0.463415,-6.909815,0.256055,0.001581,0.763318,,,,,,,,,
306,4.5,24,0.416667,-6.644598,0.165937,0.001488,0.857501,,,,,,,,,
307,6,38,0.421053,-5.777456,0.218441,0.001053,0.853412,,,,,,,,,
341,5,45,0.444444,-6.885157,0.242258,0.001601,0.78068,,,,,,,,,
342,4.5,60,0.25,-6.202488,0.205531,0.001475,0.87602,,,,,,,,,
,,,,,,,,,,,,,,,,
,_,_,,,,,,,,,,,,,,
110,0.194425,20.873474,,,,,,,,,,,,,,
115,0.315217,19.735795,,,,,,,,,,,,,,
117,0.377089,22.995259,,,,,,,,,,,,,,
119,0.274033,21.208691,,,,,,,,,,,,,,
121,0.302109,31.922203,,,,,,,,,,,,,,
123,0.348915,22.037953,,,,,,,,,,,,,,
125,0.208868,24.615879,,,,,,,,,,,,,,
127,0.195065,21.217325,,,,,,,,,,,,,,
224,0.207293,28.107012,,,,,,,,,,,,,,
225,0.217399,23.741566,,,,,,,,,,,,,,
226,0.17159,29.253077,,,,,,,,,,,,,,
303,0.203451,29.281648,,,,,,,,,,,,,,
304,0.16566,21.46087,,,,,,,,,,,,,,
305,0.188767,29.992125,,,,,,,,,,,,,,
306,0.163743,25.627243,,,,,,,,,,,,,,
307,0.171438,22.411622,,,,,,,,,,,,,,
341,0.183714,29.271038,,,,,,,,,,,,,,
342,0.159028,23.758555,,,,,,,,,,,,,,
WideData:,,,,,,,,,,,,,,,,
,outputs:,"['F0_lg',","'r',","'K',",'m'],,,,,,,,,,,
,inputs:,"['Target',","'PrimerPair',","'Reporter',","'Well',","'Copies',","'lg10_Copies',","'BP',","'GC',","'_',",'_'],,,,,
,,,,,,,,,,,,,,,,
,Target,PrimerPair,Reporter,Well,Copies,\,,,,,,,,,,
190,S067_0d89c8_b_Avg_0,FP001-FP005,EVAGREEN,89,1.59E+07,,,,,,,,,,,
191,S067_0d89c8_b_Avg_1,FP001-FP005,EVAGREEN,93,1.39E+07,,,,,,,,,,,
192,S067_0d89c8_b_Avg_2,FP001-FP005,EVAGREEN,86,1.39E+07,,,,,,,,,,,
193,S067_0d89c8_b_Avg_3,FP001-FP005,EVAGREEN,50,2.22E+07,,,,,,,,,,,
194,S067_0d89c8_b_LVM_0,FP001-FP005,EVAGREEN,266.6,2.22E+07,,,,,,,,,,,
195,S067_0d89c8_b_LVM_2,FP001-FP005,EVAGREEN,278,1.39E+07,,,,,,,,,,,
196,S067_0d89c8_b_LVM_3,FP001-FP005,EVAGREEN,242,2.22E+07,,,,,,,,,,,
249,S067_76f36b___Avg_0,FP001-FP005,EVAGREEN,98,1.84E+07,,,,,,,,,,,
250,S067_76f36b___Avg_1,FP001-FP005,EVAGREEN,92,1.39E+07,,,,,,,,,,,
251,S067_76f36b___Avg_2,FP001-FP005,EVAGREEN,95,1.39E+07,,,,,,,,,,,
252,S067_76f36b___Avg_3,FP001-FP005,EVAGREEN,59,2.22E+07,,,,,,,,,,,
253,S067_76f36b___LVM_0,FP001-FP005,EVAGREEN,286,1.59E+07,,,,,,,,,,,
254,S067_76f36b___LVM_2,FP001-FP005,EVAGREEN,287,1.39E+07,,,,,,,,,,,
255,S067_76f36b___LVM_3,FP001-FP005,EVAGREEN,251,2.22E+07,,,,,,,,,,,
,,,,,,,,,,,,,,,,
,lg10_Copies,BP,GC,F0_lg,K,m,r,\,,,,,,,,
190,5,45,0.466667,-6.632823,0.350148,0.001147,0.734399,,,,,,,,,
191,4.5,51,0.27451,-6.481436,0.348863,0.000948,0.849461,,,,,,,,,
192,4.5,60,0.233333,-5.957557,0.397111,0.000601,0.89163,,,,,,,,,
193,6,65,0.246154,-5.552937,0.460595,0.001092,0.911057,,,,,,,,,
194,5.6,45,0.222222,-6.908701,0.329491,0.001112,0.902697,,,,,,,,,
195,4.5,28,0.392857,-6.340242,0.312778,0.000206,0.868255,,,,,,,,,
196,6,40,0.45,-5.109296,0.400386,0.000698,0.76678,,,,,,,,,
249,4.833333,45,0.444444,-5.882753,0.281513,0.000843,0.773164,,,,,,,,,
250,4.5,53,0.283019,-6.51406,0.336668,0.000741,0.878593,,,,,,,,,
251,4.5,47,0.510638,-4.949393,0.328389,0.000486,0.669345,,,,,,,,,
252,6,71,0.253521,-5.455763,0.406791,0.00102,0.885453,,,,,,,,,
253,5,51,0.215686,-6.710114,0.279354,0.000938,0.914798,,,,,,,,,
254,4.5,32,0.375,-5.892422,0.280561,0.000376,0.830557,,,,,,,,,
255,6,45,0.422222,-5.46643,0.348662,0.00025,0.824611,,,,,,,,,
,,,,,,,,,,,,,,,,
,_,_,,,,,,,,,,,,,,
190,0.199917,29.928567,,,,,,,,,,,,,,
191,0.168286,25.143455,,,,,,,,,,,,,,
192,0.15765,22.181301,,,,,,,,,,,,,,
193,0.155267,20.25051,,,,,,,,,,,,,,
194,0.146045,25.407523,,,,,,,,,,,,,,
195,0.16154,24.237333,,,,,,,,,,,,,,
196,0.20714,22.17696,,,,,,,,,,,,,,
249,0.196243,25.355548,,,,,,,,,,,,,,
250,0.158113,24.556527,,,,,,,,,,,,,,
251,0.242728,24.526114,,,,,,,,,,,,,,
252,0.163823,20.491767,,,,,,,,,,,,,,
253,0.144779,24.360206,,,,,,,,,,,,,,
254,0.176762,23.53627,,,,,,,,,,,,,,
255,0.183142,22.01424,,,,,,,,,,,,,,
WideData:,,,,,,,,,,,,,,,,
,outputs:,"['F0_lg',","'r',","'K',",'m'],,,,,,,,,,,
,inputs:,"['Target',","'PrimerPair',","'Reporter',","'Well',","'Copies',","'lg10_Copies',","'BP',","'GC',","'_',",'_'],,,,,
,,,,,,,,,,,,,,,,
,Target,PrimerPair,Reporter,Well,Copies,\,,,,,,,,,,
197,S067_0d89c8_c_Avg_1,FP002-RP001x,FAM,104,1.39E+07,,,,,,,,,,,
198,S067_0d89c8_c_Avg_3,FP002-RP001x,FAM,51,2.22E+07,,,,,,,,,,,
199,S067_0d89c8_c_LVM_0,FP002-RP001x,FAM,282,1.59E+07,,,,,,,,,,,
200,S067_0d89c8_c_LVM_1,FP002-RP001x,FAM,285.8,2.22E+07,,,,,,,,,,,
201,S067_0d89c8_c_LVM_2,FP002-RP001x,FAM,279,1.39E+07,,,,,,,,,,,
202,S067_0d89c8_c_LVM_3,FP002-RP001x,FAM,243,2.22E+07,,,,,,,,,,,
264,S067_8a718d_b_Avg_0,FP002-RP001x,FAM,76,1.59E+07,,,,,,,,,,,
265,S067_8a718d_b_Avg_1,FP002-RP001x,FAM,106,1.39E+07,,,,,,,,,,,
266,S067_8a718d_b_Avg_2,FP002-RP001x,FAM,97,1.39E+07,,,,,,,,,,,
267,S067_8a718d_b_Avg_3,FP002-RP001x,FAM,61,2.22E+07,,,,,,,,,,,
268,S067_8a718d_b_LVM_0,FP002-RP001x,FAM,268,1.59E+07,,,,,,,,,,,
269,S067_8a718d_b_LVM_1,FP002-RP001x,FAM,295,1.39E+07,,,,,,,,,,,
270,S067_8a718d_b_LVM_2,FP002-RP001x,FAM,289,1.39E+07,,,,,,,,,,,
271,S067_8a718d_b_LVM_3,FP002-RP001x,FAM,253,2.22E+07,,,,,,,,,,,
,,,,,,,,,,,,,,,,
,lg10_Copies,BP,GC,F0_lg,K,m,r,\,,,,,,,,
197,4.5,194,0.541237,-4.696785,0.632198,0.016439,0.551684,,,,,,,,,
198,6,235,0.595745,-4.136033,0.456562,0.054209,0.615236,,,,,,,,,
199,5,375,0.346667,-5.215099,0.628254,0.01945,0.694461,,,,,,,,,
200,4.8,575,0.344348,-5.704137,0.67267,0.016362,0.558249,,,,,,,,,
201,4.5,70,0.371429,-5.815063,0.690586,0.022744,0.895446,,,,,,,,,
202,6,70,0.542857,-4.983426,0.628694,0.045243,0.808602,,,,,,,,,
264,5,92,0.413043,-6.585023,0.690407,0.021488,0.805044,,,,,,,,,
265,4.5,71,0.464789,-6.572802,0.668464,0.030899,0.813804,,,,,,,,,
266,4.5,70,0.385714,-5.585879,0.660833,0.022207,0.88792,,,,,,,,,
267,6,70,0.371429,-5.321088,0.587571,0.030759,0.884936,,,,,,,,,
268,5,70,0.414286,-5.365245,0.716409,0.019108,0.841598,,,,,,,,,
269,4.5,86,0.395349,-7.349824,0.597312,0.016472,0.845749,,,,,,,,,
270,4.5,127,0.385827,-5.216957,0.688911,0.025685,0.852384,,,,,,,,,
271,6,70,0.485714,-5.207153,0.553904,0.021229,0.861386,,,,,,,,,
,,,,,,,,,,,,,,,,
,_,_,,,,,,,,,,,,,,
197,0.297765,29.164971,,,,,,,,,,,,,,
198,0.27708,22.430105,,,,,,,,,,,,,,
199,0.229756,24.965361,,,,,,,,,,,,,,
200,0.278692,35.34722,,,,,,,,,,,,,,
201,0.157479,21.596413,,,,,,,,,,,,,,
202,0.194918,20.478418,,,,,,,,,,,,,,
264,0.177906,27.193911,,,,,,,,,,,,,,
265,0.181322,27.490403,,,,,,,,,,,,,,
266,0.161151,20.952757,,,,,,,,,,,,,,
267,0.167172,19.892168,,,,,,,,,,,,,,
268,0.179454,21.187516,,,,,,,,,,,,,,
269,0.171357,30.29218,,,,,,,,,,,,,,
270,0.176444,20.357972,,,,,,,,,,,,,,
271,0.174959,20.096219,,,,,,,,,,,,,,
WideData:,,,,,,,,,,,,,,,,
,outputs:,"['F0_lg',","'r',","'K',",'m'],,,,,,,,,,,
,inputs:,"['Target',","'PrimerPair',","'Reporter',","'Well',","'Copies',","'lg10_Copies',","'BP',","'GC',","'_',",'_'],,,,,
,,,,,,,,,,,,,,,,
,Target,PrimerPair,Reporter,Well,Copies,lg10_Copies,\,,,,,,,,,
12,S036.6,FP001-RP001,FAM,88.5,1.59E+07,5,,,,,,,,,,
14,S036.7,FP001-RP001,FAM,85.5,1.59E+07,5,,,,,,,,,,
16,S036.8,FP001-RP001,FAM,86.037037,1.65E+07,5.111111,,,,,,,,,,
17,S037.01.01,FP001-RP001,FAM,38.5,2.53E+07,5,,,,,,,,,,
18,S037.01.03,FP001-RP001,FAM,110.5,2.53E+07,5,,,,,,,,,,
156,S057.2.0,FP001-RP001,FAM,51.5,2.53E+07,5,,,,,,,,,,
157,S057.2.1,FP001-RP001,FAM,53.5,2.53E+07,5,,,,,,,,,,
158,S057.2.2,FP001-RP001,FAM,55.5,2.53E+07,5,,,,,,,,,,
159,S057.2.4,FP001-RP001,FAM,57.5,2.53E+07,5,,,,,,,,,,
,,,,,,,,,,,,,,,,
,BP,GC,F0_lg,K,m,r,_,\,,,,,,,,
12,74,0.527027,-5.944,1.065763,0.010039,0.81757,0.181508,,,,,,,,,
14,88,0.431818,-6.275247,1.086561,0.006274,0.851363,0.168239,,,,,,,,,
16,30,0.533333,-7.333192,1.076638,0.014399,0.927398,0.137928,,,,,,,,,
17,161,0.57764,-4.417003,0.5785,0.024719,0.636401,0.264595,,,,,,,,,
18,326,0.496933,-3.815548,0.521788,0.02871,0.573002,0.300941,,,,,,,,,
156,49,0.693878,-4.652828,0.591596,0.032625,0.660248,0.2546,,,,,,,,,
157,461,0.505423,-3.885791,0.510993,0.034298,0.518349,0.32436,,,,,,,,,
158,331,0.516616,-3.860093,0.509495,0.038831,0.587618,0.295934,,,,,,,,,
159,380,0.486842,-4.376616,0.452871,0.063265,0.590198,0.282738,,,,,,,,,
,,,,,,,,,,,,,,,,
,_,,,,,,,,,,,,,,,
12,24.183783,,,,,,,,,,,,,,,
14,24.519242,,,,,,,,,,,,,,,
16,26.31966,,,,,,,,,,,,,,,
17,22.964436,,,,,,,,,,,,,,,
18,22.107215,,,,,,,,,,,,,,,
156,23.398812,,,,,,,,,,,,,,,
157,24.822991,,,,,,,,,,,,,,,
158,21.769928,,,,,,,,,,,,,,,
159,24.567927,,,,,,,,,,,,,,,
WideData:,,,,,,,,,,,,,,,,
,outputs:,"['F0_lg',","'r',","'K',",'m'],,,,,,,,,,,
,inputs:,"['Target',","'PrimerPair',","'Reporter',","'Well',","'Copies',","'lg10_Copies',","'BP',","'GC',","'_',",'_'],,,,,
,,,,,,,,,,,,,,,,
,Target,PrimerPair,Reporter,Well,Copies,lg10_Copies,\,,,,,,,,,
177,S057.8.0,FP057.1.0-RP003x,HEX,339.5,25252525,5,,,,,,,,,,
178,S057.8.2,FP057.1.0-RP003x,HEX,341.5,25252525,5,,,,,,,,,,
179,S057.8.4,FP057.1.0-RP003x,HEX,343.5,25252525,5,,,,,,,,,,
,,,,,,,,,,,,,,,,
,BP,GC,F0_lg,K,m,r,_,\,,,,,,,,
177,85,0.294118,-5.506605,0.662162,0.032278,0.862772,0.172401,,,,,,,,,
178,33,0.393939,-5.437709,0.676732,0.025094,0.892045,0.163232,,,,,,,,,
179,62,0.306452,-5.440276,0.67687,0.024169,0.878433,0.167814,,,,,,,,,
,,,,,,,,,,,,,,,,
,_,,,,,,,,,,,,,,,
177,21.194306,,,,,,,,,,,,,,,
178,20.278126,,,,,,,,,,,,,,,
179,20.600285,,,,,,,,,,,,,,,
WideData:,,,,,,,,,,,,,,,,
,outputs:,"['F0_lg',","'r',","'K',",'m'],,,,,,,,,,,
,inputs:,"['Target',","'PrimerPair',","'Reporter',","'Well',","'Copies',","'lg10_Copies',","'BP',","'GC',","'_',",'_'],,,,,
,,,,,,,,,,,,,,,,
,Target,PrimerPair,Reporter,Well,Copies,lg10_Copies,BP,\,,,,,,,,
25,S037.04.01,FP002-RP006,HEX,260.5,25252525,5,100,,,,,,,,,
26,S037.04.04,FP002-RP006,HEX,193.5,50500000,7,104,,,,,,,,,
,,,,,,,,,,,,,,,,
,GC,F0_lg,K,m,r,_,_,,,,,,,,,
25,0.48,-3.078805,1.269033,0.011734,0.508379,0.353105,20.045178,,,,,,,,,
26,0.432692,-3.312646,1.282057,0.012311,0.521085,0.33447,21.123534,,,,,,,,,
WideData:,,,,,,,,,,,,,,,,
,outputs:,"['F0_lg',","'r',","'K',",'m'],,,,,,,,,,,
,inputs:,"['Target',","'PrimerPair',","'Reporter',","'Well',","'Copies',","'lg10_Copies',","'BP',","'GC',","'_',",'_'],,,,,
,,,,,,,,,,,,,,,,
,Target,PrimerPair,Reporter,Well,Copies,lg10_Copies,BP,\,,,,,,,,
366,S_PRDM1_WTa,FP003-RP003,HEX,191,25252525,5,97,,,,,,,,,
,,,,,,,,,,,,,,,,
,GC,F0_lg,K,m,r,_,_,,,,,,,,,
366,0.525773,-4.581234,0.547564,0.021581,0.634075,0.265075,23.981282,,,,,,,,,