,Target,PrimerPair,Reporter,Well,Copies,lg10_Copies,BP,GC,F0_lg,K,m,r,ρ,τ
0,S036.0,FP002-RP002,FAM,73.5,2222200.0,5.0,108.0,0.4814814814814815,-4.587598623943168,0.886769392131942,0.014093202960662948,0.6899851724708814,0.24153997017537282,22.071663538829515
1,S036.0,FP002-RP002,SYBR,289.5,15873014.285714285,5.0,108.0,0.48148148148148145,-4.838177743640629,2.538432189863158,0.000192832481653043,0.7214266183175947,0.22974457999538758,22.181674880294633
2,S036.1,FP002-RP002,HEX,76.5,15873014.285714285,5.0,108.0,0.48148148148148145,-5.625271128752409,0.506224721575876,0.008196138631147213,0.7036159288852574,0.22272280161314972,26.52107296062675
3,S036.1,FP002-RP002,SYBR,292.5,15873014.285714285,5.0,108.0,0.48148148148148145,-5.176246755595744,2.562073831957939,0.0013573380389404618,0.7193319124915293,0.22467919101262226,23.86481896979947
4,S036.2,FP002-RP002,HEX,79.5,15873014.285714285,5.0,88.0,0.4318181818181818,-5.521461809721113,0.5201189602569246,0.007947287459549549,0.7494338256084724,0.20881672166039697,24.461465801667078
5,S036.2,FP002-RP002,SYBR,295.5,15873014.285714285,5.0,88.0,0.4318181818181818,-5.753205801331475,2.2294665053744183,0.0004218053330910165,0.802732227473057,0.18992404913295347,23.749550514391746
6,S036.3,FP002-RP002,HEX,77.0,17094007.692307692,5.230769230769231,30.0,0.43333333333333335,-6.696999486799388,0.5683702012736058,0.007918006988206912,0.8404861646083522,0.16813120491367708,26.482952210905612
7,S036.3,FP002-RP002,SYBR,298.5,15873014.285714285,5.0,30.0,0.4333333333333333,-7.081924348449116,1.4815038908724052,0.00029910095623355274,0.8917738634611182,0.14998426148892416,26.392277265091035
8,S036.4,FP002-RP002,HEX,97.5,1851850.0,4.5,108.0,0.25,-7.280388882890918,0.5783643940636135,0.0071573739858586454,0.79934332895595,0.17461972696978503,30.260485348209983
9,S036.4,FP002-RP002,SYBR,301.5,15873014.285714285,5.0,108.0,0.25,-6.776469508981699,2.31927606151132,0.0018323206033043894,0.8397775142600773,0.16820904101918682,26.94043954075456
10,S036.5,FP001-RP001,HEX,81.48148148148148,16090533.333333334,4.925925925925926,74.0,0.527027027027027,-6.105043174053991,0.793078739980001,0.006086875630065501,0.8207917834232865,0.17875810226154357,24.727158646257408
11,S036.5,FP001-RP001,SYBR,73.5,15873014.285714285,5.0,74.0,0.527027027027027,-5.325329321822408,2.174044338096655,0.0012784850743269027,0.8242115055236114,0.1870823480125786,21.434649210524675
12,S036.6,FP001-RP001,FAM,88.5,15873014.285714285,5.0,74.0,0.527027027027027,-5.944000341412479,1.0657626091720014,0.010038865488238399,0.8175700043386583,0.18150787681890854,24.18378282304936
13,S036.6,FP001-RP001,SYBR,76.5,15873014.285714285,5.0,74.0,0.527027027027027,-5.755868309847363,2.265893382731726,0.0007144117795580441,0.8458258982730886,0.17554179845848675,22.565977138462504
14,S036.7,FP001-RP001,FAM,85.5,15873014.285714285,5.0,88.0,0.4318181818181818,-6.275246582222674,1.0865606724589918,0.006274459156612645,0.8513631194125661,0.16823894536593345,24.51924193726569
15,S036.7,FP001-RP001,SYBR,79.5,15873014.285714285,5.0,88.0,0.4318181818181818,-6.033516605966227,2.24996129211484,0.0002292713412860137,0.9128367974438024,0.15214367833346204,21.969127377141234
16,S036.8,FP001-RP001,FAM,86.03703703703704,16460900.0,5.111111111111111,30.0,0.5333333333333333,-7.333191517236843,1.0766382614470391,0.014398834005271931,0.9273982009071139,0.1379279580890368,26.31966036354042
17,S037.01.01,FP001-RP001,FAM,38.5,25252525.0,5.0,161.0,0.577639751552795,-4.4170030834628475,0.5785004490212251,0.02471934680616216,0.6364007088720525,0.26459510947996434,22.964436442979007
18,S037.01.03,FP001-RP001,FAM,110.5,25252525.0,5.0,326.0,0.49693251533742333,-3.815548302356789,0.5217882511036342,0.028709549652647073,0.5730023966499518,0.3009414629848727,22.107214725244898
19,S037.02.01,FP001-RP005,FAM,182.5,25252525.0,5.0,81.0,0.5432098765432098,-3.449010303535635,0.8124763680092683,0.006448200116874393,0.6191919477766182,0.29257531064257564,18.531120537423597
20,S037.02.02,FP001-RP005,FAM,254.5,25252525.0,5.0,77.0,0.5714285714285714,-3.8917121797280343,0.7766593381948159,0.00706601228077328,0.5621165800295675,0.30816469580442823,22.908643829033434
21,S037.02.03,FP001-RP005,FAM,326.5,25252525.0,5.0,95.0,0.4842105263157895,-4.337013647698056,0.8427421831853388,0.007087126537067799,0.7209129749658166,0.23555030035584695,19.949179223990182
22,S037.02.04,FP001-RP005,FAM,44.5,25252525.0,5.0,92.0,0.5543478260869565,-3.328604390447966,0.7671367942089661,0.006373631275971686,0.579152975625427,0.31126305761097744,19.07386899550988
23,S037.03.01,FP005-RP005,HEX,116.5,25252525.0,5.0,192.0,0.4427083333333333,-3.8800350023535444,0.5609622680722502,0.006616363703335675,0.6075840581131968,0.28680984553825273,21.083320512532964
24,S037.03.02,FP005-RP005,HEX,188.5,25252525.0,5.0,117.0,0.6752136752136753,-3.2530496130202167,0.466053439121085,0.012485854405751163,0.4271724656691195,0.3818017802287979,25.153569649049732
25,S037.04.01,FP002-RP006,HEX,260.5,25252525.0,5.0,100.0,0.48,-3.078804692512511,1.2690331946950062,0.011734015495529552,0.5083791989532515,0.35310495748426224,20.045177663166623
26,S037.04.04,FP002-RP006,HEX,193.5,50500000.0,7.0,104.0,0.4326923076923077,-3.312645639276362,1.2820573620913387,0.01231068913704367,0.5210845794806946,0.3344704095302152,21.123533634736607
27,S037.05.01,FP006-RP006,FAM,266.5,25252525.0,5.0,103.0,0.4854368932038835,-3.9295928014155073,0.681392986009472,0.007752273584102055,0.6681404123866976,0.26255262735155127,19.509304678027625
28,S037.05.02,FP006-RP006,FAM,338.5,25252525.0,5.0,106.0,0.44339622641509435,-3.5357872013537452,0.6640860137561954,0.008378129853961731,0.711881617168237,0.2535533678528161,16.491975155145514
29,S037.06.01,FP004-RP004,HEX,56.5,25252525.0,5.0,98.0,0.47959183673469385,-4.1541498894418885,0.4399570031732866,0.01158000561990782,0.6989562665932865,0.24751725852505824,19.69193839042648
30,S037.06.02,FP004-RP004,HEX,128.5,25252525.0,5.0,101.0,0.43564356435643564,-4.438864269870357,0.48473433620488293,0.010392266479468332,0.7509005057963504,0.22343838647002265,19.596449661644858
31,S037.06.03,FP004-RP004,HEX,200.5,25252525.0,5.0,106.0,0.4056603773584906,-4.114577299649673,0.48814788668867215,0.010079168480967881,0.7552769229526107,0.22841979496572024,18.075774546900323
32,S037.08.01,FP003-RP008,FAM,272.5,25252525.0,5.0,57.0,0.2807017543859649,-5.001130889842018,0.6370810867414911,0.022141318151898196,0.899405678555901,0.16476178710072997,18.483214152688358
33,S044.0,FP004-RP004,SYBR,80.0,15873014.285714285,5.0,16.0,0.4375,-7.5223123497865725,1.3939089882624165,3.534518472240944e-05,1.0161867114057306,0.11149811571548887,24.65857209489382
34,S044.1,FP004-RP004,SYBR,289.5,15873014.285714285,5.0,30.0,0.26666666666666666,-7.077251381896915,0.8973414298442357,3.717781524884861e-05,1.0761038142006571,0.09659397339892783,21.865652249079243
35,S044.10,FP004-RP004,HEX,292.5,15873014.285714285,5.0,88.0,0.25,-7.201921626964221,0.774733461381264,0.006131043285325972,0.9858933419197573,0.12309000363045886,24.19858932998989
36,S044.10,FP004-RP004,SYBR,293.0,15873014.285714285,5.0,88.0,0.25,-6.990264141770751,2.2490742864614797,0.0022411418445080124,0.9721959750339787,0.1274412398917264,23.853310214040015
37,S044.11,FP004-RP004,HEX,295.5,15873014.285714285,5.0,88.0,0.35227272727272724,-7.217758586386114,0.8126375749890011,0.00605587348096658,0.918094518795918,0.1418004620991903,26.029813602980884
38,S044.11,FP004-RP004,SYBR,296.0,15873014.285714285,5.0,88.0,0.3522727272727273,-7.019603090608269,2.470917187984604,0.0007210916058556924,0.9280841838547047,0.1407326673702797,25.013154240525658
39,S044.12,FP004-RP004,HEX,73.5,15873014.285714285,5.0,88.0,0.4318181818181818,-6.3818169634798725,0.6766997949428133,0.006270684843682243,0.8108689436990449,0.17990009897167006,26.13659858771077
40,S044.12,FP004-RP004,SYBR,74.0,15873014.285714285,5.0,88.0,0.4318181818181818,-6.2255480688708,2.3606312875598463,0.002802487404181546,0.8391627865719994,0.17305797387913172,24.675546816543697
41,S044.13,FP004-RP004,FAM,76.5,15873014.285714285,5.0,88.0,0.4318181818181818,-6.189803062288689,1.1208579084342054,0.013968126180851928,0.8372692560186922,0.17369558567258708,24.562887564260937
42,S044.13,FP004-RP004,SYBR,77.0,15873014.285714285,5.0,88.0,0.4318181818181818,-6.867230015265219,2.290133841610399,0.001015416321758341,0.8814680821106526,0.15920953545674757,25.49876291598833
43,S044.14,FP004-RP004,HEX,298.5,15873014.285714285,5.0,88.0,0.5454545454545454,-5.863371473267351,0.7417218226218765,0.008986761468935428,0.7255894766932192,0.21345180590135607,26.7844503608632
44,S044.14,FP004-RP004,SYBR,299.0,15873014.285714285,5.0,88.0,0.5454545454545454,-5.854636494700398,2.707197764448498,0.0032515931876090603,0.7597950743602875,0.20192029843116083,25.624887779076385
45,S044.15,FP004-RP004,HEX,301.5,15873014.285714285,5.0,88.0,0.6477272727272727,-5.195360007424506,0.7288467197125443,0.010289683585740584,0.653119511076485,0.25254935258588956,25.9960842332363
46,S044.15,FP004-RP004,SYBR,302.0,15873014.285714285,5.0,88.0,0.6477272727272727,-5.605340661105359,2.7922618061550333,0.0003785710639998287,0.7373067989516445,0.21968947348329804,24.629910739553946
47,S044.16,FP004-RP004,HEX,304.5,15873014.285714285,5.0,88.0,0.75,-5.28246732632288,0.7350054566353238,0.023166060075672904,0.6630089329010662,0.2439116380504507,26.337442413386686
48,S044.16,FP004-RP004,SYBR,305.0,15873014.285714285,5.0,88.0,0.75,-5.788567266345648,3.1640313137984544,0.0010817574043488426,0.7677834497071088,0.20681694861596484,24.396533953164965
49,S044.17,FP004-RP004,HEX,307.5,15873014.285714285,5.0,88.0,0.7954545454545455,-6.617538792618707,0.8151806893840021,0.016194505760009276,0.7064451305099873,0.2145410468114825,30.737963507647038
50,S044.17,FP004-RP004,SYBR,308.0,15873014.285714285,5.0,88.0,0.7954545454545454,-7.585310748389278,3.0387568929864495,0.000651712862213467,0.8495277493793122,0.16356327028689724,29.12354710557071
51,S044.18,FP004-RP004,HEX,310.5,15873014.285714285,5.0,88.0,0.8522727272727273,-7.940382890131585,0.5635860380202181,0.034892516871553945,0.7056250881831333,0.20813593109343784,36.60127556392649
52,S044.18,FP004-RP004,SYBR,311.0,15873014.285714285,5.0,88.0,0.8522727272727273,-9.347686422315773,2.0721067566453764,0.0015140885433518932,0.8613420323454781,0.15053604159150685,35.43494491386662
53,S044.19,FP004-RP004,HEX,73.5,15873014.285714285,5.0,160.0,0.13125,-6.94956105185153,0.40067173096438113,0.013241823966487777,0.7907608184609931,0.18247229870400103,29.150237410093457
54,S044.19,FP004-RP004,SYBR,73.5,15873014.285714285,5.0,160.0,0.13125,-5.900851936061554,1.4079205492838178,0.003154144957287461,0.8691854470910817,0.16685300294081337,22.59130916469746
55,S044.2,FP004-RP004,HEX,79.5,15873014.285714285,5.0,30.0,0.4666666666666667,-7.213228301650881,0.8050096412871541,0.011620579576146189,0.9404226394491797,0.1345528329688052,25.509009386577414
56,S044.2,FP004-RP004,SYBR,83.0,15873014.285714285,5.0,30.0,0.4666666666666667,-7.379738642253675,1.7570136023089795,0.00040533347984915457,0.9420324768312259,0.13402420808382687,25.970894456596927
57,S044.20,FP004-RP004,HEX,76.5,15873014.285714285,5.0,160.0,0.21875,-6.858663979312403,0.5437984138934492,0.005152415614120277,0.7844399717418826,0.18358046893154126,29.07146640937478
58,S044.20,FP004-RP004,SYBR,76.5,15873014.285714285,5.0,160.0,0.21875,-6.015365173906893,1.8983508445062214,0.0024210358254519093,0.8482502052278519,0.17182062557401517,23.57227637861856
59,S044.21,FP004-RP004,HEX,88.5,15873014.285714285,5.0,160.0,0.43125,-5.473162983906564,0.7146549368886195,0.0061795583964376,0.7039705550769799,0.2293031111933808,25.38745766164045
60,S044.21,FP004-RP004,SYBR,91.5,15873014.285714285,5.0,160.0,0.43125,-4.946252581611859,3.1209480948553185,0.0007581962062157133,0.7098547336528329,0.23616105422967035,22.675045171394657
61,S044.22,FP004-RP004,HEX,79.5,15873014.285714285,5.0,160.0,0.5875,-4.6488472457369365,0.49383456294815314,0.0068633040632506016,0.5322407362520127,0.3014506532582254,28.82613348017625
62,S044.22,FP004-RP004,SYBR,79.5,15873014.285714285,5.0,160.0,0.5875,-4.13165303690991,2.4428905173081934,0.003108336416521431,0.5945763456659418,0.2886717380368098,23.0122899062243
63,S044.23,FP004-RP004,HEX,67.18181818181819,20201827.272727273,5.636363636363637,160.0,0.78125,-7.284404973605934,0.24937550847020892,0.019645117478227437,0.6641306273056041,0.23580168149435626,35.01306763882819
64,S044.23,FP004-RP004,SYBR,82.5,15873014.285714285,5.0,160.0,0.78125,-10.294413848363849,1.1508786179962154,0.00037931108567033813,0.9192552347505624,0.12988495476129686,36.96740318908353
65,S044.24,FP004-RP004,HEX,91.5,15873014.285714285,5.0,200.0,0.425,-4.897152329182146,0.6942021846170159,0.006275608963165209,0.6495370241398326,0.25407313095502515,24.956694542332286
66,S044.24,FP004-RP004,SYBR,93.5,15873014.285714285,5.0,200.0,0.425,-4.927890814162273,3.430296377048497,0.0027933453914212388,0.6874614640975947,0.24631133794435184,23.219535985143324
67,S044.25,FP004-RP004,HEX,94.5,15873014.285714285,5.0,240.0,0.42083333333333334,-4.822837217135024,0.6538522870067143,0.006188487859498486,0.6020040015004886,0.2719699634347162,26.57301206694304
68,S044.25,FP004-RP004,SYBR,95.5,15873014.285714285,5.0,240.0,0.42083333333333334,-5.100479103305175,3.7615202203379927,0.0015262818512048898,0.6787981951754307,0.24944736793783506,24.185409930636705
69,S044.26,FP004-RP004,HEX,88.5,15873014.285714285,5.0,280.0,0.325,-6.207093549449121,0.4803297346186592,0.004820328344320174,0.6233909589086847,0.24547032451028375,32.73782321711229
70,S044.27,FP004-RP004,HEX,81.5,18516850.0,5.166666666666667,280.0,0.6821428571428573,-4.249882099406844,0.42192340877815576,0.015830135614898242,0.4151872072342844,0.3602835403146738,33.57085043448309
71,S044.27,FP004-RP004,SYBR,85.5,15873014.285714285,5.0,280.0,0.6821428571428572,-4.501016146647776,3.2012970701410337,0.0052522053625682266,0.5096624645665594,0.316850706478756,29.066447116872233
72,S044.28,FP004-RP004,HEX,74.42857142857143,17314300.0,5.714285714285714,500.0,0.418,-5.265947269237124,0.4045329466644895,0.0203414050374427,0.4363329212158143,0.33448281584339545,39.05534695555675
73,S044.28,FP004-RP004,SYBR,91.5,15873014.285714285,5.0,500.0,0.418,-2.697720761927966,2.10983524724341,0.0008705379303851538,0.35108568775228705,0.4984961154907673,26.16650341394006
74,S044.29,FP004-RP004,HEX,270.2857142857143,31587142.85714286,6.428571428571429,500.0,0.57,-4.041036028374235,0.33692198456432426,0.022470906554515696,0.41204090134675925,0.36446072953450476,32.37058106221598
75,S044.29,FP004-RP004,SYBR,304.5,15873014.285714285,5.0,500.0,0.57,-3.5865799250063053,4.6046114005269745,4.4820790498615935e-05,0.48246228692679577,0.3517714202649248,24.495393190398108
76,S044.3,FP004-RP004,SYBR,292.5,15873014.285714285,5.0,30.0,0.6666666666666666,-5.163566633861691,1.1313415045960618,0.0013117069122502568,0.6500560750316559,0.2468419818469298,26.389759509985904
77,S044.4,FP004-RP004,HEX,82.5,15873014.285714285,5.0,40.0,0.45,-6.678517672867188,0.7967202006601249,0.006463306963511627,0.9201743945970774,0.14431516082435855,24.123884585729826
78,S044.4,FP004-RP004,SYBR,86.0,15873014.285714285,5.0,40.0,0.45000000000000007,-6.777918381138219,1.8350387900271632,0.00028571487778661657,0.9291664402995398,0.14145715895361413,24.2243458187012
79,S044.5,FP004-RP004,HEX,295.5,15873014.285714285,5.0,50.0,0.26,-6.991647664898582,0.5190728247373327,0.00690993255972924,0.959633105484374,0.1298162794587176,24.19679189413595
80,S044.5,FP004-RP004,SYBR,295.5,15873014.285714285,5.0,50.0,0.26,-6.432986670322153,1.1700512742707425,0.0004008914979006239,0.9724633273098456,0.1295881854183231,22.008430819523618
81,S044.6,FP004-RP004,HEX,298.5,15873014.285714285,5.0,50.0,0.62,-5.677365510758548,0.5160040337674286,0.006102325830209736,0.739872753130479,0.20906407734221455,25.493672354083554
82,S044.6,FP004-RP004,SYBR,298.5,15873014.285714285,5.0,50.0,0.62,-5.255172246120106,1.3839281334766187,0.0012232245230560696,0.7748422020112555,0.2025206857637206,22.59079216976596
83,S044.7,FP004-RP004,HEX,301.5,15873014.285714285,5.0,50.0,0.74,-4.4978407597461,0.44378666379997334,0.010768076899810344,0.46107475981438745,0.3326688758140391,32.25106359971028
84,S044.7,FP004-RP004,SYBR,301.5,15873014.285714285,5.0,50.0,0.74,-7.338144385385978,1.0860124943064846,0.0019103022639251953,0.6706717452010575,0.2172992885218652,36.15072183302134
85,S044.8,FP004-RP004,HEX,85.5,15873014.285714285,5.0,55.0,0.45454545454545453,-6.713519727444452,0.7825429378087356,0.005789778858841839,0.8789445819114265,0.15677312004496996,25.325842192996785
86,S044.8,FP004-RP004,SYBR,89.0,15873014.285714285,5.0,55.0,0.45454545454545453,-6.89314377579482,2.142393445200653,0.0008554103580376074,0.8943560590432337,0.15149118231760633,25.440774634445056
87,S044.9,FP004-RP004,HEX,289.5,15873014.285714285,5.0,88.0,0.14772727272727273,-5.784794490076075,0.9065757624235654,0.007899921199349414,0.7140901674790733,0.21923894472834543,26.74597294466631
88,S044.9,FP004-RP004,SYBR,290.0,15873014.285714285,5.0,88.0,0.14772727272727273,-5.7484097526193025,2.1971864495844695,0.0061493546843297935,0.7582920033557766,0.20428592550602054,25.22507361516262
89,S056.1.1,FP001-RP001x,EVAGREEN,325.5,25252525.0,5.0,80.0,0.3375,-5.6199027982282965,1.0052772108784178,0.0010508497673981502,0.9239294669687197,0.1517310360440598,20.243833697524426
90,S056.1.1,FP001-RP001x,HEX,37.5,25252525.0,5.0,80.0,0.3375,-6.508361206701605,0.4684682128961102,0.009085035112444413,0.9483274331767415,0.13780278490008557,22.824090567240834
91,S056.1.10,FP001-RP001x,FAM,55.5,25252525.0,5.0,500.0,0.418,-4.409892391830021,0.5538195686162788,0.019876356962636548,0.5075941142378682,0.3202023035110456,28.486045422835744
92,S056.1.11,FP001-RP001x,FAM,57.5,25252525.0,5.0,88.0,0.4318181818181818,-5.284627605260045,0.6473039337291049,0.009726555011685257,0.8290405210905396,0.1858725729696206,21.146317399219026
93,S056.1.12,FP001-RP001x,FAM,59.5,25252525.0,5.0,88.0,0.25,-5.894026786281634,0.6846436883830002,0.011746912392391378,0.9092158313919118,0.15476702651822188,21.52599152563088
94,S056.1.2,FP001-RP001x,EVAGREEN,327.5,25252525.0,5.0,232.0,0.41379310344827586,-4.104233314164645,2.016354433682353,0.00036772997764108437,0.6977836280872663,0.2516596056766733,19.454710241999578
95,S056.1.2,FP001-RP001x,HEX,39.5,25252525.0,5.0,232.0,0.41379310344827586,-4.953690262801135,0.4143696840500558,0.008911570768010283,0.6866575467658258,0.23854004857748473,23.932102067726053
96,S056.1.3,FP001-RP001x,EVAGREEN,329.5,25252525.0,5.0,272.0,0.6727941176470589,-4.078579132897731,2.574892157143494,0.00637752590859205,0.4719630408805803,0.3403950942811537,28.478772571335174
97,S056.1.3,FP001-RP001x,HEX,41.5,25252525.0,5.0,272.0,0.6727941176470589,-4.476114662221564,0.3865284329852866,0.01523971474151969,0.4928813092400278,0.319810749124038,30.088209596616664
98,S056.1.4,FP001-RP001x,EVAGREEN,331.5,25252525.0,5.0,152.0,0.20394736842105263,-7.3421240402541645,1.3298419987826795,0.0027389177880524037,0.7935462436293012,0.17625562467835557,30.70743554805532
99,S056.1.4,FP001-RP001x,HEX,43.5,25252525.0,5.0,152.0,0.20394736842105263,-7.728502268513494,0.47652962416879374,0.00836375209075986,0.7579544708651602,0.18449553120307335,33.91731225994722
100,S056.1.5,FP001-RP001x,EVAGREEN,333.5,25252525.0,5.0,49.0,0.7551020408163265,-6.200514329466456,0.5475363002849463,0.0024918077104084365,0.6706718469580397,0.22604097478565538,30.701569321638523
101,S056.1.5,FP001-RP001x,HEX,45.5,25252525.0,5.0,49.0,0.7551020408163265,-4.323178660529095,0.3506436235381706,0.01587446495460377,0.49664636371642706,0.3256734415530869,28.487647783881037
102,S056.1.6,FP001-RP001x,EVAGREEN,335.5,25252525.0,5.0,152.0,0.5921052631578947,-3.787128029934108,1.6998873644367232,0.0013659740836240802,0.5805577790731025,0.305601163606732,21.496300395319174
103,S056.1.6,FP001-RP001x,HEX,47.5,25252525.0,5.0,152.0,0.5921052631578947,-4.39368075491116,0.4470744800394743,0.013936030328766794,0.6174848163055677,0.2739870147849197,23.58302937674968
104,S056.1.7,FP001-RP001x,EVAGREEN,337.5,25252525.0,5.0,84.0,0.7976190476190477,-6.265239910914291,1.214778274147557,0.0041108631940905815,0.8220780790067348,0.1774236865490928,25.183433585530558
105,S056.1.7,FP001-RP001x,HEX,49.5,25252525.0,5.0,84.0,0.7976190476190477,-6.924998756053672,0.2494444089885377,0.028447110163984702,0.8012758101429838,0.17814530842147555,28.558821948335556
106,S056.1.8,FP001-RP001x,EVAGREEN,339.5,25252525.0,5.0,36.0,0.4444444444444444,-6.159535400264927,0.6882050094712427,0.0011535246557278134,0.9391709894915017,0.14221341705814003,21.803504425700154
107,S056.1.8,FP001-RP001x,HEX,51.5,25252525.0,5.0,36.0,0.4444444444444444,-6.502529086093141,0.478159715829322,0.010627170326238292,0.9662039833050158,0.13154690304153469,22.392124250513675
108,S056.1.9,FP001-RP001x,EVAGREEN,341.5,25252525.0,5.0,80.0,0.425,-5.194313825222122,0.9290645886471811,0.00110196101857919,0.8658882120773912,0.1747522209661544,19.92135820983407
109,S056.1.9,FP001-RP001x,HEX,53.5,25252525.0,5.0,80.0,0.425,-5.8048170186924,0.42908220584488876,0.010640986119256833,0.8839358667288162,0.1623725566643275,21.831295744793593
110,S056.2.1,FP002-RP002x,EVAGREEN,325.5,25252525.0,5.0,80.0,0.3375,-5.103986440035985,0.8899357643786526,0.0017913136493076594,0.8114777311924598,0.19442458064270152,20.87347430941858
111,S056.2.1,FP002-RP002x,HEX,37.5,25252525.0,5.0,80.0,0.3375,-5.1536681399297155,0.532694875363243,0.005539170992028035,0.7787724456366549,0.20490576166799948,21.91731532598217
112,S056.2.10,FP002-RP002x,FAM,55.5,25252525.0,5.0,500.0,0.418,-3.709502385867574,0.4743567653495925,0.0171751648085531,0.4485351654870523,0.359080541351833,27.31626007920127
113,S056.2.11,FP002-RP002x,FAM,57.5,25252525.0,5.0,88.0,0.4318181818181818,-4.076019609991728,0.5638862281350623,0.011198706881270516,0.6706182750045095,0.2611576402548468,20.127682197279615
114,S056.2.12,FP002-RP002x,FAM,59.5,25252525.0,5.0,88.0,0.25,-4.550775486158617,0.6146957895636324,0.011396428300701528,0.6958360783797839,0.24387087052607118,21.69949870919403
115,S056.2.2,FP002-RP002x,EVAGREEN,327.5,25252525.0,5.0,232.0,0.41379310344827586,-3.511764024328555,2.9218375499985054,0.0018749808116172886,0.5852965020786014,0.3152168173817122,19.735794591649338
116,S056.2.2,FP002-RP002x,HEX,39.5,25252525.0,5.0,232.0,0.41379310344827586,-4.344254301621152,0.4572358241777849,0.008808950889320596,0.5988141736283048,0.28137797897426226,24.096472442419376
117,S056.2.3,FP002-RP002x,EVAGREEN,329.5,25252525.0,5.0,272.0,0.6727941176470589,-3.257985999268733,3.466023840422171,0.003057400252241956,0.4614683225333356,0.37708858992578226,22.995259463563766
118,S056.2.3,FP002-RP002x,HEX,41.5,25252525.0,5.0,272.0,0.6727941176470589,-3.448200017851218,0.4265430994353196,0.0123837462640088,0.4567781042045753,0.36220912802664684,24.998181593498234
119,S056.2.4,FP002-RP002x,EVAGREEN,331.5,25252525.0,5.0,152.0,0.20394736842105263,-4.127461213417098,2.18200683932379,0.0024405159964810733,0.6403735750975431,0.2740328727369507,21.208691289942003
120,S056.2.4,FP002-RP002x,HEX,43.5,25252525.0,5.0,152.0,0.20394736842105263,-4.991420722023013,0.536536017875604,0.0072469053638770575,0.6908119727255715,0.23807898297229327,24.23681417028064
121,S056.2.5,FP002-RP002x,EVAGREEN,316.7,40402000.0,6.4,49.0,0.7551020408163265,-5.342789622253874,1.1124932036570414,0.0010919822519933123,0.5333658472481477,0.3021085794526426,31.922203006435705
122,S056.2.5,FP002-RP002x,HEX,45.5,25252525.0,5.0,49.0,0.7551020408163265,-3.7830529436773572,0.3625156210813339,0.01635582580662833,0.4409296421802339,0.36246208704562155,28.21733368465809
123,S056.2.6,FP002-RP002x,EVAGREEN,335.5,25252525.0,5.0,152.0,0.5921052631578947,-3.446150793762173,2.4179940447836556,0.0026233974724114853,0.5115670009281071,0.34891457789836683,22.037953363724192
124,S056.2.6,FP002-RP002x,HEX,47.5,25252525.0,5.0,152.0,0.5921052631578947,-4.167679853952599,0.48996040090122933,0.010029352165733632,0.5424751183433318,0.3075518078814169,25.553891283449097
125,S056.2.7,FP002-RP002x,EVAGREEN,332.35714285714283,28860014.285714287,5.428571428571429,84.0,0.7976190476190477,-5.594043356047386,1.7578951087000436,0.005357182141298785,0.749123283599179,0.20886778197976885,24.61587944241987
126,S056.2.7,FP002-RP002x,HEX,49.5,25252525.0,5.0,84.0,0.7976190476190477,-5.696052232199879,0.4594873672113053,0.01133767187862958,0.6746396262476947,0.23073808210179542,28.112125225667015
127,S056.2.8,FP002-RP002x,EVAGREEN,339.5,25252525.0,5.0,36.0,0.4444444444444444,-5.222478963384516,1.2692181103848335,0.00313034288100176,0.811334812484091,0.19506501458643757,21.217325064664927
128,S056.2.8,FP002-RP002x,HEX,51.5,25252525.0,5.0,36.0,0.4444444444444444,-5.226270619210777,0.5633078620596903,0.005312390094021996,0.7844025451546468,0.20132007979166183,22.12136688767073
129,S056.2.9,FP002-RP002x,HEX,53.5,25252525.0,5.0,80.0,0.425,-5.0197770434372435,0.5004318795913949,0.006476004037359029,0.7236323041716003,0.22468288720143417,23.04406701801193
130,S056.4.1,FP004-RP004x,EVAGREEN,325.5,25252525.0,5.0,80.0,0.3375,-5.296431637323325,1.239985667366939,0.001868905474640752,0.8425054577795489,0.18278009546287158,20.83473170446722
131,S056.4.1,FP004-RP004x,HEX,37.5,25252525.0,5.0,80.0,0.3375,-5.610611659043446,0.5328767626051533,0.004987305795153343,0.8274065084504081,0.18332247555626585,22.506207047026447
132,S056.4.10,FP004-RP004x,FAM,55.5,25252525.0,5.0,500.0,0.418,-4.23384265521914,0.5618792295115,0.01846234766329646,0.45180637006420954,0.34853690255715253,30.603339370706195
133,S056.4.11,FP004-RP004x,FAM,57.5,25252525.0,5.0,88.0,0.4318181818181818,-5.169283304245882,0.7297977228438416,0.006451742295751077,0.7099533878241523,0.2274545503816685,24.176213981699526
134,S056.4.12,FP004-RP004x,FAM,59.5,25252525.0,5.0,88.0,0.25,-5.519783433389146,0.7899999442041057,0.006923411369576907,0.7978972572271312,0.19352683848146868,22.96581635308849
135,S056.4.2,FP004-RP004x,EVAGREEN,327.5,25252525.0,5.0,232.0,0.41379310344827586,-4.253005211660149,2.094450444157807,0.0047921154352205215,0.6337661354715441,0.27503429934023765,22.110404301952734
136,S056.4.2,FP004-RP004x,HEX,39.5,25252525.0,5.0,232.0,0.41379310344827586,-4.75347228094167,0.45419369444992375,0.007865673791829763,0.5992609716229305,0.27564829090716647,26.212815413861367
137,S056.4.3,FP004-RP004x,EVAGREEN,324.42857142857144,28860014.285714287,5.428571428571429,272.0,0.6727941176470589,-3.6970503826809256,2.7854351060321756,0.006191380936839996,0.48616512917047394,0.34927007112787045,24.938237961536636
138,S056.4.3,FP004-RP004x,HEX,41.5,25252525.0,5.0,272.0,0.6727941176470589,-4.081787505317804,0.42768056315941816,0.013438532221351933,0.468285709171428,0.3421088270940088,28.716825586566117
139,S056.4.4,FP004-RP004x,EVAGREEN,331.5,25252525.0,5.0,152.0,0.20394736842105263,-4.8607192636775975,1.5619638173031962,0.004220318780843169,0.7366965678371711,0.22373069070623494,21.905657769419822
140,S056.4.4,FP004-RP004x,HEX,43.5,25252525.0,5.0,152.0,0.20394736842105263,-5.366817287863431,0.5822968019736477,0.0055974727661005025,0.7346934911540548,0.21626506699491654,24.28382036885855
141,S056.4.5,FP004-RP004x,EVAGREEN,321.5,33670000.0,6.0,49.0,0.7551020408163266,-5.711803850553134,0.8180189498669254,0.0025665286620696693,0.6254437566128125,0.24792978108397698,30.15069905993259
142,S056.4.5,FP004-RP004x,HEX,45.5,25252525.0,5.0,49.0,0.7551020408163265,-4.6081060578466015,0.3300471658388747,0.015263925194378924,0.4866685238907204,0.32739867413001245,30.569365553498766
143,S056.4.6,FP004-RP004x,EVAGREEN,335.5,25252525.0,5.0,152.0,0.5921052631578947,-3.8032922797445807,1.9430580521990894,0.005110944791689559,0.5333976639527983,0.32518100187439347,23.38877352568297
144,S056.4.6,FP004-RP004x,HEX,47.5,25252525.0,5.0,152.0,0.5921052631578947,-4.2924997811740155,0.4883428119732577,0.010102468271653934,0.5355638562657128,0.30759536536849025,26.58317202345151
145,S056.4.7,FP004-RP004x,EVAGREEN,325.5,33670000.0,6.0,84.0,0.7976190476190478,-6.024936082406373,1.3416223285059015,0.002636326262733741,0.8244078123229874,0.17803645820844738,24.213690457526752
146,S056.4.7,FP004-RP004x,HEX,37.5,33670000.0,6.0,84.0,0.7976190476190478,-6.010141121058155,0.42398828992845683,0.018494015565352035,0.7786493178274805,0.1922639604427917,25.637496876887724
147,S056.4.8,FP004-RP004x,EVAGREEN,339.5,25252525.0,5.0,36.0,0.4444444444444444,-6.108623389380191,0.9048434836333541,0.0018240079807706373,0.8267943018707395,0.17801774480868143,24.459052165273544
148,S056.4.8,FP004-RP004x,HEX,51.5,25252525.0,5.0,36.0,0.4444444444444444,-6.13518686243622,0.580712132435744,0.013694733606557374,0.8220026856746253,0.17905374346658426,24.7980610167414
149,S056.4.9,FP004-RP004x,HEX,53.5,25252525.0,5.0,80.0,0.425,-5.348360658803894,0.5088033906231701,0.00569150107646095,0.7634240602190374,0.20747483570780284,23.28107331778568
150,S057.0.0,FP002-RP006,FAM,37.5,25252525.0,5.0,92.0,0.45652173913043476,-4.07274675877652,0.6233775074665497,0.011432152020172868,0.6769741151524049,0.25792842514095843,19.94941943765243
151,S057.0.1,FP002-RP006,FAM,39.5,25252525.0,5.0,100.0,0.48,-4.223340847072565,0.6259966304123645,0.012493996824444702,0.6437632900499015,0.2687147825093393,21.77002247247086
152,S057.0.2,FP002-RP006,FAM,41.5,25252525.0,5.0,103.0,0.44660194174757284,-4.282624183041369,0.634386806758492,0.012324777617576301,0.6597020305470231,0.26057023050790057,21.586938368917743
153,S057.1.0,FP006-RP006,HEX,44.5,25252525.0,5.0,93.0,0.4946236559139785,-4.236643301603445,0.49091111056157954,0.007929062019118312,0.6360245766979342,0.269122743839625,22.10679115867324
154,S057.1.1,FP006-RP006,HEX,46.5,25252525.0,5.0,113.0,0.48672566371681414,-3.756110480633767,0.4793943443001166,0.00858666456006358,0.5838054153994492,0.30145599529608447,21.336898788770384
155,S057.1.2,FP006-RP006,HEX,48.5,25252525.0,5.0,111.0,0.4594594594594595,-4.263635219296772,0.5047045060423878,0.00752763105395139,0.6501529463399436,0.2638888267137956,21.790112244400536
156,S057.2.0,FP001-RP001,FAM,51.5,25252525.0,5.0,49.0,0.6938775510204082,-4.652827676401517,0.5915955064376028,0.032625462155935,0.6602481550933483,0.2546004032905355,23.39881192394524
157,S057.2.1,FP001-RP001,FAM,53.5,25252525.0,5.0,461.0,0.5054229934924078,-3.885790549060111,0.5109930391454087,0.034298083864813735,0.5183486306670402,0.32436037588563454,24.822991339197145
158,S057.2.2,FP001-RP001,FAM,55.5,25252525.0,5.0,331.0,0.5166163141993958,-3.86009324162657,0.5094947021611026,0.03883147525497476,0.5876183304676258,0.29593388726225184,21.76992785101957
159,S057.2.4,FP001-RP001,FAM,57.5,25252525.0,5.0,380.0,0.4868421052631579,-4.376616312549109,0.4528714339928045,0.06326531809513168,0.5901984346524927,0.28273776134403883,24.56792658755598
160,S057.3.0,FP001-RP005,FAM,181.5,25252525.0,5.0,90.0,0.45555555555555555,-3.6078285624882644,0.8535535841208564,0.008478441645572108,0.5779113526376979,0.30770613320407564,20.78356995990397
161,S057.3.1,FP001-RP005,FAM,183.5,25252525.0,5.0,98.0,0.5714285714285714,-3.613288950493588,0.8601763563253438,0.008711873457287812,0.5230092167573057,0.3331270656878076,22.924519578218376
162,S057.3.2,FP001-RP005,FAM,185.5,25252525.0,5.0,115.0,0.5217391304347826,-3.4645673810420052,0.821692361911743,0.009910789605393405,0.5188966415737053,0.3359153952604096,22.16568029765053
163,S057.3.4,FP001-RP005,FAM,187.5,25252525.0,5.0,85.0,0.5294117647058824,-3.7548910515588103,0.8739154808798388,0.008051762636129924,0.6043429080085228,0.2942448925119041,20.62799886237522
164,S057.4.0,FP005-RP005,HEX,190.5,25252525.0,5.0,87.0,0.5517241379310345,-4.617223444393144,0.5443066069117289,0.00896872395133669,0.5801975335678711,0.2846505529246642,26.43769085753246
165,S057.4.1,FP005-RP005,HEX,192.5,25252525.0,5.0,167.0,0.5508982035928144,-3.958593173208584,0.5527518796364654,0.010010420807274501,0.48177871680812756,0.3403152468412005,27.124814893215007
166,S057.4.2,FP005-RP005,HEX,194.5,25252525.0,5.0,221.0,0.502262443438914,-3.8978731959637987,0.5361637211712429,0.010652604053100706,0.4970232777847193,0.3337359872247495,26.004630649254693
167,S057.5.0,FP003-RP008,EVAGREEN,202.57142857142858,14574314.285714285,4.571428571428571,85.0,0.29411764705882354,-5.758626439664861,1.0307959967297562,0.0025099330879924256,0.7730744172367314,0.19879364536577812,24.703375176542174
168,S057.5.0,FP003-RP008,HEX,197.5,25252525.0,5.0,85.0,0.29411764705882354,-5.764079014504367,0.6379790665602543,0.03263408692385064,0.874589616952905,0.16572449862749672,21.89808923877538
169,S057.5.2,FP003-RP008,EVAGREEN,199.5,25252525.0,5.0,33.0,0.3939393939393939,-5.311199935324383,0.7222851836119076,0.001302187256660829,0.7805293247062178,0.20228604803691308,22.556796335584576
170,S057.5.2,FP003-RP008,HEX,199.5,25252525.0,5.0,33.0,0.3939393939393939,-5.798522912061727,0.6182388372266078,0.026691405516457517,0.888640540172955,0.16052175887239833,21.72977225690476
171,S057.5.4,FP003-RP008,EVAGREEN,201.5,25252525.0,5.0,62.0,0.3064516129032258,-5.28474932965821,0.8743618415418318,0.0018069736479169687,0.7644239849684706,0.20867123211724475,22.951509586913385
172,S057.5.4,FP003-RP008,HEX,201.5,25252525.0,5.0,62.0,0.3064516129032258,-5.772653981157128,0.6002265591501375,0.02659545415938385,0.8731416837198832,0.16631067008930964,22.00434149385945
173,S057.6.0,FP003-RP008x,EVAGREEN,313.5,33670000.0,6.0,85.0,0.29411764705882354,-4.104117724519471,1.1146695924833872,0.0013891963448816678,0.598735557457561,0.2876327619397712,22.60138151025879
174,S057.6.2,FP003-RP008x,EVAGREEN,315.5,33670000.0,6.0,33.0,0.39393939393939387,-3.975190070742211,0.8193785106108561,0.0013409505502029444,0.597720236801672,0.2906951118038938,21.94831406005713
175,S057.6.4,FP003-RP008x,EVAGREEN,317.5,33670000.0,6.0,62.0,0.3064516129032258,-3.87266096272095,1.128752690759739,0.001460125090352026,0.6000475221705753,0.2926176991610054,21.35230554913072
176,S057.8.0,FP057.1.0-RP003x,EVAGREEN,327.5,33670000.0,6.0,85.0,0.29411764705882354,-4.441587347772224,1.717457031188486,0.00016078826656093612,0.8096145462533042,0.2042062187033139,18.228191049868173
177,S057.8.0,FP057.1.0-RP003x,HEX,339.5,25252525.0,5.0,85.0,0.29411764705882354,-5.506604790242445,0.6621616602121733,0.03227809316708139,0.8627721905128013,0.17240101959505852,21.194306012020874
178,S057.8.2,FP057.1.0-RP003x,HEX,341.5,25252525.0,5.0,33.0,0.3939393939393939,-5.43770893166445,0.6767323908092966,0.02509414879833793,0.8920449848271781,0.16323183006682934,20.278125592160247
179,S057.8.4,FP057.1.0-RP003x,HEX,343.5,25252525.0,5.0,62.0,0.3064516129032258,-5.440276031467705,0.6768696591134202,0.024168975811966892,0.878433183923865,0.16781385022218398,20.600284902027425
180,S057.9.0,FP004-RP004,FAM,345.5,25252525.0,5.0,500.0,0.418,-4.285019353107612,0.5081696791274124,0.01737156248239189,0.48215623693405363,0.3298452916509968,29.22031828640996
181,S057.9.1,FP004-RP004,FAM,347.5,25252525.0,5.0,88.0,0.25,-5.753756220937184,0.6326528380363029,0.014257469015352395,0.8588869834258086,0.17124515918763977,22.314537623499337
182,S067_0d89c8_a_Avg_0,FP005-RP008x,HEX,88.0,15873014.285714285,5.0,94.0,0.40425531914893614,-5.409624448800571,0.790535610866517,0.010659319857863834,0.6361754383454725,0.24623002029231564,28.296370475786233
183,S067_0d89c8_a_Avg_1,FP005-RP008x,HEX,108.0,13888888.75,4.5,78.0,0.32051282051282054,-6.404458064288843,0.7133791137573027,0.009990228401086586,0.6969928009770383,0.22161530763261303,31.195622268142422
184,S067_0d89c8_a_Avg_2,FP005-RP008x,HEX,85.0,13888888.75,4.5,66.0,0.36363636363636365,-5.138055391973751,0.7689912115132929,0.011641359358213501,0.7681031379504082,0.20588486469769443,22.26359214987756
185,S067_0d89c8_a_Avg_3,FP005-RP008x,HEX,49.0,22222000.0,6.0,59.0,0.47457627118644063,-4.5506914780598375,0.6919135617674004,0.010901306620773663,0.6957054864153799,0.24082701692993785,21.690300972153974
186,S067_0d89c8_a_LVM_0,FP005-RP008x,HEX,280.0,15873014.285714285,5.0,59.0,0.4915254237288136,-4.48677262831823,0.7502160461716983,0.010611219822205064,0.6384846123170712,0.2622401951871719,23.37619703227043
187,S067_0d89c8_a_LVM_1,FP005-RP008x,HEX,300.0,13888888.75,4.5,293.0,0.22184300341296928,-6.233567451975409,0.6698706102836702,0.010538459769613089,0.5618293466213591,0.27110731845573754,37.42593410286675
188,S067_0d89c8_a_LVM_2,FP005-RP008x,HEX,277.0,13888888.75,4.5,127.0,0.3464566929133858,-5.148365467962519,0.7144913519891166,0.011936717021213123,0.6992172594079735,0.22966737747771393,24.47441420946918
189,S067_0d89c8_a_LVM_3,FP005-RP008x,HEX,241.0,22222000.0,6.0,40.0,0.325,-5.084013678251351,0.6920178094795567,0.012241243784610775,0.7392114623427639,0.21764460500352087,22.821209635323676
190,S067_0d89c8_b_Avg_0,FP001-FP005,EVAGREEN,89.0,15873014.285714285,5.0,45.0,0.4666666666666667,-6.632823273451039,0.35014805938484767,0.001147374660842103,0.7343987236209061,0.19991712305213769,29.928567325428222
191,S067_0d89c8_b_Avg_1,FP001-FP005,EVAGREEN,93.0,13888888.75,4.5,51.0,0.27450980392156865,-6.481435587389393,0.34886343820400695,0.0009480052611916206,0.8494613041180945,0.1682856003181717,25.14345511122128
192,S067_0d89c8_b_Avg_2,FP001-FP005,EVAGREEN,86.0,13888888.75,4.5,60.0,0.23333333333333334,-5.9575569299000914,0.397111038924704,0.0006011539259003303,0.8916296442279874,0.15764975523994448,22.181300784763824
193,S067_0d89c8_b_Avg_3,FP001-FP005,EVAGREEN,50.0,22222000.0,6.0,65.0,0.24615384615384617,-5.552937342265618,0.46059475126723104,0.001091671717077358,0.9110568351007757,0.1552666696329771,20.250510053702122
194,S067_0d89c8_b_LVM_0,FP001-FP005,EVAGREEN,266.6,22202200.0,5.6,45.0,0.22222222222222224,-6.908701442414795,0.3294907391802281,0.0011118858355153743,0.9026969087623176,0.14604454908648404,25.40752252509474
195,S067_0d89c8_b_LVM_2,FP001-FP005,EVAGREEN,278.0,13888888.75,4.5,28.0,0.39285714285714285,-6.340241689419055,0.31277820068164636,0.0002055616986122787,0.8682547125704949,0.1615399560467892,24.237333396248765
196,S067_0d89c8_b_LVM_3,FP001-FP005,EVAGREEN,242.0,22222000.0,6.0,40.0,0.45,-5.109295787378864,0.40038593977388715,0.0006976490529223129,0.7667796869849921,0.20713992233656192,22.17695967043968
197,S067_0d89c8_c_Avg_1,FP002-RP001x,FAM,104.0,13888888.75,4.5,194.0,0.5412371134020618,-4.6967849859505275,0.6321975597085249,0.016439210848636844,0.5516844816449155,0.297765125728777,29.164970637577177
198,S067_0d89c8_c_Avg_3,FP002-RP001x,FAM,51.0,22222000.0,6.0,235.0,0.5957446808510638,-4.136033207736213,0.45656217207820565,0.05420866913170321,0.6152364184777932,0.27707958357163553,22.430105266991244
199,S067_0d89c8_c_LVM_0,FP002-RP001x,FAM,282.0,15873014.285714285,5.0,375.0,0.3466666666666667,-5.21509946519131,0.6282543119252734,0.019450349023514835,0.6944610245386217,0.2297564825933335,24.96536120962018
200,S067_0d89c8_c_LVM_1,FP002-RP001x,FAM,285.8,22200022.0,4.8,575.0,0.3443478260869565,-5.704137305920433,0.6726696092994322,0.016362192044168992,0.5582490416682167,0.2786918557011543,35.347219971340905
201,S067_0d89c8_c_LVM_2,FP002-RP001x,FAM,279.0,13888888.75,4.5,70.0,0.37142857142857144,-5.815062900907315,0.6905860902779392,0.02274419989446605,0.8954457652492581,0.1574792578716744,21.596413352473395
202,S067_0d89c8_c_LVM_3,FP002-RP001x,FAM,243.0,22222000.0,6.0,70.0,0.5428571428571428,-4.98342649310169,0.6286943348843703,0.045243068565784694,0.8086017716625857,0.19491770118014368,20.478418211329785
203,S067_0d89c8_d_Avg_0,FP004-RP002x,EVAGREEN,91.0,15873014.285714285,5.0,45.0,0.4666666666666667,-6.965738560217619,0.21829578501976235,0.0017198856887126988,0.7537158804962686,0.19100246324438733,30.662199177975832
204,S067_0d89c8_d_Avg_2,FP004-RP002x,EVAGREEN,88.0,13888888.75,4.5,58.0,0.2413793103448276,-5.8705976477824855,0.3284601269886286,0.0010912328830833878,0.868615461871047,0.16468925683184904,22.46845064681469
205,S067_0d89c8_d_Avg_3,FP004-RP002x,EVAGREEN,52.0,22222000.0,6.0,65.0,0.24615384615384617,-4.94222121061603,0.378068667523016,0.001389190406079161,0.7680653421881123,0.20964348635793634,21.301702276050808
206,S067_0d89c8_d_LVM_0,FP004-RP002x,EVAGREEN,283.0,15873014.285714285,5.0,43.0,0.23255813953488372,-5.551404194917387,0.1811983063126477,0.001384199653775441,0.7819866524012399,0.19985356559105488,24.670103394481146
207,S067_0d89c8_d_LVM_2,FP004-RP002x,EVAGREEN,280.0,13888888.75,4.5,28.0,0.42857142857142855,-6.170358586753205,0.2645460811560172,0.0008024787815480429,0.8204327378912533,0.17695870067695396,25.05268085857116
208,S067_0d89c8_d_LVM_3,FP004-RP002x,EVAGREEN,244.0,22222000.0,6.0,43.0,0.4883720930232558,-4.870788066013991,0.3435961779186847,0.0007363787210077564,0.7281593936420311,0.22369290501394054,22.212841255359084
209,S067_0d89c8_e_Avg_0,FP004-RP004,HEX,92.0,15873014.285714285,5.0,94.0,0.40425531914893614,-5.423752283682999,0.4389424916577306,0.014664496405604702,0.7569875742940539,0.2064668720897219,23.849715615606215
210,S067_0d89c8_e_Avg_1,FP004-RP004,HEX,93.42857142857143,15873001.42857143,4.857142857142857,78.0,0.32051282051282054,-9.07327155567631,0.5156574365670467,0.016041612828669904,0.8395648035862725,0.1667451268524356,39.750347174846425
211,S067_0d89c8_e_Avg_2,FP004-RP004,HEX,89.0,13888888.75,4.5,66.0,0.36363636363636365,-5.856286769059608,0.7314567788863702,0.010065594168472271,0.8949596529860804,0.15762462393745527,21.773729938093613
212,S067_0d89c8_e_Avg_3,FP004-RP004,HEX,53.0,22222000.0,6.0,59.0,0.4915254237288136,-4.989765263569682,0.6777616457852998,0.008619730784163495,0.8135868057028036,0.19344308091669266,20.358316822738296
213,S067_0d89c8_e_LVM_0,FP004-RP004,HEX,284.0,15873014.285714285,5.0,162.0,0.25925925925925924,-7.434909805319212,0.4637918600566091,0.021331533994878086,0.7602050172354927,0.18598478974590962,32.494854165668364
214,S067_0d89c8_e_LVM_1,FP004-RP004,HEX,288.0,13888888.75,4.5,68.0,0.5441176470588235,-6.679365052575802,0.45363009836907653,0.014634200576070584,0.6989861375302815,0.21901336840909463,32.36327284517887
215,S067_0d89c8_e_LVM_2,FP004-RP004,HEX,281.0,13888888.75,4.5,127.0,0.3543307086614173,-5.761241896090294,0.73103291591523,0.008627500781259808,0.8290026362791934,0.17909638989271467,23.06550748287673
216,S067_0d89c8_e_LVM_3,FP004-RP004,HEX,245.0,22222000.0,6.0,76.0,0.4605263157894736,-4.9727614671325515,0.6887887243603837,0.01091780405926902,0.7808659899139725,0.20468511121572952,21.162846511071656
217,S067_0d89c8_α_Avg_0,FP001-RP001x,EVAGREEN,86.0,15873014.285714285,5.0,45.0,0.4666666666666667,-7.21614737359677,0.3093011040185729,0.0006823986479115567,0.8256783534992849,0.16630100505138182,29.076712580701532
218,S067_0d89c8_α_Avg_2,FP001-RP001x,EVAGREEN,90.0,13888888.75,4.5,47.0,0.5106382978723404,-4.441604928271373,0.2791097917199469,0.00039566717407482676,0.5959971259975478,0.28567323758228175,26.543627436203792
219,S067_0d89c8_α_Avg_3,FP001-RP001x,EVAGREEN,54.0,22222000.0,6.0,74.0,0.25675675675675674,-6.019877652463119,0.30317914089906983,0.0003009205866710711,0.9875482625968821,0.12753269070876744,20.29255315613271
220,S067_0d89c8_α_LVM_0,FP001-RP001x,EVAGREEN,278.0,15873014.285714285,5.0,98.0,0.23469387755102042,-8.09761429940111,0.4410855669085085,0.0011359759574186379,0.9107929752588644,0.1365724840837442,29.506156271273337
221,S067_0d89c8_α_LVM_1,FP001-RP001x,EVAGREEN,278.0,13888888.75,4.5,182.0,0.21978021978021978,-6.143559529011132,0.5332827117586648,0.0008777271395669743,0.7663175614370822,0.19919780451123037,26.370318697955895
222,S067_0d89c8_α_LVM_2,FP001-RP001x,EVAGREEN,282.0,13888888.75,4.5,198.0,0.2222222222222222,-5.960404872903349,0.5545525199148318,0.00045891689787194966,0.8328849226838464,0.1756682419607581,23.775414187173812
223,S067_0d89c8_α_LVM_3,FP001-RP001x,EVAGREEN,246.0,22222000.0,6.0,137.0,0.21897810218978103,-5.830345795720566,0.42821109712631733,0.0001721848702710627,0.9159964350314113,0.1514216430958531,21.12408289051467
224,S067_0d89c8_β_Avg_0,FP002-RP002x,EVAGREEN,87.0,15873014.285714285,5.0,45.0,0.4666666666666667,-6.136733887357978,0.25265791225362233,0.0009820599437247162,0.7256001815523813,0.20729308986811978,28.107012187597103
225,S067_0d89c8_β_Avg_2,FP002-RP002x,EVAGREEN,91.0,13888888.75,4.5,47.0,0.5319148936170213,-5.215140851273052,0.25501535828920047,0.0013183026031006494,0.7296284383629069,0.21739943377751225,23.74156574421485
226,S067_0d89c8_β_LVM_0,FP002-RP002x,EVAGREEN,279.0,15873014.285714285,5.0,41.0,0.4634146341463415,-7.138599177982095,0.21650627693936,0.0018907452474630497,0.8106394298390327,0.17159026289616644,29.253077231257016
227,S067_76f36b_a_Avg_0,FP001-RP001x,FAM,99.0,18351850.0,4.833333333333333,102.0,0.39215686274509803,-6.637161548469902,0.7257562542030387,0.0119451028546951,0.8251880715128079,0.17215490879514328,26.708920305314845
228,S067_76f36b_a_Avg_1,FP001-RP001x,FAM,82.0,18518335.0,5.166666666666667,66.0,0.4696969696969697,-4.428658075013135,0.6255801534180251,0.022694303633263958,0.7358772345916083,0.2575245007572707,24.20249165268595
229,S067_76f36b_a_Avg_2,FP001-RP001x,FAM,92.0,13888888.75,4.5,53.0,0.24528301886792453,-6.042382153590396,0.8165336150640972,0.014885456524991294,0.9084627831191178,0.1515964608754958,22.15439183408943
230,S067_76f36b_a_Avg_3,FP001-RP001x,FAM,56.0,22222000.0,6.0,58.0,0.24137931034482757,-5.531665428077629,0.7326396199731031,0.02320277155952065,0.9600749945938439,0.14042004504275274,19.16138091866235
231,S067_76f36b_a_LVM_0,FP001-RP001x,FAM,287.0,15873014.285714285,5.0,56.0,0.39285714285714285,-5.91524997426158,0.6724957476640855,0.021627729000221557,0.9237750683518734,0.14777619251170698,21.27936184275776
232,S067_76f36b_a_LVM_1,FP001-RP001x,FAM,280.0,13888888.75,4.5,78.0,0.3333333333333333,-5.222596943788347,0.6900376577283862,0.026510494372942096,0.8051544886890597,0.2205991482069644,30.090345107119568
233,S067_76f36b_a_LVM_2,FP001-RP001x,FAM,284.0,13888888.75,4.5,117.0,0.3333333333333333,-5.621635700794063,0.7996532070601384,0.012963480277400486,0.8779616959403074,0.1648616381359251,21.229141121188164
234,S067_76f36b_a_LVM_3,FP001-RP001x,FAM,248.0,22222000.0,6.0,43.0,0.3023255813953488,-5.780696303550149,0.7675377769459183,0.018002982970193038,0.9656312455547622,0.13682286957566642,19.89398491500885
235,S067_76f36b_b_Avg_0,FP002-RP001x,HEX,96.0,15873014.285714285,5.0,166.0,0.5783132530120482,-5.3851516209685855,0.4454580000113193,0.018577884814454736,0.5250608850124692,0.2882471447606694,34.03636855239059
236,S067_76f36b_b_Avg_1,FP002-RP001x,HEX,89.0,18518335.0,5.166666666666667,171.0,0.543859649122807,-7.767413853790056,0.5203058555097481,0.018137972009600097,0.5563718693026037,0.28269292142582597,47.09945213723288
237,S067_76f36b_b_Avg_3,FP002-RP001x,HEX,57.0,22222000.0,6.0,166.0,0.5903614457831325,-3.9455797923664484,0.47532721050991206,0.037118381423254104,0.5758349107265991,0.2987842841391088,22.660333218128567
238,S067_76f36b_b_LVM_0,FP002-RP001x,HEX,288.0,15873014.285714285,5.0,335.0,0.3522388059701492,-6.602210910021356,0.5047436990802817,0.016095748902869387,0.7347458597244997,0.19958162547840866,29.86075567174492
239,S067_76f36b_b_LVM_1,FP002-RP001x,HEX,294.0,13888888.75,4.5,575.0,0.3339130434782609,-6.537298827298677,0.5431646112382738,0.014739330346793068,0.6209192121302526,0.24384739980414713,35.96265198839667
240,S067_76f36b_b_LVM_2,FP002-RP001x,HEX,285.0,13888888.75,4.5,42.0,0.30952380952380953,-6.244374765763662,0.5883372382571103,0.01868540960385728,0.9002483001017793,0.15156081713365477,23.078926023262255
241,S067_76f36b_α_Avg_0,FP001-RP008x,EVAGREEN,93.0,15873014.285714285,5.0,45.0,0.44444444444444436,-5.493695973495828,0.2628359227590145,0.0004847525616315075,0.7270706687026888,0.21666451099053735,25.015016465741528
242,S067_76f36b_α_Avg_1,FP001-RP008x,EVAGREEN,97.0,13888888.75,4.5,53.0,0.2830188679245283,-5.824555660142224,0.22915722374145406,0.001288390149019524,0.7065756639667167,0.2196674745549672,27.412468549257227
243,S067_76f36b_α_Avg_2,FP001-RP008x,EVAGREEN,94.0,13888888.75,4.5,47.0,0.5319148936170213,-4.874075919986773,0.30748119571019944,0.0006745053218971354,0.6272909448429652,0.25885431149693106,25.793579532013005
244,S067_76f36b_α_Avg_3,FP001-RP008x,EVAGREEN,58.0,22222000.0,6.0,71.0,0.2535211267605634,-5.225777105700923,0.36088068767260295,0.0006867957797494121,0.7780625194112202,0.20185099228619974,22.318700831757592
245,S067_76f36b_α_LVM_0,FP001-RP008x,EVAGREEN,285.0,15873014.285714285,5.0,80.0,0.25,-5.102057806712893,0.31878461766566807,0.000474258831683898,0.7567124256188931,0.20907249990845572,22.42610345828144
246,S067_76f36b_α_LVM_1,FP001-RP008x,EVAGREEN,299.0,13888888.75,4.5,15.0,0.2,-5.426745104807201,0.11983127576960952,0.00020057130650079317,0.740090754544344,0.22301849570793042,25.804410277665063
247,S067_76f36b_α_LVM_2,FP001-RP008x,EVAGREEN,286.0,13888888.75,4.5,20.0,0.5,-6.307754951812432,0.22699255397588347,0.0009123097617939707,0.7944353098680266,0.18450675952696677,26.4332591473042
248,S067_76f36b_α_LVM_3,FP001-RP008x,EVAGREEN,250.0,22222000.0,6.0,116.0,0.22413793103448273,-5.198402724509752,0.44463785690795776,0.0007011093738179333,0.8017060160076547,0.19392706851445737,21.564606194373688
249,S067_76f36b_β_Avg_0,FP001-FP005,EVAGREEN,98.0,18351850.0,4.833333333333333,45.0,0.4444444444444444,-5.882753208189339,0.2815132433144247,0.0008426610979314561,0.7731636608982662,0.1962430054788016,25.355547899832732
250,S067_76f36b_β_Avg_1,FP001-FP005,EVAGREEN,92.0,13888888.75,4.5,53.0,0.2830188679245283,-6.514060377395769,0.3366677382865733,0.0007409008454932185,0.8785934159411287,0.15811337636644057,24.55652692738221
251,S067_76f36b_β_Avg_2,FP001-FP005,EVAGREEN,95.0,13888888.75,4.5,47.0,0.5106382978723404,-4.949393356559179,0.3283894491238011,0.00048618101491826993,0.6693454456924177,0.24272776406175425,24.526114090382436
252,S067_76f36b_β_Avg_3,FP001-FP005,EVAGREEN,59.0,22222000.0,6.0,71.0,0.2535211267605634,-5.455763235122097,0.40679077580060624,0.0010197514336334024,0.885453231532605,0.16382279285288143,20.49176734250505
253,S067_76f36b_β_LVM_0,FP001-FP005,EVAGREEN,286.0,15873014.285714285,5.0,51.0,0.2156862745098039,-6.710113706868931,0.27935410661325605,0.0009379955737676834,0.9147982499058813,0.14477883673697106,24.36020641060585
254,S067_76f36b_β_LVM_2,FP001-FP005,EVAGREEN,287.0,13888888.75,4.5,32.0,0.375,-5.892421972165679,0.2805611949634012,0.00037630320427003836,0.8305570657469882,0.17676222336706748,23.536270241787186
255,S067_76f36b_β_LVM_3,FP001-FP005,EVAGREEN,251.0,22222000.0,6.0,45.0,0.4222222222222222,-5.466429779169971,0.3486623534786965,0.0002499633959299785,0.8246106511985161,0.18314212765050422,22.01423956898488
256,S067_8a718d_a_Avg_0,FP001-FP005,HEX,75.0,15873014.285714285,5.0,45.0,0.4666666666666667,-6.5876425942925705,0.8410713076483826,0.008981130655354792,0.8123647448445608,0.17593363372335968,26.964694775770997
257,S067_8a718d_a_Avg_1,FP001-FP005,HEX,103.0,13888888.75,4.5,87.0,0.27586206896551724,-8.905591837746703,0.8133191276025911,0.012679845267194987,0.8799310436886818,0.15427496410771663,36.28066010713875
258,S067_8a718d_a_Avg_2,FP001-FP005,HEX,96.0,13888888.75,4.5,82.0,0.3048780487804878,-6.658555959189334,0.8172509168682993,0.008233427130280977,0.9558853326758847,0.13244043239511044,23.18385470135952
259,S067_8a718d_a_Avg_3,FP001-FP005,HEX,60.0,22222000.0,6.0,82.0,0.2926829268292683,-5.709732675044916,0.7538897248553379,0.009518677925936674,0.962779283215616,0.138023601843072,19.7033344142952
260,S067_8a718d_a_LVM_0,FP001-FP005,HEX,267.0,15873014.285714285,5.0,56.0,0.48214285714285715,-5.39343620095251,0.829828471060081,0.013776752139317453,0.7945614600097246,0.19487024356679047,22.535473249770455
261,S067_8a718d_a_LVM_1,FP001-FP005,HEX,291.0,13888888.75,4.5,89.0,0.3595505617977528,-6.9389265970286935,0.8087423279323639,0.00887251639056876,0.821373187120658,0.17840829077969417,28.720825760950667
262,S067_8a718d_a_LVM_2,FP001-FP005,HEX,288.0,13888888.75,4.5,138.0,0.34782608695652173,-5.742226697540308,0.8086830340933703,0.007241569028624324,0.8498076375395949,0.17251179218746618,22.435543554294842
263,S067_8a718d_a_LVM_3,FP001-FP005,HEX,252.0,22222000.0,6.0,53.0,0.49056603773584906,-5.552198381221459,0.6888482377439391,0.022837607421465376,0.8772281890440677,0.16623954634470223,21.03616822483686
264,S067_8a718d_b_Avg_0,FP002-RP001x,FAM,76.0,15873014.285714285,5.0,92.0,0.41304347826086957,-6.585022946250693,0.6904071891735729,0.021487996625479726,0.8050444705960232,0.1779064152351952,27.193910655076028
265,S067_8a718d_b_Avg_1,FP002-RP001x,FAM,106.0,13888888.75,4.5,71.0,0.4647887323943662,-6.572801950041511,0.6684635492225363,0.030898642169925113,0.813804170014854,0.1813224625747687,27.490403072026773
266,S067_8a718d_b_Avg_2,FP002-RP001x,FAM,97.0,13888888.75,4.5,70.0,0.38571428571428573,-5.585878667817225,0.6608333007509928,0.022207075599232958,0.887920259620918,0.16115064418252278,20.952756534488316
267,S067_8a718d_b_Avg_3,FP002-RP001x,FAM,61.0,22222000.0,6.0,70.0,0.37142857142857144,-5.321088306605143,0.5875706709317434,0.03075914859997112,0.8849357556659804,0.16717190398441917,19.89216780698633
268,S067_8a718d_b_LVM_0,FP002-RP001x,FAM,268.0,15873014.285714285,5.0,70.0,0.4142857142857143,-5.365244753692385,0.7164085111250397,0.019107955920392668,0.8415977193016982,0.17945436841540285,21.187515631497547
269,S067_8a718d_b_LVM_1,FP002-RP001x,FAM,295.0,13888888.75,4.5,86.0,0.3953488372093023,-7.349823931017212,0.5973122326819914,0.016472420386367308,0.8457494646602441,0.17135697520798862,30.292179964664207
270,S067_8a718d_b_LVM_2,FP002-RP001x,FAM,289.0,13888888.75,4.5,127.0,0.3858267716535433,-5.216957104887806,0.688910862609592,0.025684595699976095,0.8523844296849248,0.17644366788235147,20.357971765074666
271,S067_8a718d_b_LVM_3,FP002-RP001x,FAM,253.0,22222000.0,6.0,70.0,0.48571428571428565,-5.20715280531891,0.5539040594966635,0.02122879212685593,0.861385776223646,0.17495877328966677,20.096218628450067
272,S067_8a718d_c_Avg_0,FP005-RP002x,HEX,77.0,15873014.285714285,5.0,45.0,0.4666666666666667,-5.78797837587495,0.7514140158227353,0.010865374614657437,0.6673059672345651,0.23095468161730334,28.870376874084883
273,S067_8a718d_c_Avg_1,FP005-RP002x,HEX,85.4,22220002.0,5.4,87.0,0.27586206896551724,-9.71113941025285,0.6634224707570582,0.00760395270569868,0.7499161781772383,0.20816356630316374,43.23392496030598
274,S067_8a718d_c_Avg_2,FP005-RP002x,HEX,98.0,13888888.75,4.5,82.0,0.3048780487804878,-5.207333835880739,0.75578178287529,0.010357534816217666,0.7924215955916295,0.19629213175003551,21.896807279859136
275,S067_8a718d_c_Avg_3,FP005-RP002x,HEX,62.0,22222000.0,6.0,82.0,0.2926829268292683,-5.0994179792102585,0.6779633671626133,0.011042257262493032,0.8078288226740302,0.19402616307672255,20.997690488106795
276,S067_8a718d_c_LVM_0,FP005-RP002x,HEX,269.0,15873014.285714285,5.0,59.0,0.3389830508474576,-6.092378158758328,0.8056120022944739,0.008749228037752577,0.7257586104426919,0.2072015486595091,27.891433884940348
277,S067_8a718d_c_LVM_1,FP005-RP002x,HEX,298.0,13888888.75,4.5,309.0,0.22330097087378642,-5.476523263661592,0.685193178318998,0.009607773678117631,0.5548854657522798,0.2853038813245117,33.842587405838444
278,S067_8a718d_c_LVM_2,FP005-RP002x,HEX,290.0,13888888.75,4.5,120.0,0.3416666666666667,-4.752895242340424,0.7126038121101881,0.011458795296131648,0.7085726484526698,0.231435174662148,22.31215260568423
279,S067_8a718d_c_LVM_3,FP005-RP002x,HEX,254.0,22222000.0,6.0,40.0,0.325,-5.111120287434234,0.665661486333306,0.011728669513286006,0.7844950272946238,0.20133436455929582,21.666543315951177
280,S067_8a718d_d_Avg_0,FP004-FP005,EVAGREEN,78.0,15873014.285714285,5.0,149.0,0.45637583892617456,-5.343079031079799,0.5197522173280776,0.0023352996659729325,0.5882181789555173,0.26701578513279367,30.023008181657623
281,S067_8a718d_d_Avg_1,FP004-FP005,EVAGREEN,94.0,13888888.75,4.5,41.0,0.4878048780487805,-6.346154156228767,0.25537750299951306,0.0018100649007097248,0.7156016682564631,0.2122267034829801,29.3438907593294
282,S067_8a718d_d_Avg_2,FP004-FP005,EVAGREEN,99.0,13888888.75,4.5,47.0,0.6595744680851063,-4.475506233589372,0.36928070106751343,0.0009577314736159238,0.5544187710861439,0.2945991613123155,26.70895188141049
283,S067_8a718d_d_Avg_3,FP004-FP005,EVAGREEN,63.0,22222000.0,6.0,51.0,0.6470588235294118,-4.3208406945714435,0.35534671600923873,0.0005126660532798194,0.5173451530663286,0.313786112210785,27.64555180009886
284,S067_8a718d_d_LVM_0,FP004-FP005,EVAGREEN,270.0,15873014.285714285,5.0,43.0,0.6511627906976745,-8.775862477604965,0.30571632521327563,0.005882688800172927,0.7276403439540958,0.18970858981106192,39.58923515588406
285,S067_8a718d_d_LVM_1,FP004-FP005,EVAGREEN,244.0,27775000.0,6.5,91.0,0.3956043956043956,-4.364635603987161,0.29504767001556426,0.0012975337332428653,0.7453600962781533,0.22597167490202763,19.31933996421288
286,S067_8a718d_d_LVM_2,FP004-FP005,EVAGREEN,291.0,13888888.75,4.5,182.0,0.42857142857142855,-4.1792229735959205,0.6142270515830804,0.0012247020210522448,0.6025332928521301,0.28204069879992055,22.95544950893719
287,S067_8a718d_d_LVM_3,FP004-FP005,EVAGREEN,255.0,22222000.0,6.0,131.0,0.45038167938931295,-4.399469385582804,0.5053175296418592,0.0013930320125173493,0.6115394887815152,0.2762552872383738,23.67010982029795
288,S067_8a718d_e_Avg_0,FP004-RP004,FAM,87.0,16851850.0,4.666666666666667,102.0,0.45098039215686275,-6.452452537117597,0.6478344396961687,0.015667966852897293,0.6962992814921236,0.21437254739410952,30.82220779595836
289,S067_8a718d_e_Avg_1,FP004-RP004,FAM,101.0,13888888.75,4.5,89.0,0.42696629213483145,-6.116823431587983,0.6621486287981387,0.017768557895562153,0.7524059313252991,0.2050952799618967,27.751959557229135
290,S067_8a718d_e_Avg_2,FP004-RP004,FAM,100.0,13888888.75,4.5,97.0,0.44329896907216493,-5.258727636829847,0.8829801100298522,0.01948421387069719,0.7861418893163434,0.1983771633688451,22.240300363059042
291,S067_8a718d_e_Avg_3,FP004-RP004,FAM,64.0,22222000.0,6.0,63.0,0.5396825396825397,-4.545246679493691,0.7692584119256408,0.01644799801454055,0.7489685623316527,0.2221408469285276,20.160473926801984
292,S067_8a718d_e_LVM_0,FP004-RP004,FAM,271.0,15873014.285714285,5.0,175.0,0.2571428571428571,-5.872092022725139,0.667665710185381,0.01589574555019843,0.780648037603897,0.1947373187637087,24.96676900860709
293,S067_8a718d_e_LVM_1,FP004-RP004,FAM,287.0,13888888.75,4.5,157.0,0.25477707006369427,-6.805946863022655,0.6257782759453012,0.02372960691525894,0.7449893689910302,0.20190773018119626,30.679765233782625
294,S067_8a718d_e_LVM_2,FP004-RP004,FAM,292.0,13888888.75,4.5,149.0,0.3422818791946309,-5.335228417917577,0.8570607947540836,0.016673940754980347,0.8217893955997655,0.18594098584846822,21.532669515922056
295,S067_8a718d_e_LVM_3,FP004-RP004,FAM,256.0,22222000.0,6.0,97.0,0.4639175257731959,-4.721233555728017,0.7761636668397068,0.01856534345690835,0.7607766561942859,0.2151089799485384,20.591351404677425
296,S067_8a718d_α_Avg_0,FP001-RP001x,EVAGREEN,69.0,18516850.0,5.166666666666667,45.0,0.4666666666666666,-6.6051320992331135,0.3407074079538539,0.0005367350443887436,0.8002615982532796,0.17966725939199923,27.366314095995957
297,S067_8a718d_α_Avg_2,FP001-RP001x,EVAGREEN,101.0,13888888.75,4.5,47.0,0.5106382978723404,-5.237035136604497,0.2914292333006519,0.0003733446196792393,0.7238565910767307,0.21941316209371306,24.004467964077627
298,S067_8a718d_α_Avg_3,FP001-RP001x,EVAGREEN,65.0,22222000.0,6.0,74.0,0.25675675675675674,-5.911715399501349,0.32824402215462994,0.000169687313745372,0.9796698459058764,0.13066291264730925,20.108224513218513
299,S067_8a718d_α_LVM_0,FP001-RP001x,EVAGREEN,265.0,15873014.285714285,5.0,98.0,0.23469387755102042,-7.940741490247128,0.43049413301418893,0.00015321362795366755,0.9397124387044249,0.12987030581377215,28.025002724491863
300,S067_8a718d_α_LVM_1,FP001-RP001x,EVAGREEN,277.0,13888888.75,4.5,182.0,0.21978021978021978,-6.684664080083245,0.5550249405623722,0.0014290621128461253,0.7976847679177218,0.18482198579795875,27.841443047862047
301,S067_8a718d_α_LVM_2,FP001-RP001x,EVAGREEN,294.7142857142857,15858730.0,4.428571428571429,199.0,0.22613065326633167,-5.0275168300347035,0.5666421792834914,0.0006511188710959073,0.800982466116472,0.19524601712352435,20.857956619134082
302,S067_8a718d_α_LVM_3,FP001-RP001x,EVAGREEN,251.0,27752500.0,6.25,137.0,0.21897810218978103,-5.556028744435245,0.48365653914808415,0.0004607329681863161,0.930941863755175,0.1487675234349063,19.843334681463574
303,S067_8a718d_β_Avg_0,FP002-RP002x,EVAGREEN,74.0,15873014.285714285,5.0,45.0,0.44444444444444436,-6.440952834687011,0.2499663457585963,0.001753834729684213,0.7295763747022562,0.20345138751878658,29.281647796717348
304,S067_8a718d_β_Avg_3,FP002-RP002x,EVAGREEN,66.0,22222000.0,6.0,74.0,0.25675675675675674,-5.671362329330819,0.26384467027416053,0.0012033554554134174,0.8761226367096263,0.16566015421698416,21.460870231131285
305,S067_8a718d_β_LVM_0,FP002-RP002x,EVAGREEN,266.0,15873014.285714285,5.0,41.0,0.4634146341463415,-6.909814835011941,0.25605521265028275,0.001580519588146971,0.7633184482444938,0.18876671740963208,29.992124716360706
306,S067_8a718d_β_LVM_1,FP002-RP002x,EVAGREEN,282.0,13888888.75,4.5,24.0,0.4166666666666667,-6.644597910041121,0.16593688226375017,0.001487997952709266,0.8575011958444173,0.16374315525182992,25.627243216475343
307,S067_8a718d_β_LVM_3,FP002-RP002x,EVAGREEN,258.0,22222000.0,6.0,38.0,0.42105263157894735,-5.777456125632057,0.21844125652402843,0.001052510670221263,0.8534115816121689,0.1714378160823083,22.411621518091078
308,S067_b12a22_a_Avg_0,FP001-RP004,EVAGREEN,82.0,15873014.285714285,5.0,77.0,0.2597402597402597,-8.306407105803356,0.24506696525152966,0.0013680438080978085,0.9668456141192646,0.1203029762469963,28.57486975446523
309,S067_b12a22_a_Avg_2,FP001-RP004,EVAGREEN,103.0,13888888.75,4.5,53.0,0.22641509433962265,-6.693000552229283,0.25848214376005896,0.00019441382195031093,0.9874258053299121,0.12437606370645284,23.013055674407696
310,S067_b12a22_a_Avg_3,FP001-RP004,EVAGREEN,67.0,22222000.0,6.0,55.0,0.2363636363636364,-6.680971548713797,0.26259067680081083,0.00024822066874162225,1.021720966740158,0.11392112019880196,21.72262491808495
311,S067_b12a22_a_LVM_0,FP001-RP004,EVAGREEN,274.0,15873014.285714285,5.0,58.0,0.2241379310344828,-8.391940101947384,0.22596962980210836,0.001550396257993264,0.9555010817538667,0.12287217570784617,29.167082704635995
312,S067_b12a22_a_LVM_1,FP001-RP004,EVAGREEN,281.0,13888888.75,4.5,22.0,0.22727272727272727,-6.546734377783218,0.14470385132646083,0.0007137505408577022,0.9256131552833881,0.16233262581559024,24.937502033066163
313,S067_b12a22_a_LVM_2,FP001-RP004,EVAGREEN,295.0,13888888.75,4.5,28.0,0.39285714285714285,-7.490962250779942,0.18764485577309983,0.00027794697224373403,1.0259603807823012,0.1086753774329739,24.282981393306297
314,S067_b12a22_a_LVM_3,FP001-RP004,EVAGREEN,259.0,22222000.0,6.0,40.0,0.425,-5.813260336164687,0.2623497968295445,0.00035134149454519323,0.8680185627147555,0.16626778579783807,22.202399046563013
315,S067_b12a22_b_Avg_0,FP002-RP004,EVAGREEN,83.0,15873014.285714285,5.0,77.0,0.2597402597402597,-7.647941657393153,0.2294967994354098,0.0014285826494657551,0.8901704948977959,0.14551879851199204,28.531417910793355
316,S067_b12a22_b_LVM_0,FP002-RP004,EVAGREEN,275.0,15873014.285714285,5.0,45.0,0.22222222222222218,-8.379122867531342,0.1909445790049014,0.0014002970586002863,0.9241301912175797,0.1323236673578209,30.057679088884957
317,S067_b12a22_b_LVM_3,FP002-RP004,EVAGREEN,260.0,22222000.0,6.0,11.0,0.4545454545454545,-5.96954709283942,0.16696037739527717,0.0012613626316878921,0.8886944483462687,0.16393190475216762,21.937414349353073
318,S067_b12a22_c_Avg_0,FP004-RP004,FAM,84.0,15873014.285714285,5.0,72.0,0.3333333333333333,-7.147930968897322,0.6485992033231255,0.02785253882468926,0.8299633948182272,0.16620889729930907,28.651108629723815
319,S067_b12a22_c_Avg_1,FP004-RP004,FAM,100.0,13888888.75,4.5,48.0,0.4583333333333333,-6.535306256454977,0.685037036852206,0.01865333637898825,0.7744022209403854,0.19417288309906827,28.64081921984522
320,S067_b12a22_c_Avg_2,FP004-RP004,FAM,105.0,13888888.75,4.5,171.0,0.49707602339181284,-4.4493376030135305,0.7793879898505282,0.01220857516760213,0.6352803988333936,0.2637772748788219,23.27970216255284
321,S067_b12a22_c_Avg_3,FP004-RP004,FAM,69.0,22222000.0,6.0,49.0,0.6938775510204082,-4.306378519283774,0.6567089414159415,0.014133299297134971,0.6320206042508997,0.26925127071910526,22.63560960803114
322,S067_b12a22_c_LVM_0,FP004-RP004,FAM,276.0,15873014.285714285,5.0,278.0,0.3597122302158273,-6.631896080154928,0.6170708999579738,0.020297428641636438,0.674925834825185,0.21919285093579163,32.65984469282724
323,S067_b12a22_c_LVM_1,FP004-RP004,FAM,286.0,13888888.75,4.5,256.0,0.33984375,-6.16764993855862,0.6449225448921758,0.015878707688839217,0.6580883065953352,0.23620887860256679,31.738796004529828
324,S067_b12a22_c_LVM_2,FP004-RP004,FAM,297.0,13888888.75,4.5,256.0,0.328125,-4.895700466959881,0.7726236594287001,0.014152979076262983,0.7541961000568876,0.21310046745311842,21.553957801532516
325,S067_b12a22_c_LVM_3,FP004-RP004,FAM,261.0,22222000.0,6.0,309.0,0.3592233009708738,-5.003753705761542,0.6755461706608079,0.022075078806134386,0.6938562235804296,0.23377980939975904,23.942113161748814
326,S067_b12a22_d_Avg_0,FP004-FP005,HEX,85.0,15873014.285714285,5.0,206.0,0.6310679611650486,-4.529773184783834,0.4298581707957566,0.024361341309020578,0.4412357469852669,0.33778519017087916,34.00921422501305
327,S067_b12a22_d_Avg_1,FP004-FP005,HEX,99.0,13888888.75,4.5,185.0,0.5405405405405406,-4.649830129458772,0.626987718401536,0.016100911037963416,0.4768221649890674,0.33084040431205897,33.03377044862342
328,S067_b12a22_d_Avg_2,FP004-FP005,HEX,106.0,13888888.75,4.5,230.0,0.6347826086956522,-3.68908750231576,0.5556078973540198,0.021783188609682796,0.4427968024372026,0.35950646153544863,27.640222133740593
329,S067_b12a22_d_Avg_3,FP004-FP005,HEX,70.0,22222000.0,6.0,224.0,0.6205357142857143,-3.3891351587813063,0.5546288010836105,0.014577563779864952,0.4445055168226048,0.3702518337778405,25.16364467942077
330,S067_b12a22_d_LVM_0,FP004-FP005,HEX,277.0,15873014.285714285,5.0,354.0,0.3474576271186441,-5.962691133227493,0.7088073508187839,0.01192131475296437,0.5887346818336454,0.2559589302233292,33.656709925430235
331,S067_b12a22_d_LVM_1,FP004-FP005,HEX,285.0,13888888.75,4.5,427.0,0.3185011709601874,-5.753798681378273,0.710271160088916,0.011013399131612275,0.5247839280615877,0.2913799321513307,37.497831542476035
332,S067_b12a22_d_LVM_2,FP004-FP005,HEX,298.0,13888888.75,4.5,49.0,0.2653061224489796,-5.373982045760432,0.7271742932616749,0.010141168701263142,0.8221391382991319,0.18449899085837207,21.749642522198968
333,S067_b12a22_d_LVM_3,FP004-FP005,HEX,238.0,37000000.0,7.0,476.0,0.34873949579831925,-3.9726283998692273,0.6011888916567472,0.010597801214621621,0.5854280280832285,0.29182242948670417,22.487712170676712
334,S067_b12a22_α_Avg_0,FP001-RP001x,EVAGREEN,80.0,15873014.285714285,5.0,45.0,0.44444444444444436,-7.615523356042234,0.2795251595904446,0.00030557874514940944,0.8704615010400432,0.15178369104137748,29.016199086183548
335,S067_b12a22_α_Avg_2,FP001-RP001x,EVAGREEN,107.0,13888888.75,4.5,60.0,0.25,-6.906199323242557,0.23418904808095664,0.00015713088875630917,0.999303125168607,0.11863984979600208,22.97866846916071
336,S067_b12a22_α_Avg_3,FP001-RP001x,EVAGREEN,71.0,22222000.0,6.0,65.0,0.24615384615384617,-6.047337404397301,0.24637836932984633,0.00024354395037311924,0.9563807003640535,0.1367768063938385,21.053574301680893
337,S067_b12a22_α_LVM_0,FP001-RP001x,EVAGREEN,264.0,18518350.0,5.333333333333333,87.0,0.2413793103448276,-6.94812819219035,0.3770823072061025,0.0014460036028388417,0.7717780501552126,0.1855740354775541,29.87928570339604
338,S067_b12a22_α_LVM_1,FP001-RP001x,EVAGREEN,279.0,13888888.75,4.5,190.0,0.22105263157894736,-6.973610396040286,0.4611365573444799,0.001007773308480896,0.8089848963236806,0.1802771268074201,28.825203993738988
339,S067_b12a22_α_LVM_2,FP001-RP001x,EVAGREEN,299.0,13888888.75,4.5,206.0,0.22330097087378642,-5.481816170167563,0.474887589791786,0.000258811226636378,0.8350479307692309,0.17856891325977028,21.826441044842884
340,S067_b12a22_α_LVM_3,FP001-RP001x,EVAGREEN,263.0,22222000.0,6.0,49.0,0.5102040816326531,-5.266440709375055,0.25489955064857145,0.0003275257969871557,0.776445118456482,0.2013916052789307,22.56038020185531
341,S067_b12a22_β_Avg_0,FP002-RP002x,EVAGREEN,81.0,15873014.285714285,5.0,45.0,0.44444444444444436,-6.8851571769704965,0.24225835734227238,0.0016014024872117497,0.780680183087194,0.18371442438893024,29.27103765486293
342,S067_b12a22_β_Avg_2,FP002-RP002x,EVAGREEN,108.0,13888888.75,4.5,60.0,0.25,-6.202488295585575,0.20553121276741082,0.0014750033361724964,0.8760197171478548,0.15902801109407444,23.758555272753906
343,S073.0.0,FP017-RP015,FAM,109.0,22222000.0,6.0,83.0,0.4096385542168674,-4.518938809620508,0.9411027985000636,0.025311122711303907,0.7722762928968705,0.2139177197655469,19.46396166466087
344,S073.0.1,FP017-RP015,FAM,134.0,18518500.0,5.5,83.0,0.3253012048192771,-4.8993140860750275,1.0308788393275115,0.007867429377066512,0.7977444921464092,0.19981562090788832,20.4613130255036
345,S073.0.2,FP017-RP015,FAM,135.0,18518500.0,5.5,235.0,0.4085106382978723,-3.8742240299781,0.87226832145587,0.008458557891898333,0.5673334633521429,0.3036014491970487,22.70634917758205
346,S073.0.3,FP017-RP015,FAM,136.0,18518500.0,5.5,275.0,0.6654545454545454,-3.259231149421959,0.7677801024417698,0.014152240501200258,0.4247022388726172,0.38324846002340385,25.41523913408966
347,S073.0.4,FP017-RP015,FAM,137.0,18518500.0,5.5,155.0,0.20000000000000004,-4.86009892591114,0.9803684472054783,0.009343100032472124,0.7060898528163612,0.23137353769015845,22.965642773415453
348,S073.0.5,FP017-RP015,FAM,138.0,18518500.0,5.5,155.0,0.5806451612903226,-3.4949464643747774,0.8800245120963693,0.01051177943896238,0.5062129748424872,0.33943597170576073,22.93117550750284
349,S073.0.7,FP017-RP015,FAM,140.0,18518500.0,5.5,83.0,0.40963855421686746,-4.643133359195766,0.9189019594059936,0.007984863098327875,0.7208675404059036,0.22936862470889818,21.464546523311167
350,S073.1.0,FP014-RP014,HEX,141.0,18518500.0,5.5,79.0,0.43037974683544306,-5.873679100139037,0.5610062053768923,0.04627916398664308,0.9906994589157717,0.12793494082730203,19.747450862850744
351,S073.1.1,FP014-RP014,HEX,142.0,18518500.0,5.5,79.0,0.34177215189873417,-5.823959154194013,0.6071697660786574,0.008484306768065353,0.9997731531905439,0.12558040098811285,19.422849433191228
352,S073.1.2,FP014-RP014,HEX,143.0,18518500.0,5.5,231.0,0.41558441558441556,-4.840812726250244,0.5533672363397365,0.00955812880049151,0.7256540019975303,0.22434437863903045,22.19510329910051
353,S073.1.3,FP014-RP014,HEX,144.0,18518500.0,5.5,271.0,0.6752767527675276,-3.803519311885467,0.517306136331903,0.018510166906125395,0.5322068188447334,0.31889410813685704,23.71050667295216
354,S073.1.4,FP014-RP014,HEX,145.0,18518500.0,5.5,151.0,0.20529801324503313,-6.0184189867695155,0.588738531002843,0.008358764932162139,0.9539859251049699,0.13735751629443851,21.022704516652052
355,S073.1.5,FP014-RP014,HEX,146.0,18518500.0,5.5,151.0,0.5960264900662252,-4.401969698736347,0.5452291097305212,0.013022062278553166,0.659896871477924,0.2557128025186614,22.147141404733603
356,S073.1.6,FP014-RP014,HEX,147.0,18518500.0,5.5,35.0,0.45714285714285713,-6.15258086862061,0.5826507120749297,0.015901962410275288,1.0306740428407428,0.11407737484904591,19.89534432104021
357,S073.1.7,FP014-RP014,HEX,148.0,18518500.0,5.5,79.0,0.43037974683544306,-5.599658887130121,0.556832593699774,0.011706788459195289,0.933819624267909,0.1476833283404362,19.945889739164624
358,S073.2.0,FP016-RP016,HEX,137.0,20201909.09090909,5.7272727272727275,79.0,0.43037974683544306,-5.39109695625946,0.6116028730008457,0.011300840864661097,0.888994824424848,0.1640075990690918,20.161189554047972
359,S073.2.1,FP016-RP016,HEX,148.9090909090909,20192909.09090909,5.545454545454546,79.0,0.34177215189873417,-5.516420834726467,0.6439643388421018,0.006821618269404159,0.9346415176729223,0.14779415415724398,19.68070775788188
360,S073.2.2,FP016-RP016,HEX,151.0,18518500.0,5.5,231.0,0.41558441558441556,-4.429764999287366,0.5700952835400885,0.008168729614148015,0.6708529898604882,0.251939158968288,21.932465906559177
361,S073.2.3,FP016-RP016,HEX,152.0,18518500.0,5.5,271.0,0.6752767527675276,-3.703321219077242,0.5203004663061415,0.01373226569954703,0.4911788663713568,0.3399021767005786,24.907389271189405
362,S073.2.4,FP016-RP016,HEX,153.0,18518500.0,5.5,151.0,0.20529801324503313,-5.609777903251044,0.607721237399366,0.0070558165224368615,0.8862371138737872,0.1621574513779383,21.062574926308695
363,S073.2.5,FP016-RP016,HEX,154.0,18518500.0,5.5,151.0,0.5960264900662252,-3.9036828585197956,0.5708740755929111,0.008261248834498115,0.5769204691664834,0.2989421237870565,22.439723601474643
364,S073.2.6,FP016-RP016,HEX,155.0,18518500.0,5.5,35.0,0.45714285714285713,-5.710323637418637,0.6024887338961514,0.00780149343137274,0.956557917403602,0.13965501396364777,19.865758908436124
365,S073.2.7,FP016-RP016,HEX,156.0,18518500.0,5.5,79.0,0.43037974683544306,-5.274071794729927,0.5654899243448331,0.00849944881087899,0.8579313543253763,0.17546604659111598,20.399947176699055
366,S_PRDM1_WTa,FP003-RP003,HEX,191.0,25252525.0,5.0,97.0,0.5257731958762887,-4.581233633685027,0.5475642032849948,0.02158130071890312,0.6340751447465682,0.26507500618135865,23.981281902062275
367,S_PRDM1_WTb,FP003-RP008,HEX,194.5,25252525.0,5.0,83.0,0.5060240963855421,-4.826495827619087,0.5637473488834739,0.03516065088152773,0.7363836272292547,0.2229283709063724,21.81754048137793
