,Experiment,Well,Target,lg10_Copies,Outlier,WellPosition,Copies,Reporter,Sample,Task,Comments,CT,Reaction,Cycle,Fluorescence,Corr_Fluorescence,S036.5,S057.3.2,S057.4.2,log$_{1}$$_{0}$ S036.5,log$_{1}$$_{0}$ S057.3.2,log$_{1}$$_{0}$ S057.4.2,FAM-HEX
0,JG071B,1,FAM,#NAME?,FALSE,A1,0,FAM,JG071B.000,UNKNOWN,,inf,0,50,0.1264101223634836,-0.023440672,100000000,100,100,8,2,2,-0.420253915
2,JG071B,25,FAM,#NAME?,FALSE,B1,0,FAM,JG071B.000,UNKNOWN,,inf,44,50,0.12988482027174045,-0.014054426,100000000,100,100,8,2,2,-0.394143057
4,JG071B,2,FAM,#NAME?,FALSE,A2,0,FAM,JG071B.008,UNKNOWN,,21.563934,2,50,0.2486210704466908,0.3448072075843811,100000000,100,10000,8,2,4,-0.379550855
6,JG071B,26,FAM,#NAME?,FALSE,B2,0,FAM,JG071B.008,UNKNOWN,,29.045387,46,50,0.1579010439994717,0.20495812594890594,100000000,100,10000,8,2,4,-0.456656624
8,JG071B,3,FAM,#NAME?,FALSE,A3,0,FAM,JG071B.016,UNKNOWN,,20.169268,4,50,0.24769377212862304,0.3494285047054291,100000000,100,100000,8,2,5,-0.441446637
10,JG071B,27,FAM,#NAME?,FALSE,B3,0,FAM,JG071B.016,UNKNOWN,,26.867071,48,50,0.15235810367576433,0.20020203292369843,100000000,100,100000,8,2,5,-0.531683216
12,JG071B,4,FAM,#NAME?,FALSE,A4,0,FAM,JG071B.024,UNKNOWN,,23.047443,6,50,0.13550580523634687,0.1669033020734787,100000000,100,1000000,8,2,6,-0.599491409
14,JG071B,28,FAM,#NAME?,FALSE,B4,0,FAM,JG071B.024,UNKNOWN,,inf,50,50,0.051237097554711945,-0.011557321,100000000,100,1000000,8,2,6,-0.734886736
16,JG071B,5,FAM,#NAME?,FALSE,A5,0,FAM,JG071B.032,UNKNOWN,,inf,8,50,0.017185794763378524,-0.00523322,100000000,100,100000000,8,2,8,-0.840186686
18,JG071B,29,FAM,#NAME?,FALSE,B5,0,FAM,JG071B.032,UNKNOWN,,inf,52,50,-0.002680312,-0.005167099,100000000,100,100000000,8,2,8,-0.903799935
20,JG071B,6,FAM,#NAME?,FALSE,A6,0,FAM,JG071B.040,UNKNOWN,,39.449142,10,50,0.12372657583423197,0.13288450241088867,100000000,10000,100,8,4,2,-0.398785425
22,JG071B,30,FAM,#NAME?,FALSE,B6,0,FAM,JG071B.040,UNKNOWN,,45.83303,54,50,0.09200879,0.076540343,100000000,10000,100,8,4,2,-0.370632264
24,JG071B,7,FAM,#NAME?,FALSE,A7,0,FAM,JG071B.048,UNKNOWN,,27.707798,12,50,0.12159949125751927,0.15546894073486328,100000000,10000,10000,8,4,4,-0.483301025
26,JG071B,31,FAM,#NAME?,FALSE,B7,0,FAM,JG071B.048,UNKNOWN,,inf,56,50,0.08876458,-0.01017044,100000000,10000,10000,8,4,4,-0.501209733
28,JG071B,8,FAM,#NAME?,FALSE,A8,0,FAM,JG071B.056,UNKNOWN,,22.46433,14,50,0.20938078390251572,0.2858116626739502,100000000,10000,100000,8,4,5,-0.625329787
30,JG071B,32,FAM,#NAME?,FALSE,B8,0,FAM,JG071B.056,UNKNOWN,,27.224924,58,50,0.14386590651336828,0.1936808079481125,100000000,10000,100000,8,4,5,-0.612455199
32,JG071B,9,FAM,#NAME?,FALSE,A9,0,FAM,JG071B.064,UNKNOWN,,inf,16,50,0.067581681,-0.007081601,100000000,10000,1000000,8,4,6,-0.67635719
34,JG071B,33,FAM,#NAME?,FALSE,B9,0,FAM,JG071B.064,UNKNOWN,,inf,60,50,0.034888519,-0.004262357,100000000,10000,1000000,8,4,6,-0.698047471
36,JG071B,10,FAM,#NAME?,FALSE,A10,0,FAM,JG071B.072,UNKNOWN,,inf,18,50,0.017443692846227554,-0.003733338,100000000,10000,100000000,8,4,8,-0.894146526
38,JG071B,34,FAM,#NAME?,FALSE,B10,0,FAM,JG071B.072,UNKNOWN,,inf,62,50,-0.010503425,-0.002497258,100000000,10000,100000000,8,4,8,-0.927026719
40,JG071B,11,FAM,#NAME?,FALSE,A11,0,FAM,JG071B.080,UNKNOWN,,25.603233,20,50,0.24187555179080866,0.3397068679332733,100000000,100000,100,8,5,2,-0.218452526
42,JG071B,35,FAM,#NAME?,FALSE,B11,0,FAM,JG071B.080,UNKNOWN,,inf,64,50,0.087179737,-0.025759069,100000000,100000,100,8,5,2,-0.276042414
44,JG071B,12,FAM,#NAME?,FALSE,A12,0,FAM,JG071B.088,UNKNOWN,,26.908028,22,50,0.1338881212546447,0.17436735332012177,100000000,100000,10000,8,5,4,-0.48525786
46,JG071B,36,FAM,#NAME?,FALSE,B12,0,FAM,JG071B.088,UNKNOWN,,inf,66,50,0.047296936,-0.009967105,100000000,100000,10000,8,5,4,-0.487084319
48,JG071B,13,FAM,#NAME?,FALSE,A13,0,FAM,JG071B.096,UNKNOWN,,24.328323,24,50,0.16526334285668134,0.22420738637447357,100000000,100000,100000,8,5,5,-0.642128628
50,JG071B,37,FAM,#NAME?,FALSE,B13,0,FAM,JG071B.096,UNKNOWN,,25.2247,68,50,0.1625568253975508,0.21121442317962646,100000000,100000,100000,8,5,5,-0.637403291
52,JG071B,14,FAM,#NAME?,FALSE,A14,0,FAM,JG071B.104,UNKNOWN,,24.148531,26,50,0.1488043144022573,0.19611048698425293,100000000,100000,1000000,8,5,6,-0.697420221
54,JG071B,38,FAM,#NAME?,FALSE,B14,0,FAM,JG071B.104,UNKNOWN,,25.442759,70,50,0.13588621130654566,0.1669672131538391,100000000,100000,1000000,8,5,6,-0.719554611
56,JG071B,15,FAM,#NAME?,FALSE,A15,0,FAM,JG071B.112,UNKNOWN,,inf,28,50,0.06484261,-0.000609107,100000000,100000,100000000,8,5,8,-0.904521091
58,JG071B,39,FAM,#NAME?,FALSE,B15,0,FAM,JG071B.112,UNKNOWN,,30.140648,72,50,0.065134585,0.10417766869068146,100000000,100000,100000000,8,5,8,-0.934865415
60,JG071B,16,FAM,#NAME?,FALSE,A16,0,FAM,JG071B.120,UNKNOWN,,20.466211,30,50,0.3789346620032586,0.5388422608375549,100000000,1000000,100,8,6,2,-0.105842821
62,JG071B,40,FAM,#NAME?,FALSE,B16,0,FAM,JG071B.120,UNKNOWN,,20.940807,74,50,0.3758895565065796,0.5448151230812073,100000000,1000000,100,8,6,2,-0.083487459
64,JG071B,17,FAM,#NAME?,FALSE,A17,0,FAM,JG071B.128,UNKNOWN,,22.250334,32,50,0.21673049659681531,0.30168959498405457,100000000,1000000,10000,8,6,4,-0.40532983
66,JG071B,41,FAM,#NAME?,FALSE,B17,0,FAM,JG071B.128,UNKNOWN,,24.747463,76,50,0.18972339883297681,0.2560027241706848,100000000,1000000,10000,8,6,4,-0.439151681
68,JG071B,18,FAM,#NAME?,FALSE,A18,0,FAM,JG071B.136,UNKNOWN,,21.292336,34,50,0.17888191194752448,0.2439158707857132,100000000,1000000,100000,8,6,5,-0.424809395
70,JG071B,42,FAM,#NAME?,FALSE,B18,0,FAM,JG071B.136,UNKNOWN,,23.567362,78,50,0.1505074489331874,0.1973353624343872,100000000,1000000,100000,8,6,5,-0.459245852
72,JG071B,19,FAM,#NAME?,FALSE,A19,0,FAM,JG071B.144,UNKNOWN,,20.467577,36,50,0.22491567240528015,0.30895212292671204,100000000,1000000,1000000,8,6,6,-0.588976274
74,JG071B,43,FAM,#NAME?,FALSE,B19,0,FAM,JG071B.144,UNKNOWN,,21.798693,80,50,0.19946195481674492,0.27303990721702576,100000000,1000000,1000000,8,6,6,-0.615993474
76,JG071B,20,FAM,#NAME?,FALSE,A20,0,FAM,JG071B.152,UNKNOWN,,23.237862,38,50,0.10376064238184181,0.14361654222011566,100000000,1000000,100000000,8,6,8,-0.687488089
78,JG071B,44,FAM,#NAME?,FALSE,B20,0,FAM,JG071B.152,UNKNOWN,,25.179646,82,50,0.091949576,0.11817462742328644,100000000,1000000,100000000,8,6,8,-0.696223577
80,JG071B,22,FAM,#NAME?,FALSE,A22,0,FAM,JG071B.168,UNKNOWN,,11.105129,40,50,0.6347353688112147,0.870797336,100000000,100000000,10000,8,8,4,0.15231890055952496
82,JG071B,46,FAM,#NAME?,FALSE,B22,0,FAM,JG071B.168,UNKNOWN,,11.823104,84,50,0.6319715750322324,0.8613866567611694,100000000,100000000,10000,8,8,4,0.1412178221774853
84,JG071B,23,FAM,#NAME?,FALSE,A23,0,FAM,JG071B.176,UNKNOWN,,11.554731,42,50,0.586409106,0.8189533948898315,100000000,100000000,100000,8,8,5,-0.039268055
86,JG071B,47,FAM,#NAME?,FALSE,B23,0,FAM,JG071B.176,UNKNOWN,,12.279628,86,50,0.5697617510072636,0.7472864389419556,100000000,100000000,100000,8,8,5,-0.02538142
88,JG071B,49,FAM,#NAME?,FALSE,C1,0,FAM,JG071B.001,UNKNOWN,,25.707699,88,50,0.24655313125382172,0.35325905680656433,10000000,100,100,7,2,2,-0.234100116
90,JG071B,73,FAM,#NAME?,FALSE,D1,0,FAM,JG071B.001,UNKNOWN,,27.486593,132,50,0.16909066073066498,0.22412891685962677,10000000,100,100,7,2,2,-0.365276403
92,JG071B,50,FAM,#NAME?,FALSE,C2,0,FAM,JG071B.009,UNKNOWN,,25.682966,90,50,0.21565742584206007,0.2990638315677643,10000000,100,10000,7,2,4,-0.369368512
94,JG071B,74,FAM,#NAME?,FALSE,D2,0,FAM,JG071B.009,UNKNOWN,,26.856333,134,50,0.18341602103968827,0.2526509761810303,10000000,100,10000,7,2,4,-0.403905512
96,JG071B,51,FAM,#NAME?,FALSE,C3,0,FAM,JG071B.017,UNKNOWN,,24.28783,92,50,0.19879177105437576,0.27990344166755676,10000000,100,100000,7,2,5,-0.47432867
98,JG071B,75,FAM,#NAME?,FALSE,D3,0,FAM,JG071B.017,UNKNOWN,,26.369978,136,50,0.13355188258565717,0.13298866152763367,10000000,100,100000,7,2,5,-0.563587222
100,JG071B,52,FAM,#NAME?,FALSE,C4,0,FAM,JG071B.025,UNKNOWN,,27.36138,94,50,0.10992054605331589,0.13617029786109924,10000000,100,1000000,7,2,6,-0.617846715
102,JG071B,76,FAM,#NAME?,FALSE,D4,0,FAM,JG071B.025,UNKNOWN,,28.496029,138,50,0.098878656,0.12058618664741516,10000000,100,1000000,7,2,6,-0.594033065
104,JG071B,53,FAM,#NAME?,FALSE,C5,0,FAM,JG071B.033,UNKNOWN,,inf,96,50,0.011473566485348538,-0.005786657,10000000,100,100000000,7,2,8,-0.835697327
106,JG071B,77,FAM,#NAME?,FALSE,D5,0,FAM,JG071B.033,UNKNOWN,,inf,140,50,-0.001208512,-0.00528844,10000000,100,100000000,7,2,8,-0.852123994
108,JG071B,55,FAM,#NAME?,FALSE,C7,0,FAM,JG071B.049,UNKNOWN,,31.32259,100,50,0.096151352,0.12583132088184357,10000000,10000,10000,7,4,4,-0.502221602
110,JG071B,79,FAM,#NAME?,FALSE,D7,0,FAM,JG071B.049,UNKNOWN,,inf,144,50,0.098611665,0.009626011,10000000,10000,10000,7,4,4,-0.460068269
112,JG071B,56,FAM,#NAME?,FALSE,C8,0,FAM,JG071B.057,UNKNOWN,,23.486988,102,50,0.24763947830608232,0.35039106011390686,10000000,10000,100000,7,4,5,-0.568751854
114,JG071B,80,FAM,#NAME?,FALSE,D8,0,FAM,JG071B.057,UNKNOWN,,23.5806,146,50,0.24213412302778847,0.3329364061355591,10000000,10000,100000,7,4,5,-0.585599973
116,JG071B,57,FAM,#NAME?,FALSE,C9,0,FAM,JG071B.065,UNKNOWN,,inf,104,50,0.073003827,-0.006014987,10000000,10000,1000000,7,4,6,-0.676612351
118,JG071B,81,FAM,#NAME?,FALSE,D9,0,FAM,JG071B.065,UNKNOWN,,29.859737,148,50,0.083054215,0.10449863970279694,10000000,10000,1000000,7,4,6,-0.647822453
120,JG071B,58,FAM,#NAME?,FALSE,C10,0,FAM,JG071B.073,UNKNOWN,,inf,106,50,-0.000863312,-0.004891812,10000000,10000,100000000,7,4,8,-0.920066509
122,JG071B,82,FAM,#NAME?,FALSE,D10,0,FAM,JG071B.073,UNKNOWN,,inf,150,50,0.014418781973471871,-0.001380879,10000000,10000,100000000,7,4,8,-0.927486397
124,JG071B,59,FAM,#NAME?,FALSE,C11,0,FAM,JG071B.081,UNKNOWN,,31.52759,108,50,0.14923868681460886,0.20561638474464417,10000000,100000,100,7,5,2,-0.263888332
126,JG071B,83,FAM,#NAME?,FALSE,D11,0,FAM,JG071B.081,UNKNOWN,,inf,152,50,0.1205147015564369,-0.048410211,10000000,100000,100,7,5,2,-0.359921185
128,JG071B,60,FAM,#NAME?,FALSE,C12,0,FAM,JG071B.089,UNKNOWN,,inf,110,50,0.080292789,0.000727846,10000000,100000,10000,7,5,4,-0.468563728
130,JG071B,84,FAM,#NAME?,FALSE,D12,0,FAM,JG071B.089,UNKNOWN,,31.03614,154,50,0.095713755,0.12242206931114197,10000000,100000,10000,7,5,4,-0.51818656
132,JG071B,61,FAM,#NAME?,FALSE,C13,0,FAM,JG071B.097,UNKNOWN,,23.636633,112,50,0.22571065409193403,0.31566476821899414,10000000,100000,100000,7,5,5,-0.528636451
134,JG071B,85,FAM,#NAME?,FALSE,D13,0,FAM,JG071B.097,UNKNOWN,,23.57758,156,50,0.2299514086783569,0.32141128182411194,10000000,100000,100000,7,5,5,-0.531932719
136,JG071B,62,FAM,#NAME?,FALSE,C14,0,FAM,JG071B.105,UNKNOWN,,23.541054,114,50,0.19745612167300455,0.27405643463134766,10000000,100000,1000000,7,5,6,-0.624156068
138,JG071B,86,FAM,#NAME?,FALSE,D14,0,FAM,JG071B.105,UNKNOWN,,23.516476,158,50,0.1912614274554274,0.26492828130722046,10000000,100000,1000000,7,5,6,-0.64057585
140,JG071B,63,FAM,#NAME?,FALSE,C15,0,FAM,JG071B.113,UNKNOWN,,26.744728,116,50,0.10887324436642098,0.17391078174114227,10000000,100000,100000000,7,5,8,-0.851042202
142,JG071B,87,FAM,#NAME?,FALSE,D15,0,FAM,JG071B.113,UNKNOWN,,27.028286,160,50,0.10847854559662387,0.17032591998577118,10000000,100000,100000000,7,5,8,-0.887564477
144,JG071B,64,FAM,#NAME?,FALSE,C16,0,FAM,JG071B.121,UNKNOWN,,20.92199,118,50,0.4196978718337677,0.5987047553062439,10000000,1000000,100,7,6,2,-0.046436914
146,JG071B,88,FAM,#NAME?,FALSE,D16,0,FAM,JG071B.121,UNKNOWN,,20.843685,162,50,0.4013642728653241,0.5675021409988403,10000000,1000000,100,7,6,2,-0.09675768
148,JG071B,65,FAM,#NAME?,FALSE,C17,0,FAM,JG071B.129,UNKNOWN,,22.635347,120,50,0.26112686239218547,0.37098896503448486,10000000,1000000,10000,7,6,4,-0.341425436
150,JG071B,89,FAM,#NAME?,FALSE,D17,0,FAM,JG071B.129,UNKNOWN,,22.936771,164,50,0.23704650173235792,0.323758066,10000000,1000000,10000,7,6,4,-0.392494658
152,JG071B,66,FAM,#NAME?,FALSE,C18,0,FAM,JG071B.137,UNKNOWN,,22.16515,122,50,0.2119751538834588,0.28820765018463135,10000000,1000000,100000,7,6,5,-0.384376789
154,JG071B,90,FAM,#NAME?,FALSE,D18,0,FAM,JG071B.137,UNKNOWN,,22.358595,166,50,0.20645438034334437,0.2815227508544922,10000000,1000000,100000,7,6,5,-0.384275285
156,JG071B,67,FAM,#NAME?,FALSE,C19,0,FAM,JG071B.145,UNKNOWN,,21.612604,124,50,0.24198261847142163,0.34177953004837036,10000000,1000000,1000000,7,6,6,-0.542135253
158,JG071B,91,FAM,#NAME?,FALSE,D19,0,FAM,JG071B.145,UNKNOWN,,21.84873,168,50,0.24106638171312447,0.33650442957878113,10000000,1000000,1000000,7,6,6,-0.546608336
160,JG071B,68,FAM,#NAME?,FALSE,C20,0,FAM,JG071B.153,UNKNOWN,,23.512375,126,50,0.13459439699443643,0.18655753135681152,10000000,1000000,100000000,7,6,8,-0.628147384
162,JG071B,92,FAM,#NAME?,FALSE,D20,0,FAM,JG071B.153,UNKNOWN,,23.887283,170,50,0.13184055012901552,0.17578643560409546,10000000,1000000,100000000,7,6,8,-0.626973691
164,JG071B,70,FAM,#NAME?,FALSE,C22,0,FAM,JG071B.169,UNKNOWN,,11.7348175,128,50,0.6706808763851605,0.941201925,10000000,100000000,10000,7,8,4,0.21765930663383293
166,JG071B,94,FAM,#NAME?,FALSE,D22,0,FAM,JG071B.169,UNKNOWN,,11.858079,172,50,0.6381962785822487,0.8850961327552795,10000000,100000000,10000,7,8,4,0.1490031878654467
168,JG071B,71,FAM,#NAME?,FALSE,C23,0,FAM,JG071B.177,UNKNOWN,,12.180185,130,50,0.6116981144506454,0.8594696521759033,10000000,100000000,100000,7,8,5,0.03860505
170,JG071B,95,FAM,#NAME?,FALSE,D23,0,FAM,JG071B.177,UNKNOWN,,12.148819,174,50,0.6244374544928099,0.8723961710929871,10000000,100000000,100000,7,8,5,0.069409013
172,JG071B,78,FAM,#NAME?,FALSE,D6,0,FAM,JG071B.041,UNKNOWN,,inf,142,50,0.10196155488435336,-0.042637102,10000000,10000,100,7,4,2,-0.388866334
174,JG071B,97,FAM,#NAME?,FALSE,E1,0,FAM,JG071B.002,UNKNOWN,,25.53726,176,50,0.23601688398641207,0.33815842866897583,1000000,100,100,6,2,2,-0.347792432
176,JG071B,121,FAM,#NAME?,FALSE,F1,0,FAM,JG071B.002,UNKNOWN,,25.630793,220,50,0.25486741681167924,0.3565053343772888,1000000,100,100,6,2,2,-0.234606614
178,JG071B,98,FAM,#NAME?,FALSE,E2,0,FAM,JG071B.010,UNKNOWN,,25.46671,178,50,0.287658313,0.41666966676712036,1000000,100,10000,6,2,4,-0.224597997
180,JG071B,122,FAM,#NAME?,FALSE,F2,0,FAM,JG071B.010,UNKNOWN,,23.301918,222,50,0.31343456853429147,0.44097834825515747,1000000,100,10000,6,2,4,-0.292612642
182,JG071B,99,FAM,#NAME?,FALSE,E3,0,FAM,JG071B.018,UNKNOWN,,24.050072,180,50,0.2745100337286121,0.3909873962402344,1000000,100,100000,6,2,5,-0.333132564
184,JG071B,123,FAM,#NAME?,FALSE,F3,0,FAM,JG071B.018,UNKNOWN,,22.27936,224,50,0.32414196432978337,0.4672890901565552,1000000,100,100000,6,2,5,-0.317199255
186,JG071B,100,FAM,#NAME?,FALSE,E4,0,FAM,JG071B.026,UNKNOWN,,25.326313,182,50,0.19898502693442502,0.2796565592288971,1000000,100,1000000,6,2,6,-0.483195892
188,JG071B,124,FAM,#NAME?,FALSE,F4,0,FAM,JG071B.026,UNKNOWN,,25.195673,226,50,0.20696519759425533,0.28680869936943054,1000000,100,1000000,6,2,6,-0.497031325
190,JG071B,101,FAM,#NAME?,FALSE,E5,0,FAM,JG071B.034,UNKNOWN,,inf,184,50,0.036603704,0.008498874,1000000,100,100000000,6,2,8,-0.810368314
192,JG071B,125,FAM,#NAME?,FALSE,F5,0,FAM,JG071B.034,UNKNOWN,,34.640984,228,50,0.043899474951179164,0.091088094,1000000,100,100000000,6,2,8,-0.809564875
194,JG071B,102,FAM,#NAME?,FALSE,E6,0,FAM,JG071B.042,UNKNOWN,,31.127592,186,50,0.17198505004968884,0.23525714874267578,1000000,10000,100,6,4,2,-0.278558485
196,JG071B,126,FAM,#NAME?,FALSE,F6,0,FAM,JG071B.042,UNKNOWN,,31.25003,230,50,0.15855165049909334,0.2183007150888443,1000000,10000,100,6,4,2,-0.355657739
198,JG071B,103,FAM,#NAME?,FALSE,E7,0,FAM,JG071B.050,UNKNOWN,,27.404594,188,50,0.18649581277390231,0.2598062753677368,1000000,10000,10000,6,4,4,-0.333584092
200,JG071B,127,FAM,#NAME?,FALSE,F7,0,FAM,JG071B.050,UNKNOWN,,25.422379,232,50,0.2220994296099427,0.3169228136539459,1000000,10000,10000,6,4,4,-0.315141332
202,JG071B,104,FAM,#NAME?,FALSE,E8,0,FAM,JG071B.058,UNKNOWN,,22.972881,190,50,0.3430580405353623,0.4916534721851349,1000000,10000,100000,6,4,5,-0.425684266
204,JG071B,128,FAM,#NAME?,FALSE,F8,0,FAM,JG071B.058,UNKNOWN,,23.075085,234,50,0.3409030643327193,0.48831114172935486,1000000,10000,100000,6,4,5,-0.428054714
206,JG071B,105,FAM,#NAME?,FALSE,E9,0,FAM,JG071B.066,UNKNOWN,,26.696495,192,50,0.15731926174849295,0.21553127467632294,1000000,10000,1000000,6,4,6,-0.543043929
208,JG071B,129,FAM,#NAME?,FALSE,F9,0,FAM,JG071B.066,UNKNOWN,,26.905418,236,50,0.15415250456503415,0.21075855195522308,1000000,10000,1000000,6,4,6,-0.541601242
210,JG071B,106,FAM,#NAME?,FALSE,E10,0,FAM,JG071B.074,UNKNOWN,,inf,194,50,0.047610037576627955,0.013851546682417393,1000000,10000,100000000,6,4,8,-0.888040818
212,JG071B,130,FAM,#NAME?,FALSE,F10,0,FAM,JG071B.074,UNKNOWN,,31.109697,238,50,0.061771381,0.1275997906923294,1000000,10000,100000000,6,4,8,-0.871508645
214,JG071B,107,FAM,#NAME?,FALSE,E11,0,FAM,JG071B.082,UNKNOWN,,28.06997,196,50,0.21603228900347032,0.30845943093299866,1000000,100000,100,6,5,2,-0.270656103
216,JG071B,131,FAM,#NAME?,FALSE,F11,0,FAM,JG071B.082,UNKNOWN,,26.116285,240,50,0.27286179218804363,0.390688032,1000000,100000,100,6,5,2,-0.148427691
218,JG071B,108,FAM,#NAME?,FALSE,E12,0,FAM,JG071B.090,UNKNOWN,,26.63468,198,50,0.19822090117765756,0.2792162597179413,1000000,100000,10000,6,5,4,-0.354328773
220,JG071B,132,FAM,#NAME?,FALSE,F12,0,FAM,JG071B.090,UNKNOWN,,25.602482,242,50,0.2125048606883026,0.29976218938827515,1000000,100000,10000,6,5,4,-0.350294978
222,JG071B,109,FAM,#NAME?,FALSE,E13,0,FAM,JG071B.098,UNKNOWN,,23.094788,200,50,0.311086306,0.44633719325065613,1000000,100000,100000,6,5,5,-0.402092989
224,JG071B,133,FAM,#NAME?,FALSE,F13,0,FAM,JG071B.098,UNKNOWN,,23.00183,244,50,0.3042693749168609,0.42956674098968506,1000000,100000,100000,6,5,5,-0.412072874
226,JG071B,110,FAM,#NAME?,FALSE,E14,0,FAM,JG071B.106,UNKNOWN,,23.063976,202,50,0.2809524316858506,0.39902588725090027,1000000,100000,1000000,6,5,6,-0.50193804
228,JG071B,134,FAM,#NAME?,FALSE,F14,0,FAM,JG071B.106,UNKNOWN,,22.86581,246,50,0.28098208685431453,0.39258307218551636,1000000,100000,1000000,6,5,6,-0.509470861
230,JG071B,111,FAM,#NAME?,FALSE,E15,0,FAM,JG071B.114,UNKNOWN,,25.439127,204,50,0.16478870854996738,0.25447943806648254,1000000,100000,100000000,6,5,8,-0.785790894
232,JG071B,135,FAM,#NAME?,FALSE,F15,0,FAM,JG071B.114,UNKNOWN,,25.179317,248,50,0.1713047095437321,0.26301494240760803,1000000,100000,100000000,6,5,8,-0.796400383
234,JG071B,112,FAM,#NAME?,FALSE,E16,0,FAM,JG071B.122,UNKNOWN,,20.448122,206,50,0.5041839682742628,0.7232235074043274,1000000,1000000,100,6,6,2,0.088297617
236,JG071B,136,FAM,#NAME?,FALSE,F16,0,FAM,JG071B.122,UNKNOWN,,20.104996,250,50,0.5131854301879528,0.7366819977760315,1000000,1000000,100,6,6,2,0.055726991294498374
238,JG071B,113,FAM,#NAME?,FALSE,E17,0,FAM,JG071B.130,UNKNOWN,,22.422516,208,50,0.32860997817653714,0.468799889,1000000,1000000,10000,6,6,4,-0.228084845
240,JG071B,137,FAM,#NAME?,FALSE,F17,0,FAM,JG071B.130,UNKNOWN,,21.979248,252,50,0.3492811733924067,0.501075804,1000000,1000000,10000,6,6,4,-0.197280104
242,JG071B,114,FAM,#NAME?,FALSE,E18,0,FAM,JG071B.138,UNKNOWN,,22.053307,210,50,0.2877876678391265,0.3918115198612213,1000000,1000000,100000,6,6,5,-0.244873425
244,JG071B,138,FAM,#NAME?,FALSE,F18,0,FAM,JG071B.138,UNKNOWN,,21.335066,254,50,0.3093970907277889,0.4331887662410736,1000000,1000000,100000,6,6,5,-0.219241356
246,JG071B,115,FAM,#NAME?,FALSE,E19,0,FAM,JG071B.146,UNKNOWN,,21.578243,212,50,0.3327722175206146,0.4812362492084503,1000000,1000000,1000000,6,6,6,-0.425273678
248,JG071B,139,FAM,#NAME?,FALSE,F19,0,FAM,JG071B.146,UNKNOWN,,21.315617,256,50,0.3382046283618291,0.48281344771385193,1000000,1000000,1000000,6,6,6,-0.422671427
250,JG071B,116,FAM,#NAME?,FALSE,E20,0,FAM,JG071B.154,UNKNOWN,,23.117226,214,50,0.18460457957258797,0.2630370855331421,1000000,1000000,100000000,6,6,8,-0.57203154
252,JG071B,140,FAM,#NAME?,FALSE,F20,0,FAM,JG071B.154,UNKNOWN,,23.362093,258,50,0.18464137502639946,0.2557925283908844,1000000,1000000,100000000,6,6,8,-0.58480718
254,JG071B,118,FAM,#NAME?,FALSE,E22,0,FAM,JG071B.170,UNKNOWN,,11.870393,216,50,0.7516389283622024,1.0515177249908447,1000000,100000000,10000,6,8,4,0.38801851201959503
256,JG071B,142,FAM,#NAME?,FALSE,F22,0,FAM,JG071B.170,UNKNOWN,,12.093893,260,50,0.7125195051260954,0.9985932111740112,1000000,100000000,10000,6,8,4,0.3222317626991643
258,JG071B,119,FAM,#NAME?,FALSE,E23,0,FAM,JG071B.178,UNKNOWN,,12.05219,218,50,0.7165512811351766,1.0177390575408936,1000000,100000000,100000,6,8,5,0.23170604730732308
260,JG071B,143,FAM,#NAME?,FALSE,F23,0,FAM,JG071B.178,UNKNOWN,,11.917633,262,50,0.7212787843768869,1.0133479833602905,1000000,100000000,100000,6,8,5,0.25390347572723615
262,JG071B,145,FAM,#NAME?,FALSE,G1,0,FAM,JG071B.003,UNKNOWN,,25.346296,264,50,0.33665362545156424,0.4831942915916443,100000,100,100,5,2,2,-0.130813424
264,JG071B,169,FAM,#NAME?,FALSE,H1,0,FAM,JG071B.003,UNKNOWN,,25.294622,308,50,0.34072097553389896,0.4892784059047699,100000,100,100,5,2,2,-0.110399399
266,JG071B,146,FAM,#NAME?,FALSE,G2,0,FAM,JG071B.011,UNKNOWN,,22.981766,266,50,0.41300896240805807,0.601595938,100000,100,10000,5,2,4,-0.120332056
268,JG071B,170,FAM,#NAME?,FALSE,H2,0,FAM,JG071B.011,UNKNOWN,,23.497322,310,50,0.4022411076684998,0.5910886526107788,100000,100,10000,5,2,4,-0.098826446
270,JG071B,147,FAM,#NAME?,FALSE,G3,0,FAM,JG071B.019,UNKNOWN,,22.196007,268,50,0.4056298116526628,0.5953565239906311,100000,100,100000,5,2,5,-0.174068649
272,JG071B,171,FAM,#NAME?,FALSE,H3,0,FAM,JG071B.019,UNKNOWN,,21.639793,312,50,0.4199509086521912,0.6130509376525879,100000,100,100000,5,2,5,-0.157041393
274,JG071B,148,FAM,#NAME?,FALSE,G4,0,FAM,JG071B.027,UNKNOWN,,25.06453,270,50,0.2715159909146461,0.3884928822517395,100000,100,1000000,5,2,6,-0.387622769
276,JG071B,172,FAM,#NAME?,FALSE,H4,0,FAM,JG071B.027,UNKNOWN,,24.944355,314,50,0.2768016711358158,0.3960720896720886,100000,100,1000000,5,2,6,-0.369952624
278,JG071B,149,FAM,#NAME?,FALSE,G5,0,FAM,JG071B.035,UNKNOWN,,30.639915,272,50,0.097260335,0.16804006695747375,100000,100,100000000,5,2,8,-0.745924686
280,JG071B,173,FAM,#NAME?,FALSE,H5,0,FAM,JG071B.035,UNKNOWN,,33.06674,316,50,0.078186239,0.1307767629623413,100000,100,100000000,5,2,8,-0.738374046
282,JG071B,150,FAM,#NAME?,FALSE,G6,0,FAM,JG071B.043,UNKNOWN,,29.791777,274,50,0.23942181037868165,0.34183523058891296,100000,10000,100,5,4,2,-0.23764269
284,JG071B,174,FAM,#NAME?,FALSE,H6,0,FAM,JG071B.043,UNKNOWN,,30.689081,318,50,0.2212550384100898,0.31016063690185547,100000,10000,100,5,4,2,-0.254799331
286,JG071B,151,FAM,#NAME?,FALSE,G7,0,FAM,JG071B.051,UNKNOWN,,24.45603,276,50,0.3135496402910542,0.4514215588569641,100000,10000,10000,5,4,4,-0.13513333
288,JG071B,175,FAM,#NAME?,FALSE,H7,0,FAM,JG071B.051,UNKNOWN,,24.326107,320,50,0.32010768370217946,0.46040835976600647,100000,10000,10000,5,4,4,-0.149353892
290,JG071B,152,FAM,#NAME?,FALSE,G8,0,FAM,JG071B.059,UNKNOWN,,23.405415,278,50,0.41888899648843264,0.6098807454109192,100000,10000,100000,5,4,5,-0.28045932
292,JG071B,176,FAM,#NAME?,FALSE,H8,0,FAM,JG071B.059,UNKNOWN,,23.057678,322,50,0.4304479322593573,0.6213634610176086,100000,10000,100000,5,4,5,-0.263282419
294,JG071B,153,FAM,#NAME?,FALSE,G9,0,FAM,JG071B.067,UNKNOWN,,26.889267,280,50,0.20535118260578847,0.2923515737056732,100000,10000,1000000,5,4,6,-0.450350414
296,JG071B,177,FAM,#NAME?,FALSE,H9,0,FAM,JG071B.067,UNKNOWN,,27.094755,324,50,0.2049760053057839,0.2884676158428192,100000,10000,1000000,5,4,6,-0.451153527
298,JG071B,154,FAM,#NAME?,FALSE,G10,0,FAM,JG071B.075,UNKNOWN,,29.177706,282,50,0.10057459417775239,0.18439391255378723,100000,10000,100000000,5,4,8,-0.819556476
300,JG071B,178,FAM,#NAME?,FALSE,H10,0,FAM,JG071B.075,UNKNOWN,,29.158115,326,50,0.10731941784747787,0.181369811,100000,10000,100000000,5,4,8,-0.811099648
302,JG071B,155,FAM,#NAME?,FALSE,G11,0,FAM,JG071B.083,UNKNOWN,,24.590933,284,50,0.3734333153274913,0.5504797101020813,100000,100000,100,5,5,2,-0.091089534
304,JG071B,179,FAM,#NAME?,FALSE,H11,0,FAM,JG071B.083,UNKNOWN,,24.578053,328,50,0.37868601099625293,0.5500972270965576,100000,100000,100,5,5,2,-0.083942003
306,JG071B,156,FAM,#NAME?,FALSE,G12,0,FAM,JG071B.091,UNKNOWN,,23.95112,286,50,0.32399365695231513,0.46917039155960083,100000,100000,10000,5,5,4,-0.17356327
308,JG071B,180,FAM,#NAME?,FALSE,H12,0,FAM,JG071B.091,UNKNOWN,,23.416409,330,50,0.3383810760077444,0.4899325668811798,100000,100000,10000,5,5,4,-0.14832074
310,JG071B,157,FAM,#NAME?,FALSE,G13,0,FAM,JG071B.099,UNKNOWN,,22.64381,288,50,0.39637774476565235,0.569628119,100000,100000,100000,5,5,5,-0.250887148
312,JG071B,181,FAM,#NAME?,FALSE,H13,0,FAM,JG071B.099,UNKNOWN,,22.391943,332,50,0.41830265740850014,0.5967124700546265,100000,100000,100000,5,5,5,-0.243631025
314,JG071B,158,FAM,#NAME?,FALSE,G14,0,FAM,JG071B.107,UNKNOWN,,22.65444,290,50,0.35072986900369674,0.511415422,100000,100000,1000000,5,5,6,-0.385738954
316,JG071B,182,FAM,#NAME?,FALSE,H14,0,FAM,JG071B.107,UNKNOWN,,22.54785,334,50,0.3635198848165603,0.5191431641578674,100000,100000,1000000,5,5,6,-0.366295696
318,JG071B,159,FAM,#NAME?,FALSE,G15,0,FAM,JG071B.115,UNKNOWN,,24.477306,292,50,0.21163667136736866,0.32906362414360046,100000,100000,100000000,5,5,8,-0.736243088
320,JG071B,183,FAM,#NAME?,FALSE,H15,0,FAM,JG071B.115,UNKNOWN,,24.414654,336,50,0.21616217136400048,0.33025574684143066,100000,100000,100000000,5,5,8,-0.711101911
322,JG071B,160,FAM,#NAME?,FALSE,G16,0,FAM,JG071B.123,UNKNOWN,,19.749815,294,50,0.6262532471287544,0.9257342219352722,100000,1000000,100,5,6,2,0.2349740208804078
324,JG071B,184,FAM,#NAME?,FALSE,H16,0,FAM,JG071B.123,UNKNOWN,,19.662977,338,50,0.6178600109009246,0.9089457988739014,100000,1000000,100,5,6,2,0.2393509085155925
326,JG071B,161,FAM,#NAME?,FALSE,G17,0,FAM,JG071B.131,UNKNOWN,,21.086554,296,50,0.4565095177311066,0.6534968614578247,100000,1000000,10000,5,6,4,-0.022341553
328,JG071B,185,FAM,#NAME?,FALSE,H17,0,FAM,JG071B.131,UNKNOWN,,20.445967,340,50,0.47699378835442724,0.6922830939292908,100000,1000000,10000,5,6,4,0.008056141
330,JG071B,162,FAM,#NAME?,FALSE,G18,0,FAM,JG071B.139,UNKNOWN,,20.158747,298,50,0.4931409714868721,0.6996324062347412,100000,1000000,100000,5,6,5,-0.074956855
332,JG071B,186,FAM,#NAME?,FALSE,H18,0,FAM,JG071B.139,UNKNOWN,,20.371428,342,50,0.40914078953634275,0.5850661993026733,100000,1000000,100000,5,6,5,-0.050951804
334,JG071B,163,FAM,#NAME?,FALSE,G19,0,FAM,JG071B.147,UNKNOWN,,20.993046,300,50,0.42323868318078944,0.6093146204948425,100000,1000000,1000000,5,6,6,-0.277401507
336,JG071B,187,FAM,#NAME?,FALSE,H19,0,FAM,JG071B.147,UNKNOWN,,20.62285,344,50,0.42682790098071083,0.6203053593635559,100000,1000000,1000000,5,6,6,-0.275419204
338,JG071B,164,FAM,#NAME?,FALSE,G20,0,FAM,JG071B.155,UNKNOWN,,23.275234,302,50,0.22470338870180095,0.3129275143146515,100000,1000000,100000000,5,6,8,-0.532660006
340,JG071B,188,FAM,#NAME?,FALSE,H20,0,FAM,JG071B.155,UNKNOWN,,22.063282,346,50,0.24170152871265443,0.3456919193267822,100000,1000000,100000000,5,6,8,-0.495906373
342,JG071B,166,FAM,#NAME?,FALSE,G22,0,FAM,JG071B.171,UNKNOWN,,12.082501,304,50,0.772672426,1.111935019493103,100000,100000000,10000,5,8,4,0.4494043342097987
344,JG071B,190,FAM,#NAME?,FALSE,H22,0,FAM,JG071B.171,UNKNOWN,,12.194091,348,50,0.8439051486095448,1.2177850008010864,100000,100000000,10000,5,8,4,0.5765833506527549
346,JG071B,167,FAM,#NAME?,FALSE,G23,0,FAM,JG071B.179,UNKNOWN,,10.96998,306,50,0.948785762,1.394212245941162,100000,100000000,100000,5,8,5,0.47452303589137945
348,JG071B,191,FAM,#NAME?,FALSE,H23,0,FAM,JG071B.179,UNKNOWN,,11.262151,350,50,0.8393515095573563,1.176931619644165,100000,100000000,100000,5,8,5,0.4325641035259806
350,JG071B,193,FAM,#NAME?,FALSE,I1,0,FAM,JG071B.004,UNKNOWN,,25.3245,352,50,0.41944945127592387,0.6158933639526367,10000,100,100,4,2,2,0.041518407
352,JG071B,217,FAM,#NAME?,FALSE,J1,0,FAM,JG071B.004,UNKNOWN,,25.27846,396,50,0.42266114847173136,0.6153284907341003,10000,100,100,4,2,2,0.027425138
354,JG071B,194,FAM,#NAME?,FALSE,I2,0,FAM,JG071B.012,UNKNOWN,,23.384464,354,50,0.4710245207198988,0.6905794739723206,10000,100,10000,4,2,4,0.013286637927108436
356,JG071B,218,FAM,#NAME?,FALSE,J2,0,FAM,JG071B.012,UNKNOWN,,20.093857,398,50,0.5620920572259024,0.8306483626365662,10000,100,10000,4,2,4,0.11483975145369962
358,JG071B,195,FAM,#NAME?,FALSE,I3,0,FAM,JG071B.020,UNKNOWN,,22.050283,356,50,0.46984753073492586,0.686793327,10000,100,100000,4,2,5,-0.050347618
360,JG071B,219,FAM,#NAME?,FALSE,J3,0,FAM,JG071B.020,UNKNOWN,,19.029413,400,50,0.5349807442866067,0.782455564,10000,100,100000,4,2,5,0.019655449
362,JG071B,196,FAM,#NAME?,FALSE,I4,0,FAM,JG071B.028,UNKNOWN,,25.345806,358,50,0.3196871540071154,0.4619024395942688,10000,100,1000000,4,2,6,-0.293148343
364,JG071B,220,FAM,#NAME?,FALSE,J4,0,FAM,JG071B.028,UNKNOWN,,21.427116,402,50,0.3800175001638069,0.5435305237770081,10000,100,1000000,4,2,6,-0.23960453
366,JG071B,197,FAM,#NAME?,FALSE,I5,0,FAM,JG071B.036,UNKNOWN,,31.480337,360,50,0.10953009603832978,0.18408635258674622,10000,100,100000000,4,2,8,-0.71491215
368,JG071B,221,FAM,#NAME?,FALSE,J5,0,FAM,JG071B.036,UNKNOWN,,27.317217,404,50,0.15358779738406095,0.25973179936408997,10000,100,100000000,4,2,8,-0.693895858
370,JG071B,198,FAM,#NAME?,FALSE,I6,0,FAM,JG071B.044,UNKNOWN,,29.240116,362,50,0.35101841439929615,0.5121996402740479,10000,10000,100,4,4,2,0.034954504734529324
372,JG071B,222,FAM,#NAME?,FALSE,J6,0,FAM,JG071B.044,UNKNOWN,,25.99474,406,50,0.44589508027595887,0.6469449996948242,10000,10000,100,4,4,2,0.033732245
374,JG071B,199,FAM,#NAME?,FALSE,I7,0,FAM,JG071B.052,UNKNOWN,,23.952232,364,50,0.4004580012139431,0.5822004079818726,10000,10000,10000,4,4,4,-0.020457207
376,JG071B,223,FAM,#NAME?,FALSE,J7,0,FAM,JG071B.052,UNKNOWN,,22.632864,408,50,0.42883661473897483,0.6296493411064148,10000,10000,10000,4,4,4,0.017622396
378,JG071B,200,FAM,#NAME?,FALSE,I8,0,FAM,JG071B.060,UNKNOWN,,23.22089,366,50,0.5003151780413717,0.7344128489494324,10000,10000,100000,4,4,5,-0.139451831
380,JG071B,224,FAM,#NAME?,FALSE,J8,0,FAM,JG071B.060,UNKNOWN,,21.082222,410,50,0.553304627,0.8065475821495056,10000,10000,100000,4,4,5,-0.081494633
382,JG071B,201,FAM,#NAME?,FALSE,I9,0,FAM,JG071B.068,UNKNOWN,,27.183138,368,50,0.2574160644660135,0.36741381883621216,10000,10000,1000000,4,4,6,-0.367696463
384,JG071B,225,FAM,#NAME?,FALSE,J9,0,FAM,JG071B.068,UNKNOWN,,23.242329,412,50,0.311815811,0.44289806485176086,10000,10000,1000000,4,4,6,-0.326782934
386,JG071B,202,FAM,#NAME?,FALSE,I10,0,FAM,JG071B.076,UNKNOWN,,27.877684,370,50,0.13351411075513345,0.2342473715543747,10000,10000,100000000,4,4,8,-0.777703599
388,JG071B,226,FAM,#NAME?,FALSE,J10,0,FAM,JG071B.076,UNKNOWN,,27.033884,414,50,0.14008633770572776,0.25904735922813416,10000,10000,100000000,4,4,8,-0.779999225
390,JG071B,203,FAM,#NAME?,FALSE,I11,0,FAM,JG071B.084,UNKNOWN,,24.150131,372,50,0.48554214719046557,0.7078598141670227,10000,100000,100,4,5,2,0.12112830888719256
392,JG071B,227,FAM,#NAME?,FALSE,J11,0,FAM,JG071B.084,UNKNOWN,,22.588081,416,50,0.5398651846204526,0.7916011810302734,10000,100000,100,4,5,2,0.19107484464394636
394,JG071B,204,FAM,#NAME?,FALSE,I12,0,FAM,JG071B.092,UNKNOWN,,23.143324,374,50,0.4330242920318537,0.6282602548599243,10000,100000,10000,4,5,4,0.003802571
396,JG071B,228,FAM,#NAME?,FALSE,J12,0,FAM,JG071B.092,UNKNOWN,,22.27461,418,50,0.44368002233814074,0.6484854221343994,10000,100000,10000,4,5,4,0.015912483223288865
398,JG071B,205,FAM,#NAME?,FALSE,I13,0,FAM,JG071B.100,UNKNOWN,,22.247803,376,50,0.48279043016045664,0.7078722715377808,10000,100000,100000,4,5,5,-0.140274537
400,JG071B,229,FAM,#NAME?,FALSE,J13,0,FAM,JG071B.100,UNKNOWN,,22.317097,420,50,0.48274005,0.7006001472473145,10000,100000,100000,4,5,5,-0.132409031
402,JG071B,206,FAM,#NAME?,FALSE,I14,0,FAM,JG071B.108,UNKNOWN,,21.79804,378,50,0.43336852364808776,0.6274935603141785,10000,100000,1000000,4,5,6,-0.299271749
404,JG071B,230,FAM,#NAME?,FALSE,J14,0,FAM,JG071B.108,UNKNOWN,,21.895098,422,50,0.4349707820906274,0.6199619770050049,10000,100000,1000000,4,5,6,-0.278978105
406,JG071B,207,FAM,#NAME?,FALSE,I15,0,FAM,JG071B.116,UNKNOWN,,24.40684,380,50,0.22687498756635804,0.3670116066932678,10000,100000,100000000,4,5,8,-0.702647146
408,JG071B,231,FAM,#NAME?,FALSE,J15,0,FAM,JG071B.116,UNKNOWN,,24.173594,424,50,0.24394804902552183,0.3681997060775757,10000,100000,100000000,4,5,8,-0.687461132
410,JG071B,208,FAM,#NAME?,FALSE,I16,0,FAM,JG071B.124,UNKNOWN,,18.773783,382,50,0.7264546992364688,1.0686208009719849,10000,1000000,100,4,6,2,0.43593050814224527
412,JG071B,232,FAM,#NAME?,FALSE,J16,0,FAM,JG071B.124,UNKNOWN,,18.939106,426,50,0.7270797719689533,1.0617883205413818,10000,1000000,100,4,6,2,0.49396585707343266
414,JG071B,209,FAM,#NAME?,FALSE,I17,0,FAM,JG071B.132,UNKNOWN,,19.02384,384,50,0.5698178362688153,0.8268598318099976,10000,1000000,10000,4,6,4,0.17088517484037846
416,JG071B,233,FAM,#NAME?,FALSE,J17,0,FAM,JG071B.132,UNKNOWN,,19.23839,428,50,0.5754636114987892,0.8425013422966003,10000,1000000,10000,4,6,4,0.19517941242149778
418,JG071B,210,FAM,#NAME?,FALSE,I18,0,FAM,JG071B.140,UNKNOWN,,17.559439,386,50,0.5035131768538404,0.7129416465759277,10000,1000000,100000,4,6,5,0.09212333
420,JG071B,234,FAM,#NAME?,FALSE,J18,0,FAM,JG071B.140,UNKNOWN,,17.977097,430,50,0.4937237364822373,0.6925909519195557,10000,1000000,100000,4,6,5,0.090767068
422,JG071B,211,FAM,#NAME?,FALSE,I19,0,FAM,JG071B.148,UNKNOWN,,17.59278,388,50,0.5279505117556642,0.7605180144309998,10000,1000000,1000000,4,6,6,-0.140679381
424,JG071B,235,FAM,#NAME?,FALSE,J19,0,FAM,JG071B.148,UNKNOWN,,17.7823,432,50,0.5215847454220952,0.7526739239692688,10000,1000000,1000000,4,6,6,-0.161367319
426,JG071B,212,FAM,#NAME?,FALSE,I20,0,FAM,JG071B.156,UNKNOWN,,17.605558,390,50,0.3097203817925494,0.4504348635673523,10000,1000000,100000000,4,6,8,-0.438006842
428,JG071B,236,FAM,#NAME?,FALSE,J20,0,FAM,JG071B.156,UNKNOWN,,18.336763,434,50,0.3183992500534163,0.4487047791481018,10000,1000000,100000000,4,6,8,-0.424255459
430,JG071B,214,FAM,#NAME?,FALSE,I22,0,FAM,JG071B.172,UNKNOWN,,9.428137,392,50,0.9270924638958997,1.3241844177246094,10000,100000000,10000,4,8,4,0.6457496039819872
432,JG071B,238,FAM,#NAME?,FALSE,J22,0,FAM,JG071B.172,UNKNOWN,,9.954245,436,50,0.899886379,1.251599669456482,10000,100000000,10000,4,8,4,0.5952390013602502
434,JG071B,215,FAM,#NAME?,FALSE,I23,0,FAM,JG071B.180,UNKNOWN,,11.054734,394,50,0.9049881587094257,1.301149606704712,10000,100000000,100000,4,8,5,0.5177347556970087
436,JG071B,239,FAM,#NAME?,FALSE,J23,0,FAM,JG071B.180,UNKNOWN,,10.781841,438,50,0.882604758,1.1998461484909058,10000,100000000,100000,4,8,5,0.4915770131709076
438,JG071B,241,FAM,#NAME?,FALSE,K1,0,FAM,JG071B.005,UNKNOWN,,25.318598,440,50,0.5269329707586915,0.7785860300064087,1000,100,100,3,2,2,0.1994730502713794
440,JG071B,265,FAM,#NAME?,FALSE,L1,0,FAM,JG071B.005,UNKNOWN,,25.267223,484,50,0.524381176,0.7669958472251892,1000,100,100,3,2,2,0.2111385923065881
442,JG071B,242,FAM,#NAME?,FALSE,K2,0,FAM,JG071B.013,UNKNOWN,,19.3399,442,50,0.6414864206727627,0.9395478963851929,1000,100,10000,3,2,4,0.22663162838772688
444,JG071B,266,FAM,#NAME?,FALSE,L2,0,FAM,JG071B.013,UNKNOWN,,18.897446,486,50,0.6667769475066428,0.9728915095329285,1000,100,10000,3,2,4,0.2759811307335071
446,JG071B,243,FAM,#NAME?,FALSE,K3,0,FAM,JG071B.021,UNKNOWN,,18.07793,444,50,0.5815656384697004,0.8438226580619812,1000,100,100000,3,2,5,0.093345893
448,JG071B,267,FAM,#NAME?,FALSE,L3,0,FAM,JG071B.021,UNKNOWN,,17.363186,488,50,0.6256560405515035,0.889411449,1000,100,100000,3,2,5,0.11852021281683922
450,JG071B,244,FAM,#NAME?,FALSE,K4,0,FAM,JG071B.029,UNKNOWN,,20.092867,446,50,0.4320553697435877,0.6247859597206116,1000,100,1000000,3,2,6,-0.169636719
452,JG071B,268,FAM,#NAME?,FALSE,L4,0,FAM,JG071B.029,UNKNOWN,,19.585957,490,50,0.411717123,0.5912126898765564,1000,100,1000000,3,2,6,-0.153226672
454,JG071B,245,FAM,#NAME?,FALSE,K5,0,FAM,JG071B.037,UNKNOWN,,25.831944,448,50,0.17741716858433482,0.30649399757385254,1000,100,100000000,3,2,8,-0.669638197
456,JG071B,269,FAM,#NAME?,FALSE,L5,0,FAM,JG071B.037,UNKNOWN,,24.783558,492,50,0.21191837848731165,0.3670422434806824,1000,100,100000000,3,2,8,-0.622093033
458,JG071B,246,FAM,#NAME?,FALSE,K6,0,FAM,JG071B.045,UNKNOWN,,24.665274,450,50,0.5608656286183626,0.8213662505149841,1000,10000,100,3,4,2,0.19624155372792884
460,JG071B,270,FAM,#NAME?,FALSE,L6,0,FAM,JG071B.045,UNKNOWN,,23.741858,494,50,0.5925114788001071,0.8615308403968811,1000,10000,100,3,4,2,0.23998989540901872
462,JG071B,247,FAM,#NAME?,FALSE,K7,0,FAM,JG071B.053,UNKNOWN,,21.308138,452,50,0.5125349413386928,0.7458246350288391,1000,10000,10000,3,4,4,0.13611758021286274
464,JG071B,271,FAM,#NAME?,FALSE,L7,0,FAM,JG071B.053,UNKNOWN,,20.318048,496,50,0.5301466170692525,0.7713407874107361,1000,10000,10000,3,4,4,0.16174773162924455
466,JG071B,248,FAM,#NAME?,FALSE,K8,0,FAM,JG071B.061,UNKNOWN,,19.957342,454,50,0.6297130592340437,0.9208985567092896,1000,10000,100000,3,4,5,0.016622785096515602
468,JG071B,272,FAM,#NAME?,FALSE,L8,0,FAM,JG071B.061,UNKNOWN,,19.043816,498,50,0.6413475859687384,0.9312669038772583,1000,10000,100000,3,4,5,0.030312371202393495
470,JG071B,249,FAM,#NAME?,FALSE,K9,0,FAM,JG071B.069,UNKNOWN,,22.300447,456,50,0.3682511055671188,0.5162799954414368,1000,10000,1000000,3,4,6,-0.271335301
472,JG071B,273,FAM,#NAME?,FALSE,L9,0,FAM,JG071B.069,UNKNOWN,,21.364466,500,50,0.38026095150998623,0.5382488965988159,1000,10000,1000000,3,4,6,-0.240754169
474,JG071B,250,FAM,#NAME?,FALSE,K10,0,FAM,JG071B.077,UNKNOWN,,26.00654,458,50,0.23015426579822457,0.40318283438682556,1000,10000,100000000,3,4,8,-0.661642531
476,JG071B,274,FAM,#NAME?,FALSE,L10,0,FAM,JG071B.077,UNKNOWN,,25.41675,502,50,0.2124925304452513,0.3716638386249542,1000,10000,100000000,3,4,8,-0.681363677
478,JG071B,251,FAM,#NAME?,FALSE,K11,0,FAM,JG071B.085,UNKNOWN,,21.508188,460,50,0.6294210922748354,0.9212122559547424,1000,100000,100,3,5,2,0.34821783602877643
480,JG071B,275,FAM,#NAME?,FALSE,L11,0,FAM,JG071B.085,UNKNOWN,,20.518188,504,50,0.6571421069875177,0.9495100378990173,1000,100000,100,3,5,2,0.3723448287574845
482,JG071B,252,FAM,#NAME?,FALSE,K12,0,FAM,JG071B.093,UNKNOWN,,20.890461,462,50,0.5205402382345108,0.7537994980812073,1000,100000,10000,3,5,4,0.1402608202326669
484,JG071B,276,FAM,#NAME?,FALSE,L12,0,FAM,JG071B.093,UNKNOWN,,19.865116,506,50,0.5322461581195583,0.7645288109779358,1000,100000,10000,3,5,4,0.14697051419989704
486,JG071B,253,FAM,#NAME?,FALSE,K13,0,FAM,JG071B.101,UNKNOWN,,21.125177,464,50,0.5451187972343006,0.7956634759902954,1000,100000,100000,3,5,5,-0.044437291
488,JG071B,277,FAM,#NAME?,FALSE,L13,0,FAM,JG071B.101,UNKNOWN,,19.991999,508,50,0.5612294629680411,0.8173841834068298,1000,100000,100000,3,5,5,-0.038091914
490,JG071B,254,FAM,#NAME?,FALSE,K14,0,FAM,JG071B.109,UNKNOWN,,20.987087,466,50,0.48814413897421555,0.7051669955253601,1000,100000,1000000,3,5,6,-0.215417818
492,JG071B,278,FAM,#NAME?,FALSE,L14,0,FAM,JG071B.109,UNKNOWN,,20.009169,510,50,0.4935764006299199,0.69167906,1000,100000,1000000,3,5,6,-0.21558769
494,JG071B,255,FAM,#NAME?,FALSE,K15,0,FAM,JG071B.117,UNKNOWN,,23.281519,468,50,0.27450246165430864,0.4247351288795471,1000,100000,100000000,3,5,8,-0.653971629
496,JG071B,279,FAM,#NAME?,FALSE,L15,0,FAM,JG071B.117,UNKNOWN,,22.569168,512,50,0.26971627756574956,0.41227027773857117,1000,100000,100000000,3,5,8,-0.657590232
498,JG071B,256,FAM,#NAME?,FALSE,K16,0,FAM,JG071B.125,UNKNOWN,,17.678461,470,50,0.8388995271903655,1.2362070083618164,1000,1000000,100,3,6,2,0.5894379906248478
500,JG071B,280,FAM,#NAME?,FALSE,L16,0,FAM,JG071B.125,UNKNOWN,,16.834717,514,50,0.8524843827817148,1.229062795639038,1000,1000000,100,3,6,2,0.5956352027239109
502,JG071B,257,FAM,#NAME?,FALSE,K17,0,FAM,JG071B.133,UNKNOWN,,17.908646,472,50,0.6532252414207859,0.9512980580329895,1000,1000000,10000,3,6,4,0.3069792283531687
504,JG071B,258,FAM,#NAME?,FALSE,K18,0,FAM,JG071B.141,UNKNOWN,,17.348434,474,50,0.5384187267918136,0.7648285627365112,1000,1000000,100000,3,6,5,0.1357279180238043
506,JG071B,282,FAM,#NAME?,FALSE,L18,0,FAM,JG071B.141,UNKNOWN,,16.706402,516,50,0.5412346651516793,0.7786980271339417,1000,1000000,100000,3,6,5,0.14076808157584297
508,JG071B,259,FAM,#NAME?,FALSE,K19,0,FAM,JG071B.149,UNKNOWN,,17.31342,476,50,0.5585053743667618,0.7968433499336243,1000,1000000,1000000,3,6,6,-0.082761668
510,JG071B,283,FAM,#NAME?,FALSE,L19,0,FAM,JG071B.149,UNKNOWN,,16.97067,518,50,0.5763770852929244,0.8153174519538879,1000,1000000,1000000,3,6,6,-0.07378748
512,JG071B,260,FAM,#NAME?,FALSE,K20,0,FAM,JG071B.157,UNKNOWN,,17.960049,478,50,0.3357264654029936,0.47768667340278625,1000,1000000,100000000,3,6,8,-0.393584444
514,JG071B,284,FAM,#NAME?,FALSE,L20,0,FAM,JG071B.157,UNKNOWN,,17.373625,520,50,0.3371489662219189,0.4847559332847595,1000,1000000,100000000,3,6,8,-0.374032298
516,JG071B,262,FAM,#NAME?,FALSE,K22,0,FAM,JG071B.173,UNKNOWN,,9.335483,480,50,0.8976761559882431,1.2592111825942993,1000,100000000,10000,3,8,4,0.594272289
518,JG071B,286,FAM,#NAME?,FALSE,L22,0,FAM,JG071B.173,UNKNOWN,,9.365252,522,50,0.8563058169247284,0.9246207475662231,1000,100000000,10000,3,8,4,0.5860240331620882
520,JG071B,263,FAM,#NAME?,FALSE,K23,0,FAM,JG071B.181,UNKNOWN,,9.513992,482,50,0.8518007468527431,1.2159814834594727,1000,100000000,100000,3,8,5,0.44552691008414547
522,JG071B,287,FAM,#NAME?,FALSE,L23,0,FAM,JG071B.181,UNKNOWN,,8.837766,524,50,0.8531249841490396,1.1697020530700684,1000,100000000,100000,3,8,5,0.451122065
524,JG071B,289,FAM,#NAME?,FALSE,M1,0,FAM,JG071B.006,UNKNOWN,,25.42344,526,50,0.5746211160465154,0.8304514288902283,100,100,100,2,2,2,0.28372567153862166
526,JG071B,313,FAM,#NAME?,FALSE,N1,0,FAM,JG071B.006,UNKNOWN,,25.120407,570,50,0.596222295,0.8800861239433289,100,100,100,2,2,2,0.31768817779815167
528,JG071B,290,FAM,#NAME?,FALSE,M2,0,FAM,JG071B.014,UNKNOWN,,18.600462,528,50,0.6879485109232673,0.9857832193374634,100,100,10000,2,2,4,0.3124969560895176
530,JG071B,314,FAM,#NAME?,FALSE,N2,0,FAM,JG071B.014,UNKNOWN,,18.11579,572,50,0.6943321904340567,1.0159796476364136,100,100,10000,2,2,4,0.31029207269559156
532,JG071B,291,FAM,#NAME?,FALSE,M3,0,FAM,JG071B.022,UNKNOWN,,16.952566,530,50,0.6533639354295324,0.9346669316291809,100,100,100000,2,2,5,0.1815687673927217
534,JG071B,315,FAM,#NAME?,FALSE,N3,0,FAM,JG071B.022,UNKNOWN,,16.597286,574,50,0.6329374845009293,0.911959708,100,100,100000,2,2,5,0.16784447326411134
536,JG071B,292,FAM,#NAME?,FALSE,M4,0,FAM,JG071B.030,UNKNOWN,,18.878883,532,50,0.48252963084394845,0.6866732835769653,100,100,1000000,2,2,6,-0.131696688
538,JG071B,316,FAM,#NAME?,FALSE,N4,0,FAM,JG071B.030,UNKNOWN,,18.24493,576,50,0.48489339398726167,0.6921427845954895,100,100,1000000,2,2,6,-0.106241333
540,JG071B,293,FAM,#NAME?,FALSE,M5,0,FAM,JG071B.038,UNKNOWN,,23.769339,534,50,0.31190457894891976,0.5321671366691589,100,100,100000000,2,2,8,-0.519979621
542,JG071B,317,FAM,#NAME?,FALSE,N5,0,FAM,JG071B.038,UNKNOWN,,23.528229,578,50,0.20062538711365693,0.3420477509498596,100,100,100000000,2,2,8,-0.62905008
544,JG071B,294,FAM,#NAME?,FALSE,M6,0,FAM,JG071B.046,UNKNOWN,,23.021711,536,50,0.6554088200030901,0.9487395882606506,100,10000,100,2,4,2,0.3468682894756183
546,JG071B,318,FAM,#NAME?,FALSE,N6,0,FAM,JG071B.046,UNKNOWN,,22.542288,580,50,0.6569730215858794,0.97483176,100,10000,100,2,4,2,0.34727372354943603
548,JG071B,295,FAM,#NAME?,FALSE,M7,0,FAM,JG071B.054,UNKNOWN,,19.604568,538,50,0.5566878800456901,0.7784930467605591,100,10000,10000,2,4,4,0.19524090864470145
550,JG071B,319,FAM,#NAME?,FALSE,N7,0,FAM,JG071B.054,UNKNOWN,,18.961897,582,50,0.5526883256810021,0.7834922075271606,100,10000,10000,2,4,4,0.19987565074453306
552,JG071B,296,FAM,#NAME?,FALSE,M8,0,FAM,JG071B.062,UNKNOWN,,18.301008,540,50,0.665533844,0.965948224,100,10000,100000,2,4,5,0.050009332278954655
554,JG071B,320,FAM,#NAME?,FALSE,N8,0,FAM,JG071B.062,UNKNOWN,,17.73071,584,50,0.6465859476996306,0.8691579699516296,100,10000,100000,2,4,5,0.030213116647269445
556,JG071B,297,FAM,#NAME?,FALSE,M9,0,FAM,JG071B.070,UNKNOWN,,20.708515,542,50,0.39434850647729647,0.5596246123313904,100,10000,1000000,2,4,6,-0.222392501
558,JG071B,321,FAM,#NAME?,FALSE,N9,0,FAM,JG071B.070,UNKNOWN,,20.072672,586,50,0.39759798520675027,0.5567902326583862,100,10000,1000000,2,4,6,-0.213567865
560,JG071B,298,FAM,#NAME?,FALSE,M10,0,FAM,JG071B.078,UNKNOWN,,25.744879,544,50,0.3238945759416067,0.5289179682731628,100,10000,100000000,2,4,8,-0.544599933
562,JG071B,322,FAM,#NAME?,FALSE,N10,0,FAM,JG071B.078,UNKNOWN,,25.916433,588,50,0.37286147756429316,0.5885838866233826,100,10000,100000000,2,4,8,-0.498945657
564,JG071B,299,FAM,#NAME?,FALSE,M11,0,FAM,JG071B.086,UNKNOWN,,19.7149,546,50,0.7022428406461972,1.0245122909545898,100,100000,100,2,5,2,0.4669076742048215
566,JG071B,323,FAM,#NAME?,FALSE,N11,0,FAM,JG071B.086,UNKNOWN,,19.143167,590,50,0.7206978378073425,1.0447330474853516,100,100000,100,2,5,2,0.4990424778376612
568,JG071B,300,FAM,#NAME?,FALSE,M12,0,FAM,JG071B.094,UNKNOWN,,19.106712,548,50,0.5461181218314711,0.7842896580696106,100,100000,10000,2,5,4,0.17560440735182686
570,JG071B,324,FAM,#NAME?,FALSE,N12,0,FAM,JG071B.094,UNKNOWN,,18.654806,592,50,0.5658490250352134,0.7976694107055664,100,100000,10000,2,5,4,0.20319028549677814
572,JG071B,301,FAM,#NAME?,FALSE,M13,0,FAM,JG071B.102,UNKNOWN,,19.3097,550,50,0.5836607427671948,0.8462995886802673,100,100000,100000,2,5,5,-0.012245969
574,JG071B,325,FAM,#NAME?,FALSE,N13,0,FAM,JG071B.102,UNKNOWN,,18.98959,594,50,0.591091597,0.8429829478263855,100,100000,100000,2,5,5,-0.017319337
576,JG071B,302,FAM,#NAME?,FALSE,M14,0,FAM,JG071B.110,UNKNOWN,,19.022434,552,50,0.5177613148616056,0.7416613101959229,100,100000,1000000,2,5,6,-0.189106558
578,JG071B,326,FAM,#NAME?,FALSE,N14,0,FAM,JG071B.110,UNKNOWN,,18.867535,596,50,0.5115440511808473,0.7238917946815491,100,100000,1000000,2,5,6,-0.200875686
580,JG071B,303,FAM,#NAME?,FALSE,M15,0,FAM,JG071B.118,UNKNOWN,,21.738256,554,50,0.4247213178891739,0.6386386752128601,100,100000,100000000,2,5,8,-0.532460997
582,JG071B,327,FAM,#NAME?,FALSE,N15,0,FAM,JG071B.118,UNKNOWN,,21.572996,598,50,0.40754463678370284,0.6414201259613037,100,100000,100000000,2,5,8,-0.514567714
584,JG071B,304,FAM,#NAME?,FALSE,M16,0,FAM,JG071B.126,UNKNOWN,,16.055725,556,50,0.8826900506293656,1.2722456455230713,100,1000000,100,2,6,2,0.6535231500794327
586,JG071B,328,FAM,#NAME?,FALSE,N16,0,FAM,JG071B.126,UNKNOWN,,15.73318,600,50,0.8787435529390859,1.2684394121170044,100,1000000,100,2,6,2,0.6721957688478215
588,JG071B,305,FAM,#NAME?,FALSE,M17,0,FAM,JG071B.134,UNKNOWN,,15.978347,558,50,0.6833196726708838,0.9787011742591858,100,1000000,10000,2,6,4,0.3428912551918746
590,JG071B,329,FAM,#NAME?,FALSE,N17,0,FAM,JG071B.134,UNKNOWN,,15.635131,602,50,0.6764014068974701,0.960451066,100,1000000,10000,2,6,4,0.33597509151456695
592,JG071B,306,FAM,#NAME?,FALSE,M18,0,FAM,JG071B.142,UNKNOWN,,16.246685,560,50,0.5521530347290986,0.7620664834976196,100,1000000,100000,2,6,5,0.15255590341918973
594,JG071B,330,FAM,#NAME?,FALSE,N18,0,FAM,JG071B.142,UNKNOWN,,15.873884,604,50,0.549006769,0.7729448080062866,100,1000000,100000,2,6,5,0.1477319827146229
596,JG071B,307,FAM,#NAME?,FALSE,M19,0,FAM,JG071B.150,UNKNOWN,,16.455856,562,50,0.5910945148255187,0.8457013964653015,100,1000000,1000000,2,6,6,-0.050567566
598,JG071B,331,FAM,#NAME?,FALSE,N19,0,FAM,JG071B.150,UNKNOWN,,16.276691,606,50,0.5844166342115409,0.8285539746284485,100,1000000,1000000,2,6,6,-0.06387695
600,JG071B,308,FAM,#NAME?,FALSE,M20,0,FAM,JG071B.158,UNKNOWN,,17.061905,564,50,0.3500328621717742,0.5111621022224426,100,1000000,100000000,2,6,8,-0.377582878
602,JG071B,332,FAM,#NAME?,FALSE,N20,0,FAM,JG071B.158,UNKNOWN,,16.95382,608,50,0.36599690159403797,0.5548498630523682,100,1000000,100000000,2,6,8,-0.359421084
604,JG071B,310,FAM,#NAME?,FALSE,M22,0,FAM,JG071B.174,UNKNOWN,,7.5458207,566,50,0.9783708518759703,1.5438600778579712,100,100000000,10000,2,8,4,0.7229243530295064
606,JG071B,334,FAM,#NAME?,FALSE,N22,0,FAM,JG071B.174,UNKNOWN,,7.552204,610,50,0.9520279704540984,1.5026973485946655,100,100000000,10000,2,8,4,0.6849358923819419
608,JG071B,311,FAM,#NAME?,FALSE,M23,0,FAM,JG071B.182,UNKNOWN,,7.35607,568,50,0.9046179433437437,1.4347288608551025,100,100000000,100000,2,8,5,0.5344866422707197
610,JG071B,335,FAM,#NAME?,FALSE,N23,0,FAM,JG071B.182,UNKNOWN,,6.8829927,612,50,0.8975944593345734,1.436684489250183,100,100000000,100000,2,8,5,0.5306069104295565
612,JG071B,337,FAM,#NAME?,FALSE,O1,0,FAM,JG071B.007,UNKNOWN,,25.511648,614,50,0.6477874805203446,0.8972324132919312,10,100,100,1,2,2,0.4168655538347583
614,JG071B,338,FAM,#NAME?,FALSE,O2,0,FAM,JG071B.015,UNKNOWN,,18.009644,616,50,0.7302315996853928,1.0560340881347656,10,100,10000,1,2,4,0.34234946242530684
616,JG071B,362,FAM,#NAME?,FALSE,P2,0,FAM,JG071B.015,UNKNOWN,,17.970348,658,50,0.7083880780478526,1.020890235900879,10,100,10000,1,2,4,0.3255142522018543
618,JG071B,339,FAM,#NAME?,FALSE,O3,0,FAM,JG071B.023,UNKNOWN,,16.200802,618,50,0.6429409939505712,0.9196937680244446,10,100,100000,1,2,5,0.17480598818321225
620,JG071B,363,FAM,#NAME?,FALSE,P3,0,FAM,JG071B.023,UNKNOWN,,15.977929,660,50,0.6733966166623278,0.9750592112541199,10,100,100000,1,2,5,0.19525145206419764
622,JG071B,340,FAM,#NAME?,FALSE,O4,0,FAM,JG071B.031,UNKNOWN,,17.96568,620,50,0.4883672477238518,0.6994929909706116,10,100,1000000,1,2,6,-0.103428465
624,JG071B,364,FAM,#NAME?,FALSE,P4,0,FAM,JG071B.031,UNKNOWN,,17.959003,662,50,0.48898174647847664,0.7001348733901978,10,100,1000000,1,2,6,-0.110485486
626,JG071B,341,FAM,#NAME?,FALSE,O5,0,FAM,JG071B.039,UNKNOWN,,23.159496,622,50,0.4122663436225464,0.6646527647972107,10,100,100000000,1,2,8,-0.421663482
628,JG071B,365,FAM,#NAME?,FALSE,P5,0,FAM,JG071B.039,UNKNOWN,,23.119303,664,50,0.4774556933771727,0.8291661143302917,10,100,100000000,1,2,8,-0.343720946
630,JG071B,342,FAM,#NAME?,FALSE,O6,0,FAM,JG071B.047,UNKNOWN,,22.852177,624,50,0.7060121641692564,1.0167627334594727,10,10000,100,1,4,2,0.40471490899172624
632,JG071B,366,FAM,#NAME?,FALSE,P6,0,FAM,JG071B.047,UNKNOWN,,22.684507,666,50,0.669679891,0.9890560507774353,10,10000,100,1,4,2,0.35845158504039004
634,JG071B,343,FAM,#NAME?,FALSE,O7,0,FAM,JG071B.055,UNKNOWN,,18.731092,626,50,0.5503453636067751,0.7877963781356812,10,10000,10000,1,4,4,0.19614607303453668
636,JG071B,367,FAM,#NAME?,FALSE,P7,0,FAM,JG071B.055,UNKNOWN,,18.673721,668,50,0.5812243942023386,0.8350337147712708,10,10000,10000,1,4,4,0.21587750951935092
638,JG071B,344,FAM,#NAME?,FALSE,O8,0,FAM,JG071B.063,UNKNOWN,,17.338367,628,50,0.6894209743333801,1.0028092861175537,10,10000,100000,1,4,5,0.059730985
640,JG071B,368,FAM,#NAME?,FALSE,P8,0,FAM,JG071B.063,UNKNOWN,,17.618912,670,50,0.6814548659239863,0.9871750473976135,10,10000,100000,1,4,5,0.075730488
642,JG071B,345,FAM,#NAME?,FALSE,O9,0,FAM,JG071B.071,UNKNOWN,,20.04942,630,50,0.40323897194571817,0.5668280124664307,10,10000,1000000,1,4,6,-0.216360604
644,JG071B,369,FAM,#NAME?,FALSE,P9,0,FAM,JG071B.071,UNKNOWN,,20.10948,672,50,0.40069601517279224,0.5769062042236328,10,10000,1000000,1,4,6,-0.210003215
646,JG071B,346,FAM,#NAME?,FALSE,O10,0,FAM,JG071B.079,UNKNOWN,,25.918835,632,50,0.39682940086514545,0.6398839354515076,10,10000,100000000,1,4,8,-0.464013103
648,JG071B,370,FAM,#NAME?,FALSE,P10,0,FAM,JG071B.079,UNKNOWN,,26.034279,674,50,0.4392983238314171,0.711318314,10,10000,100000000,1,4,8,-0.417462121
650,JG071B,347,FAM,#NAME?,FALSE,O11,0,FAM,JG071B.087,UNKNOWN,,19.321375,634,50,0.718003802,1.0540450811386108,10,100000,100,1,5,2,0.4805991128067183
652,JG071B,371,FAM,#NAME?,FALSE,P11,0,FAM,JG071B.087,UNKNOWN,,19.514711,676,50,0.71248338,1.0487741231918335,10,100000,100,1,5,2,0.49284318562875074
654,JG071B,348,FAM,#NAME?,FALSE,O12,0,FAM,JG071B.095,UNKNOWN,,18.673487,636,50,0.5718883710469815,0.8154556155204773,10,100000,10000,1,5,4,0.21186174219983905
656,JG071B,372,FAM,#NAME?,FALSE,P12,0,FAM,JG071B.095,UNKNOWN,,18.536102,678,50,0.5530358878940705,0.8040231466293335,10,100000,10000,1,5,4,0.20351830981988667
658,JG071B,349,FAM,#NAME?,FALSE,O13,0,FAM,JG071B.103,UNKNOWN,,18.710663,638,50,0.6240453792047872,0.9138283133506775,10,100000,100000,1,5,5,0.010045142317439582
660,JG071B,373,FAM,#NAME?,FALSE,P13,0,FAM,JG071B.103,UNKNOWN,,18.754923,680,50,0.5872044504963143,0.8552715182304382,10,100000,100000,1,5,5,-0.001426068
662,JG071B,350,FAM,#NAME?,FALSE,O14,0,FAM,JG071B.111,UNKNOWN,,18.991991,640,50,0.5017728029512397,0.7012931108474731,10,100000,1000000,1,5,6,-0.238403128
664,JG071B,374,FAM,#NAME?,FALSE,P14,0,FAM,JG071B.111,UNKNOWN,,18.839163,682,50,0.5016356250554003,0.729112983,10,100000,1000000,1,5,6,-0.238775869
666,JG071B,351,FAM,#NAME?,FALSE,O15,0,FAM,JG071B.119,UNKNOWN,,21.44815,642,50,0.3537692642127222,0.5763213634490967,10,100000,100000000,1,5,8,-0.579183611
668,JG071B,375,FAM,#NAME?,FALSE,P15,0,FAM,JG071B.119,UNKNOWN,,21.420584,684,50,0.2890980951661743,0.4739184081554413,10,100000,100000000,1,5,8,-0.644253358
670,JG071B,352,FAM,#NAME?,FALSE,O16,0,FAM,JG071B.127,UNKNOWN,,15.607266,644,50,0.8899156870691242,1.291095257,10,1000000,100,1,6,2,0.68110976
672,JG071B,376,FAM,#NAME?,FALSE,P16,0,FAM,JG071B.127,UNKNOWN,,15.700803,686,50,0.9012689057247931,1.3183246850967407,10,1000000,100,1,6,2,0.6847938534532579
674,JG071B,353,FAM,#NAME?,FALSE,O17,0,FAM,JG071B.135,UNKNOWN,,15.4690485,646,50,0.662575973,0.9492177367210388,10,1000000,10000,1,6,4,0.3196030878010952
676,JG071B,377,FAM,#NAME?,FALSE,P17,0,FAM,JG071B.135,UNKNOWN,,15.246609,688,50,0.6675675506592208,0.955485463,10,1000000,10000,1,6,4,0.32962277529292516
678,JG071B,354,FAM,#NAME?,FALSE,O18,0,FAM,JG071B.143,UNKNOWN,,15.714908,648,50,0.5362871812044829,0.7567315697669983,10,1000000,100000,1,6,5,0.1407761657290838
680,JG071B,378,FAM,#NAME?,FALSE,P18,0,FAM,JG071B.143,UNKNOWN,,15.780635,690,50,0.5520722501689538,0.773828387,10,1000000,100000,1,6,5,0.14793000318061317
682,JG071B,355,FAM,#NAME?,FALSE,O19,0,FAM,JG071B.151,UNKNOWN,,15.767242,650,50,0.5925622309828967,0.8610059022903442,10,1000000,1000000,1,6,6,-0.049640327
684,JG071B,379,FAM,#NAME?,FALSE,P19,0,FAM,JG071B.151,UNKNOWN,,15.811672,692,50,0.6073069553993811,0.874953568,10,1000000,1000000,1,6,6,-0.059106255
686,JG071B,356,FAM,#NAME?,FALSE,O20,0,FAM,JG071B.159,UNKNOWN,,16.816294,652,50,0.3533279661966108,0.5158774256706238,10,1000000,100000000,1,6,8,-0.35958699
688,JG071B,380,FAM,#NAME?,FALSE,P20,0,FAM,JG071B.159,UNKNOWN,,16.629175,694,50,0.3606969032025731,0.5273042917251587,10,1000000,100000000,1,6,8,-0.367243465
690,JG071B,358,FAM,#NAME?,FALSE,O22,0,FAM,JG071B.175,UNKNOWN,,7.324178,654,50,1,1.5818997621536255,10,100000000,10000,1,8,4,0.7264502660890524
692,JG071B,382,FAM,#NAME?,FALSE,P22,0,FAM,JG071B.175,UNKNOWN,,7.2828116,696,50,0.927642243,1.4722728729248047,10,100000000,10000,1,8,4,0.6473195718590083
694,JG071B,359,FAM,#NAME?,FALSE,O23,0,FAM,JG071B.183,UNKNOWN,,7.0080914,656,50,0.8588714535338551,1.3738991022109985,10,100000000,100000,1,8,5,0.4835817953773049
696,JG071B,383,FAM,#NAME?,FALSE,P23,0,FAM,JG071B.183,UNKNOWN,,7.018641,698,50,0.8807250082001695,1.4068678617477417,10,100000000,100000,1,8,5,0.47573046395923696