col,row,Material,ng RNA,IFI44L Copies,EMRI Copies,Well,WellName,Sample,MasterMix
0,0,RNA,100,7.0,5.91,1,A1,JG073N_001,TaqMan Fast Virus
1,0,RNA,100,7.0,5.573333333333333,2,A2,JG073N_002,TaqMan Fast Virus
2,0,RNA,100,7.0,5.236666666666666,3,A3,JG073N_003,TaqMan Fast Virus
3,0,RNA,100,7.0,4.9,4,A4,JG073N_004,TaqMan Fast Virus
4,0,RNA,100,7.0,4.5633333333333335,5,A5,JG073N_005,TaqMan Fast Virus
5,0,RNA,100,7.0,4.226666666666667,6,A6,JG073N_006,TaqMan Fast Virus
6,0,RNA,100,7.0,3.8900000000000006,7,A7,JG073N_007,TaqMan Fast Virus
7,0,RNA,100,7.0,,8,A8,JG073N_008,TaqMan Fast Virus
8,0,RNA,10,6.0,4.91,9,A9,JG073N_009,TaqMan Fast Virus
9,0,RNA,10,6.0,4.573333333333333,10,A10,JG073N_010,TaqMan Fast Virus
10,0,RNA,10,6.0,4.236666666666666,11,A11,JG073N_011,TaqMan Fast Virus
11,0,RNA,10,6.0,3.9000000000000004,12,A12,JG073N_012,TaqMan Fast Virus
12,0,RNA,10,6.0,3.5633333333333335,13,A13,JG073N_013,TaqMan Fast Virus
13,0,RNA,10,6.0,3.2266666666666666,14,A14,JG073N_014,TaqMan Fast Virus
14,0,RNA,10,6.0,2.8900000000000006,15,A15,JG073N_015,TaqMan Fast Virus
15,0,RNA,10,6.0,,16,A16,JG073N_016,TaqMan Fast Virus
16,0,RNA,1,5.0,3.91,17,A17,JG073N_017,TaqMan Fast Virus
17,0,RNA,1,5.0,3.5733333333333333,18,A18,JG073N_018,TaqMan Fast Virus
18,0,RNA,1,5.0,3.2366666666666664,19,A19,JG073N_019,TaqMan Fast Virus
19,0,RNA,1,5.0,2.9000000000000004,20,A20,JG073N_020,TaqMan Fast Virus
20,0,RNA,1,5.0,2.5633333333333335,21,A21,JG073N_021,TaqMan Fast Virus
21,0,RNA,1,5.0,2.2266666666666666,22,A22,JG073N_022,TaqMan Fast Virus
22,0,RNA,1,5.0,1.8900000000000001,23,A23,JG073N_023,TaqMan Fast Virus
23,0,RNA,1,5.0,,24,A24,JG073N_024,TaqMan Fast Virus
0,1,RNA,100,6.333333333333332,5.91,25,B1,JG073N_025,TaqMan Fast Virus
1,1,RNA,100,6.333333333333332,5.573333333333333,26,B2,JG073N_026,TaqMan Fast Virus
2,1,RNA,100,6.333333333333332,5.236666666666666,27,B3,JG073N_027,TaqMan Fast Virus
3,1,RNA,100,6.333333333333332,4.9,28,B4,JG073N_028,TaqMan Fast Virus
4,1,RNA,100,6.333333333333332,4.5633333333333335,29,B5,JG073N_029,TaqMan Fast Virus
5,1,RNA,100,6.333333333333332,4.226666666666667,30,B6,JG073N_030,TaqMan Fast Virus
6,1,RNA,100,6.333333333333332,3.8900000000000006,31,B7,JG073N_031,TaqMan Fast Virus
7,1,RNA,100,6.333333333333332,,32,B8,JG073N_032,TaqMan Fast Virus
8,1,RNA,10,5.333333333333333,4.91,33,B9,JG073N_033,TaqMan Fast Virus
9,1,RNA,10,5.333333333333333,4.573333333333333,34,B10,JG073N_034,TaqMan Fast Virus
10,1,RNA,10,5.333333333333333,4.236666666666666,35,B11,JG073N_035,TaqMan Fast Virus
11,1,RNA,10,5.333333333333333,3.9000000000000004,36,B12,JG073N_036,TaqMan Fast Virus
12,1,RNA,10,5.333333333333333,3.5633333333333335,37,B13,JG073N_037,TaqMan Fast Virus
13,1,RNA,10,5.333333333333333,3.2266666666666666,38,B14,JG073N_038,TaqMan Fast Virus
14,1,RNA,10,5.333333333333333,2.8900000000000006,39,B15,JG073N_039,TaqMan Fast Virus
15,1,RNA,10,5.333333333333333,,40,B16,JG073N_040,TaqMan Fast Virus
16,1,RNA,1,4.333333333333333,3.91,41,B17,JG073N_041,TaqMan Fast Virus
17,1,RNA,1,4.333333333333333,3.5733333333333333,42,B18,JG073N_042,TaqMan Fast Virus
18,1,RNA,1,4.333333333333333,3.2366666666666664,43,B19,JG073N_043,TaqMan Fast Virus
19,1,RNA,1,4.333333333333333,2.9000000000000004,44,B20,JG073N_044,TaqMan Fast Virus
20,1,RNA,1,4.333333333333333,2.5633333333333335,45,B21,JG073N_045,TaqMan Fast Virus
21,1,RNA,1,4.333333333333333,2.2266666666666666,46,B22,JG073N_046,TaqMan Fast Virus
22,1,RNA,1,4.333333333333333,1.8900000000000001,47,B23,JG073N_047,TaqMan Fast Virus
23,1,RNA,1,4.333333333333333,,48,B24,JG073N_048,TaqMan Fast Virus
0,2,RNA,100,5.666666666666667,5.91,49,C1,JG073N_049,TaqMan Fast Virus
1,2,RNA,100,5.666666666666667,5.573333333333333,50,C2,JG073N_050,TaqMan Fast Virus
2,2,RNA,100,5.666666666666667,5.236666666666666,51,C3,JG073N_051,TaqMan Fast Virus
3,2,RNA,100,5.666666666666667,4.9,52,C4,JG073N_052,TaqMan Fast Virus
4,2,RNA,100,5.666666666666667,4.5633333333333335,53,C5,JG073N_053,TaqMan Fast Virus
5,2,RNA,100,5.666666666666667,4.226666666666667,54,C6,JG073N_054,TaqMan Fast Virus
6,2,RNA,100,5.666666666666667,3.8900000000000006,55,C7,JG073N_055,TaqMan Fast Virus
7,2,RNA,100,5.666666666666667,,56,C8,JG073N_056,TaqMan Fast Virus
8,2,RNA,10,4.666666666666667,4.91,57,C9,JG073N_057,TaqMan Fast Virus
9,2,RNA,10,4.666666666666667,4.573333333333333,58,C10,JG073N_058,TaqMan Fast Virus
10,2,RNA,10,4.666666666666667,4.236666666666666,59,C11,JG073N_059,TaqMan Fast Virus
11,2,RNA,10,4.666666666666667,3.9000000000000004,60,C12,JG073N_060,TaqMan Fast Virus
12,2,RNA,10,4.666666666666667,3.5633333333333335,61,C13,JG073N_061,TaqMan Fast Virus
13,2,RNA,10,4.666666666666667,3.2266666666666666,62,C14,JG073N_062,TaqMan Fast Virus
14,2,RNA,10,4.666666666666667,2.8900000000000006,63,C15,JG073N_063,TaqMan Fast Virus
15,2,RNA,10,4.666666666666667,,64,C16,JG073N_064,TaqMan Fast Virus
16,2,RNA,1,3.666666666666667,3.91,65,C17,JG073N_065,TaqMan Fast Virus
17,2,RNA,1,3.666666666666667,3.5733333333333333,66,C18,JG073N_066,TaqMan Fast Virus
18,2,RNA,1,3.666666666666667,3.2366666666666664,67,C19,JG073N_067,TaqMan Fast Virus
19,2,RNA,1,3.666666666666667,2.9000000000000004,68,C20,JG073N_068,TaqMan Fast Virus
20,2,RNA,1,3.666666666666667,2.5633333333333335,69,C21,JG073N_069,TaqMan Fast Virus
21,2,RNA,1,3.666666666666667,2.2266666666666666,70,C22,JG073N_070,TaqMan Fast Virus
22,2,RNA,1,3.666666666666667,1.8900000000000001,71,C23,JG073N_071,TaqMan Fast Virus
23,2,RNA,1,3.666666666666667,,72,C24,JG073N_072,TaqMan Fast Virus
0,3,RNA,100,5.0,5.91,73,D1,JG073N_073,TaqMan Fast Virus
1,3,RNA,100,5.0,5.573333333333333,74,D2,JG073N_074,TaqMan Fast Virus
2,3,RNA,100,5.0,5.236666666666666,75,D3,JG073N_075,TaqMan Fast Virus
3,3,RNA,100,5.0,4.9,76,D4,JG073N_076,TaqMan Fast Virus
4,3,RNA,100,5.0,4.5633333333333335,77,D5,JG073N_077,TaqMan Fast Virus
5,3,RNA,100,5.0,4.226666666666667,78,D6,JG073N_078,TaqMan Fast Virus
6,3,RNA,100,5.0,3.8900000000000006,79,D7,JG073N_079,TaqMan Fast Virus
7,3,RNA,100,5.0,,80,D8,JG073N_080,TaqMan Fast Virus
8,3,RNA,10,4.0,4.91,81,D9,JG073N_081,TaqMan Fast Virus
9,3,RNA,10,4.0,4.573333333333333,82,D10,JG073N_082,TaqMan Fast Virus
10,3,RNA,10,4.0,4.236666666666666,83,D11,JG073N_083,TaqMan Fast Virus
11,3,RNA,10,4.0,3.9000000000000004,84,D12,JG073N_084,TaqMan Fast Virus
12,3,RNA,10,4.0,3.5633333333333335,85,D13,JG073N_085,TaqMan Fast Virus
13,3,RNA,10,4.0,3.2266666666666666,86,D14,JG073N_086,TaqMan Fast Virus
14,3,RNA,10,4.0,2.8900000000000006,87,D15,JG073N_087,TaqMan Fast Virus
15,3,RNA,10,4.0,,88,D16,JG073N_088,TaqMan Fast Virus
16,3,RNA,1,3.0,3.91,89,D17,JG073N_089,TaqMan Fast Virus
17,3,RNA,1,3.0,3.5733333333333333,90,D18,JG073N_090,TaqMan Fast Virus
18,3,RNA,1,3.0,3.2366666666666664,91,D19,JG073N_091,TaqMan Fast Virus
19,3,RNA,1,3.0,2.9000000000000004,92,D20,JG073N_092,TaqMan Fast Virus
20,3,RNA,1,3.0,2.5633333333333335,93,D21,JG073N_093,TaqMan Fast Virus
21,3,RNA,1,3.0,2.2266666666666666,94,D22,JG073N_094,TaqMan Fast Virus
22,3,RNA,1,3.0,1.8900000000000001,95,D23,JG073N_095,TaqMan Fast Virus
23,3,RNA,1,3.0,,96,D24,JG073N_096,TaqMan Fast Virus
0,4,RNA,100,4.333333333333334,5.91,97,E1,JG073N_097,TaqMan Fast Virus
1,4,RNA,100,4.333333333333334,5.573333333333333,98,E2,JG073N_098,TaqMan Fast Virus
2,4,RNA,100,4.333333333333334,5.236666666666666,99,E3,JG073N_099,TaqMan Fast Virus
3,4,RNA,100,4.333333333333334,4.9,100,E4,JG073N_100,TaqMan Fast Virus
4,4,RNA,100,4.333333333333334,4.5633333333333335,101,E5,JG073N_101,TaqMan Fast Virus
5,4,RNA,100,4.333333333333334,4.226666666666667,102,E6,JG073N_102,TaqMan Fast Virus
6,4,RNA,100,4.333333333333334,3.8900000000000006,103,E7,JG073N_103,TaqMan Fast Virus
7,4,RNA,100,4.333333333333334,,104,E8,JG073N_104,TaqMan Fast Virus
8,4,RNA,10,3.333333333333334,4.91,105,E9,JG073N_105,TaqMan Fast Virus
9,4,RNA,10,3.333333333333334,4.573333333333333,106,E10,JG073N_106,TaqMan Fast Virus
10,4,RNA,10,3.333333333333334,4.236666666666666,107,E11,JG073N_107,TaqMan Fast Virus
11,4,RNA,10,3.333333333333334,3.9000000000000004,108,E12,JG073N_108,TaqMan Fast Virus
12,4,RNA,10,3.333333333333334,3.5633333333333335,109,E13,JG073N_109,TaqMan Fast Virus
13,4,RNA,10,3.333333333333334,3.2266666666666666,110,E14,JG073N_110,TaqMan Fast Virus
14,4,RNA,10,3.333333333333334,2.8900000000000006,111,E15,JG073N_111,TaqMan Fast Virus
15,4,RNA,10,3.333333333333334,,112,E16,JG073N_112,TaqMan Fast Virus
16,4,RNA,1,2.333333333333334,3.91,113,E17,JG073N_113,TaqMan Fast Virus
17,4,RNA,1,2.333333333333334,3.5733333333333333,114,E18,JG073N_114,TaqMan Fast Virus
18,4,RNA,1,2.333333333333334,3.2366666666666664,115,E19,JG073N_115,TaqMan Fast Virus
19,4,RNA,1,2.333333333333334,2.9000000000000004,116,E20,JG073N_116,TaqMan Fast Virus
20,4,RNA,1,2.333333333333334,2.5633333333333335,117,E21,JG073N_117,TaqMan Fast Virus
21,4,RNA,1,2.333333333333334,2.2266666666666666,118,E22,JG073N_118,TaqMan Fast Virus
22,4,RNA,1,2.333333333333334,1.8900000000000001,119,E23,JG073N_119,TaqMan Fast Virus
23,4,RNA,1,2.333333333333334,,120,E24,JG073N_120,TaqMan Fast Virus
0,5,RNA,100,3.666666666666667,5.91,121,F1,JG073N_121,TaqMan Fast Virus
1,5,RNA,100,3.666666666666667,5.573333333333333,122,F2,JG073N_122,TaqMan Fast Virus
2,5,RNA,100,3.666666666666667,5.236666666666666,123,F3,JG073N_123,TaqMan Fast Virus
3,5,RNA,100,3.666666666666667,4.9,124,F4,JG073N_124,TaqMan Fast Virus
4,5,RNA,100,3.666666666666667,4.5633333333333335,125,F5,JG073N_125,TaqMan Fast Virus
5,5,RNA,100,3.666666666666667,4.226666666666667,126,F6,JG073N_126,TaqMan Fast Virus
6,5,RNA,100,3.666666666666667,3.8900000000000006,127,F7,JG073N_127,TaqMan Fast Virus
7,5,RNA,100,3.666666666666667,,128,F8,JG073N_128,TaqMan Fast Virus
8,5,RNA,10,2.666666666666667,4.91,129,F9,JG073N_129,TaqMan Fast Virus
9,5,RNA,10,2.666666666666667,4.573333333333333,130,F10,JG073N_130,TaqMan Fast Virus
10,5,RNA,10,2.666666666666667,4.236666666666666,131,F11,JG073N_131,TaqMan Fast Virus
11,5,RNA,10,2.666666666666667,3.9000000000000004,132,F12,JG073N_132,TaqMan Fast Virus
12,5,RNA,10,2.666666666666667,3.5633333333333335,133,F13,JG073N_133,TaqMan Fast Virus
13,5,RNA,10,2.666666666666667,3.2266666666666666,134,F14,JG073N_134,TaqMan Fast Virus
14,5,RNA,10,2.666666666666667,2.8900000000000006,135,F15,JG073N_135,TaqMan Fast Virus
15,5,RNA,10,2.666666666666667,,136,F16,JG073N_136,TaqMan Fast Virus
16,5,RNA,1,1.666666666666667,3.91,137,F17,JG073N_137,TaqMan Fast Virus
17,5,RNA,1,1.666666666666667,3.5733333333333333,138,F18,JG073N_138,TaqMan Fast Virus
18,5,RNA,1,1.666666666666667,3.2366666666666664,139,F19,JG073N_139,TaqMan Fast Virus
19,5,RNA,1,1.666666666666667,2.9000000000000004,140,F20,JG073N_140,TaqMan Fast Virus
20,5,RNA,1,1.666666666666667,2.5633333333333335,141,F21,JG073N_141,TaqMan Fast Virus
21,5,RNA,1,1.666666666666667,2.2266666666666666,142,F22,JG073N_142,TaqMan Fast Virus
22,5,RNA,1,1.666666666666667,1.8900000000000001,143,F23,JG073N_143,TaqMan Fast Virus
23,5,RNA,1,1.666666666666667,,144,F24,JG073N_144,TaqMan Fast Virus
0,6,RNA,100,3.0,5.91,145,G1,JG073N_145,TaqMan Fast Virus
1,6,RNA,100,3.0,5.573333333333333,146,G2,JG073N_146,TaqMan Fast Virus
2,6,RNA,100,3.0,5.236666666666666,147,G3,JG073N_147,TaqMan Fast Virus
3,6,RNA,100,3.0,4.9,148,G4,JG073N_148,TaqMan Fast Virus
4,6,RNA,100,3.0,4.5633333333333335,149,G5,JG073N_149,TaqMan Fast Virus
5,6,RNA,100,3.0,4.226666666666667,150,G6,JG073N_150,TaqMan Fast Virus
6,6,RNA,100,3.0,3.8900000000000006,151,G7,JG073N_151,TaqMan Fast Virus
7,6,RNA,100,3.0,,152,G8,JG073N_152,TaqMan Fast Virus
8,6,RNA,10,2.0,4.91,153,G9,JG073N_153,TaqMan Fast Virus
9,6,RNA,10,2.0,4.573333333333333,154,G10,JG073N_154,TaqMan Fast Virus
10,6,RNA,10,2.0,4.236666666666666,155,G11,JG073N_155,TaqMan Fast Virus
11,6,RNA,10,2.0,3.9000000000000004,156,G12,JG073N_156,TaqMan Fast Virus
12,6,RNA,10,2.0,3.5633333333333335,157,G13,JG073N_157,TaqMan Fast Virus
13,6,RNA,10,2.0,3.2266666666666666,158,G14,JG073N_158,TaqMan Fast Virus
14,6,RNA,10,2.0,2.8900000000000006,159,G15,JG073N_159,TaqMan Fast Virus
15,6,RNA,10,2.0,,160,G16,JG073N_160,TaqMan Fast Virus
16,6,RNA,1,1.0,3.91,161,G17,JG073N_161,TaqMan Fast Virus
17,6,RNA,1,1.0,3.5733333333333333,162,G18,JG073N_162,TaqMan Fast Virus
18,6,RNA,1,1.0,3.2366666666666664,163,G19,JG073N_163,TaqMan Fast Virus
19,6,RNA,1,1.0,2.9000000000000004,164,G20,JG073N_164,TaqMan Fast Virus
20,6,RNA,1,1.0,2.5633333333333335,165,G21,JG073N_165,TaqMan Fast Virus
21,6,RNA,1,1.0,2.2266666666666666,166,G22,JG073N_166,TaqMan Fast Virus
22,6,RNA,1,1.0,1.8900000000000001,167,G23,JG073N_167,TaqMan Fast Virus
23,6,RNA,1,1.0,,168,G24,JG073N_168,TaqMan Fast Virus
0,7,RNA,100,,5.91,169,H1,JG073N_169,TaqMan Fast Virus
1,7,RNA,100,,5.573333333333333,170,H2,JG073N_170,TaqMan Fast Virus
2,7,RNA,100,,5.236666666666666,171,H3,JG073N_171,TaqMan Fast Virus
3,7,RNA,100,,4.9,172,H4,JG073N_172,TaqMan Fast Virus
4,7,RNA,100,,4.5633333333333335,173,H5,JG073N_173,TaqMan Fast Virus
5,7,RNA,100,,4.226666666666667,174,H6,JG073N_174,TaqMan Fast Virus
6,7,RNA,100,,3.8900000000000006,175,H7,JG073N_175,TaqMan Fast Virus
7,7,RNA,100,,,176,H8,JG073N_176,TaqMan Fast Virus
8,7,RNA,10,,4.91,177,H9,JG073N_177,TaqMan Fast Virus
9,7,RNA,10,,4.573333333333333,178,H10,JG073N_178,TaqMan Fast Virus
10,7,RNA,10,,4.236666666666666,179,H11,JG073N_179,TaqMan Fast Virus
11,7,RNA,10,,3.9000000000000004,180,H12,JG073N_180,TaqMan Fast Virus
12,7,RNA,10,,3.5633333333333335,181,H13,JG073N_181,TaqMan Fast Virus
13,7,RNA,10,,3.2266666666666666,182,H14,JG073N_182,TaqMan Fast Virus
14,7,RNA,10,,2.8900000000000006,183,H15,JG073N_183,TaqMan Fast Virus
15,7,RNA,10,,,184,H16,JG073N_184,TaqMan Fast Virus
16,7,RNA,1,,3.91,185,H17,JG073N_185,TaqMan Fast Virus
17,7,RNA,1,,3.5733333333333333,186,H18,JG073N_186,TaqMan Fast Virus
18,7,RNA,1,,3.2366666666666664,187,H19,JG073N_187,TaqMan Fast Virus
19,7,RNA,1,,2.9000000000000004,188,H20,JG073N_188,TaqMan Fast Virus
20,7,RNA,1,,2.5633333333333335,189,H21,JG073N_189,TaqMan Fast Virus
21,7,RNA,1,,2.2266666666666666,190,H22,JG073N_190,TaqMan Fast Virus
22,7,RNA,1,,1.8900000000000001,191,H23,JG073N_191,TaqMan Fast Virus
23,7,RNA,1,,,192,H24,JG073N_192,TaqMan Fast Virus
0,8,DNA,100,7.0,5.91,193,I1,JG073N_193,TaqMan Fast Virus
1,8,DNA,100,7.0,5.573333333333333,194,I2,JG073N_194,TaqMan Fast Virus
2,8,DNA,100,7.0,5.236666666666666,195,I3,JG073N_195,TaqMan Fast Virus
3,8,DNA,100,7.0,4.9,196,I4,JG073N_196,TaqMan Fast Virus
4,8,DNA,100,7.0,4.5633333333333335,197,I5,JG073N_197,TaqMan Fast Virus
5,8,DNA,100,7.0,4.226666666666667,198,I6,JG073N_198,TaqMan Fast Virus
6,8,DNA,100,7.0,3.8900000000000006,199,I7,JG073N_199,TaqMan Fast Virus
7,8,DNA,100,7.0,,200,I8,JG073N_200,TaqMan Fast Virus
8,8,DNA,10,6.0,4.91,201,I9,JG073N_201,TaqMan Fast Virus
9,8,DNA,10,6.0,4.573333333333333,202,I10,JG073N_202,TaqMan Fast Virus
10,8,DNA,10,6.0,4.236666666666666,203,I11,JG073N_203,TaqMan Fast Virus
11,8,DNA,10,6.0,3.9000000000000004,204,I12,JG073N_204,TaqMan Fast Virus
12,8,DNA,10,6.0,3.5633333333333335,205,I13,JG073N_205,TaqMan Fast Virus
13,8,DNA,10,6.0,3.2266666666666666,206,I14,JG073N_206,TaqMan Fast Virus
14,8,DNA,10,6.0,2.8900000000000006,207,I15,JG073N_207,TaqMan Fast Virus
15,8,DNA,10,6.0,,208,I16,JG073N_208,TaqMan Fast Virus
16,8,DNA,1,5.0,3.91,209,I17,JG073N_209,TaqMan Fast Virus
17,8,DNA,1,5.0,3.5733333333333333,210,I18,JG073N_210,TaqMan Fast Virus
18,8,DNA,1,5.0,3.2366666666666664,211,I19,JG073N_211,TaqMan Fast Virus
19,8,DNA,1,5.0,2.9000000000000004,212,I20,JG073N_212,TaqMan Fast Virus
20,8,DNA,1,5.0,2.5633333333333335,213,I21,JG073N_213,TaqMan Fast Virus
21,8,DNA,1,5.0,2.2266666666666666,214,I22,JG073N_214,TaqMan Fast Virus
22,8,DNA,1,5.0,1.8900000000000001,215,I23,JG073N_215,TaqMan Fast Virus
23,8,DNA,1,5.0,,216,I24,JG073N_216,TaqMan Fast Virus
0,9,DNA,100,6.333333333333332,5.91,217,J1,JG073N_217,TaqMan Fast Virus
1,9,DNA,100,6.333333333333332,5.573333333333333,218,J2,JG073N_218,TaqMan Fast Virus
2,9,DNA,100,6.333333333333332,5.236666666666666,219,J3,JG073N_219,TaqMan Fast Virus
3,9,DNA,100,6.333333333333332,4.9,220,J4,JG073N_220,TaqMan Fast Virus
4,9,DNA,100,6.333333333333332,4.5633333333333335,221,J5,JG073N_221,TaqMan Fast Virus
5,9,DNA,100,6.333333333333332,4.226666666666667,222,J6,JG073N_222,TaqMan Fast Virus
6,9,DNA,100,6.333333333333332,3.8900000000000006,223,J7,JG073N_223,TaqMan Fast Virus
7,9,DNA,100,6.333333333333332,,224,J8,JG073N_224,TaqMan Fast Virus
8,9,DNA,10,5.333333333333333,4.91,225,J9,JG073N_225,TaqMan Fast Virus
9,9,DNA,10,5.333333333333333,4.573333333333333,226,J10,JG073N_226,TaqMan Fast Virus
10,9,DNA,10,5.333333333333333,4.236666666666666,227,J11,JG073N_227,TaqMan Fast Virus
11,9,DNA,10,5.333333333333333,3.9000000000000004,228,J12,JG073N_228,TaqMan Fast Virus
12,9,DNA,10,5.333333333333333,3.5633333333333335,229,J13,JG073N_229,TaqMan Fast Virus
13,9,DNA,10,5.333333333333333,3.2266666666666666,230,J14,JG073N_230,TaqMan Fast Virus
14,9,DNA,10,5.333333333333333,2.8900000000000006,231,J15,JG073N_231,TaqMan Fast Virus
15,9,DNA,10,5.333333333333333,,232,J16,JG073N_232,TaqMan Fast Virus
16,9,DNA,1,4.333333333333333,3.91,233,J17,JG073N_233,TaqMan Fast Virus
17,9,DNA,1,4.333333333333333,3.5733333333333333,234,J18,JG073N_234,TaqMan Fast Virus
18,9,DNA,1,4.333333333333333,3.2366666666666664,235,J19,JG073N_235,TaqMan Fast Virus
19,9,DNA,1,4.333333333333333,2.9000000000000004,236,J20,JG073N_236,TaqMan Fast Virus
20,9,DNA,1,4.333333333333333,2.5633333333333335,237,J21,JG073N_237,TaqMan Fast Virus
21,9,DNA,1,4.333333333333333,2.2266666666666666,238,J22,JG073N_238,TaqMan Fast Virus
22,9,DNA,1,4.333333333333333,1.8900000000000001,239,J23,JG073N_239,TaqMan Fast Virus
23,9,DNA,1,4.333333333333333,,240,J24,JG073N_240,TaqMan Fast Virus
0,10,DNA,100,5.666666666666667,5.91,241,K1,JG073N_241,TaqMan Fast Virus
1,10,DNA,100,5.666666666666667,5.573333333333333,242,K2,JG073N_242,TaqMan Fast Virus
2,10,DNA,100,5.666666666666667,5.236666666666666,243,K3,JG073N_243,TaqMan Fast Virus
3,10,DNA,100,5.666666666666667,4.9,244,K4,JG073N_244,TaqMan Fast Virus
4,10,DNA,100,5.666666666666667,4.5633333333333335,245,K5,JG073N_245,TaqMan Fast Virus
5,10,DNA,100,5.666666666666667,4.226666666666667,246,K6,JG073N_246,TaqMan Fast Virus
6,10,DNA,100,5.666666666666667,3.8900000000000006,247,K7,JG073N_247,TaqMan Fast Virus
7,10,DNA,100,5.666666666666667,,248,K8,JG073N_248,TaqMan Fast Virus
8,10,DNA,10,4.666666666666667,4.91,249,K9,JG073N_249,TaqMan Fast Virus
9,10,DNA,10,4.666666666666667,4.573333333333333,250,K10,JG073N_250,TaqMan Fast Virus
10,10,DNA,10,4.666666666666667,4.236666666666666,251,K11,JG073N_251,TaqMan Fast Virus
11,10,DNA,10,4.666666666666667,3.9000000000000004,252,K12,JG073N_252,TaqMan Fast Virus
12,10,DNA,10,4.666666666666667,3.5633333333333335,253,K13,JG073N_253,TaqMan Fast Virus
13,10,DNA,10,4.666666666666667,3.2266666666666666,254,K14,JG073N_254,TaqMan Fast Virus
14,10,DNA,10,4.666666666666667,2.8900000000000006,255,K15,JG073N_255,TaqMan Fast Virus
15,10,DNA,10,4.666666666666667,,256,K16,JG073N_256,TaqMan Fast Virus
16,10,DNA,1,3.666666666666667,3.91,257,K17,JG073N_257,TaqMan Fast Virus
17,10,DNA,1,3.666666666666667,3.5733333333333333,258,K18,JG073N_258,TaqMan Fast Virus
18,10,DNA,1,3.666666666666667,3.2366666666666664,259,K19,JG073N_259,TaqMan Fast Virus
19,10,DNA,1,3.666666666666667,2.9000000000000004,260,K20,JG073N_260,TaqMan Fast Virus
20,10,DNA,1,3.666666666666667,2.5633333333333335,261,K21,JG073N_261,TaqMan Fast Virus
21,10,DNA,1,3.666666666666667,2.2266666666666666,262,K22,JG073N_262,TaqMan Fast Virus
22,10,DNA,1,3.666666666666667,1.8900000000000001,263,K23,JG073N_263,TaqMan Fast Virus
23,10,DNA,1,3.666666666666667,,264,K24,JG073N_264,TaqMan Fast Virus
0,11,DNA,100,5.0,5.91,265,L1,JG073N_265,TaqMan Fast Virus
1,11,DNA,100,5.0,5.573333333333333,266,L2,JG073N_266,TaqMan Fast Virus
2,11,DNA,100,5.0,5.236666666666666,267,L3,JG073N_267,TaqMan Fast Virus
3,11,DNA,100,5.0,4.9,268,L4,JG073N_268,TaqMan Fast Virus
4,11,DNA,100,5.0,4.5633333333333335,269,L5,JG073N_269,TaqMan Fast Virus
5,11,DNA,100,5.0,4.226666666666667,270,L6,JG073N_270,TaqMan Fast Virus
6,11,DNA,100,5.0,3.8900000000000006,271,L7,JG073N_271,TaqMan Fast Virus
7,11,DNA,100,5.0,,272,L8,JG073N_272,TaqMan Fast Virus
8,11,DNA,10,4.0,4.91,273,L9,JG073N_273,TaqMan Fast Virus
9,11,DNA,10,4.0,4.573333333333333,274,L10,JG073N_274,TaqMan Fast Virus
10,11,DNA,10,4.0,4.236666666666666,275,L11,JG073N_275,TaqMan Fast Virus
11,11,DNA,10,4.0,3.9000000000000004,276,L12,JG073N_276,TaqMan Fast Virus
12,11,DNA,10,4.0,3.5633333333333335,277,L13,JG073N_277,TaqMan Fast Virus
13,11,DNA,10,4.0,3.2266666666666666,278,L14,JG073N_278,TaqMan Fast Virus
14,11,DNA,10,4.0,2.8900000000000006,279,L15,JG073N_279,TaqMan Fast Virus
15,11,DNA,10,4.0,,280,L16,JG073N_280,TaqMan Fast Virus
16,11,DNA,1,3.0,3.91,281,L17,JG073N_281,TaqMan Fast Virus
17,11,DNA,1,3.0,3.5733333333333333,282,L18,JG073N_282,TaqMan Fast Virus
18,11,DNA,1,3.0,3.2366666666666664,283,L19,JG073N_283,TaqMan Fast Virus
19,11,DNA,1,3.0,2.9000000000000004,284,L20,JG073N_284,TaqMan Fast Virus
20,11,DNA,1,3.0,2.5633333333333335,285,L21,JG073N_285,TaqMan Fast Virus
21,11,DNA,1,3.0,2.2266666666666666,286,L22,JG073N_286,TaqMan Fast Virus
22,11,DNA,1,3.0,1.8900000000000001,287,L23,JG073N_287,TaqMan Fast Virus
23,11,DNA,1,3.0,,288,L24,JG073N_288,TaqMan Fast Virus
0,12,DNA,100,4.333333333333334,5.91,289,M1,JG073N_289,TaqMan Fast Virus
1,12,DNA,100,4.333333333333334,5.573333333333333,290,M2,JG073N_290,TaqMan Fast Virus
2,12,DNA,100,4.333333333333334,5.236666666666666,291,M3,JG073N_291,TaqMan Fast Virus
3,12,DNA,100,4.333333333333334,4.9,292,M4,JG073N_292,TaqMan Fast Virus
4,12,DNA,100,4.333333333333334,4.5633333333333335,293,M5,JG073N_293,TaqMan Fast Virus
5,12,DNA,100,4.333333333333334,4.226666666666667,294,M6,JG073N_294,TaqMan Fast Virus
6,12,DNA,100,4.333333333333334,3.8900000000000006,295,M7,JG073N_295,TaqMan Fast Virus
7,12,DNA,100,4.333333333333334,,296,M8,JG073N_296,TaqMan Fast Virus
8,12,DNA,10,3.333333333333334,4.91,297,M9,JG073N_297,TaqMan Fast Virus
9,12,DNA,10,3.333333333333334,4.573333333333333,298,M10,JG073N_298,TaqMan Fast Virus
10,12,DNA,10,3.333333333333334,4.236666666666666,299,M11,JG073N_299,TaqMan Fast Virus
11,12,DNA,10,3.333333333333334,3.9000000000000004,300,M12,JG073N_300,TaqMan Fast Virus
12,12,DNA,10,3.333333333333334,3.5633333333333335,301,M13,JG073N_301,TaqMan Fast Virus
13,12,DNA,10,3.333333333333334,3.2266666666666666,302,M14,JG073N_302,TaqMan Fast Virus
14,12,DNA,10,3.333333333333334,2.8900000000000006,303,M15,JG073N_303,TaqMan Fast Virus
15,12,DNA,10,3.333333333333334,,304,M16,JG073N_304,TaqMan Fast Virus
16,12,DNA,1,2.333333333333334,3.91,305,M17,JG073N_305,TaqMan Fast Virus
17,12,DNA,1,2.333333333333334,3.5733333333333333,306,M18,JG073N_306,TaqMan Fast Virus
18,12,DNA,1,2.333333333333334,3.2366666666666664,307,M19,JG073N_307,TaqMan Fast Virus
19,12,DNA,1,2.333333333333334,2.9000000000000004,308,M20,JG073N_308,TaqMan Fast Virus
20,12,DNA,1,2.333333333333334,2.5633333333333335,309,M21,JG073N_309,TaqMan Fast Virus
21,12,DNA,1,2.333333333333334,2.2266666666666666,310,M22,JG073N_310,TaqMan Fast Virus
22,12,DNA,1,2.333333333333334,1.8900000000000001,311,M23,JG073N_311,TaqMan Fast Virus
23,12,DNA,1,2.333333333333334,,312,M24,JG073N_312,TaqMan Fast Virus
0,13,DNA,100,3.666666666666667,5.91,313,N1,JG073N_313,TaqMan Fast Virus
1,13,DNA,100,3.666666666666667,5.573333333333333,314,N2,JG073N_314,TaqMan Fast Virus
2,13,DNA,100,3.666666666666667,5.236666666666666,315,N3,JG073N_315,TaqMan Fast Virus
3,13,DNA,100,3.666666666666667,4.9,316,N4,JG073N_316,TaqMan Fast Virus
4,13,DNA,100,3.666666666666667,4.5633333333333335,317,N5,JG073N_317,TaqMan Fast Virus
5,13,DNA,100,3.666666666666667,4.226666666666667,318,N6,JG073N_318,TaqMan Fast Virus
6,13,DNA,100,3.666666666666667,3.8900000000000006,319,N7,JG073N_319,TaqMan Fast Virus
7,13,DNA,100,3.666666666666667,,320,N8,JG073N_320,TaqMan Fast Virus
8,13,DNA,10,2.666666666666667,4.91,321,N9,JG073N_321,TaqMan Fast Virus
9,13,DNA,10,2.666666666666667,4.573333333333333,322,N10,JG073N_322,TaqMan Fast Virus
10,13,DNA,10,2.666666666666667,4.236666666666666,323,N11,JG073N_323,TaqMan Fast Virus
11,13,DNA,10,2.666666666666667,3.9000000000000004,324,N12,JG073N_324,TaqMan Fast Virus
12,13,DNA,10,2.666666666666667,3.5633333333333335,325,N13,JG073N_325,TaqMan Fast Virus
13,13,DNA,10,2.666666666666667,3.2266666666666666,326,N14,JG073N_326,TaqMan Fast Virus
14,13,DNA,10,2.666666666666667,2.8900000000000006,327,N15,JG073N_327,TaqMan Fast Virus
15,13,DNA,10,2.666666666666667,,328,N16,JG073N_328,TaqMan Fast Virus
16,13,DNA,1,1.666666666666667,3.91,329,N17,JG073N_329,TaqMan Fast Virus
17,13,DNA,1,1.666666666666667,3.5733333333333333,330,N18,JG073N_330,TaqMan Fast Virus
18,13,DNA,1,1.666666666666667,3.2366666666666664,331,N19,JG073N_331,TaqMan Fast Virus
19,13,DNA,1,1.666666666666667,2.9000000000000004,332,N20,JG073N_332,TaqMan Fast Virus
20,13,DNA,1,1.666666666666667,2.5633333333333335,333,N21,JG073N_333,TaqMan Fast Virus
21,13,DNA,1,1.666666666666667,2.2266666666666666,334,N22,JG073N_334,TaqMan Fast Virus
22,13,DNA,1,1.666666666666667,1.8900000000000001,335,N23,JG073N_335,TaqMan Fast Virus
23,13,DNA,1,1.666666666666667,,336,N24,JG073N_336,TaqMan Fast Virus
0,14,DNA,100,3.0,5.91,337,O1,JG073N_337,TaqMan Fast Virus
1,14,DNA,100,3.0,5.573333333333333,338,O2,JG073N_338,TaqMan Fast Virus
2,14,DNA,100,3.0,5.236666666666666,339,O3,JG073N_339,TaqMan Fast Virus
3,14,DNA,100,3.0,4.9,340,O4,JG073N_340,TaqMan Fast Virus
4,14,DNA,100,3.0,4.5633333333333335,341,O5,JG073N_341,TaqMan Fast Virus
5,14,DNA,100,3.0,4.226666666666667,342,O6,JG073N_342,TaqMan Fast Virus
6,14,DNA,100,3.0,3.8900000000000006,343,O7,JG073N_343,TaqMan Fast Virus
7,14,DNA,100,3.0,,344,O8,JG073N_344,TaqMan Fast Virus
8,14,DNA,10,2.0,4.91,345,O9,JG073N_345,TaqMan Fast Virus
9,14,DNA,10,2.0,4.573333333333333,346,O10,JG073N_346,TaqMan Fast Virus
10,14,DNA,10,2.0,4.236666666666666,347,O11,JG073N_347,TaqMan Fast Virus
11,14,DNA,10,2.0,3.9000000000000004,348,O12,JG073N_348,TaqMan Fast Virus
12,14,DNA,10,2.0,3.5633333333333335,349,O13,JG073N_349,TaqMan Fast Virus
13,14,DNA,10,2.0,3.2266666666666666,350,O14,JG073N_350,TaqMan Fast Virus
14,14,DNA,10,2.0,2.8900000000000006,351,O15,JG073N_351,TaqMan Fast Virus
15,14,DNA,10,2.0,,352,O16,JG073N_352,TaqMan Fast Virus
16,14,DNA,1,1.0,3.91,353,O17,JG073N_353,TaqMan Fast Virus
17,14,DNA,1,1.0,3.5733333333333333,354,O18,JG073N_354,TaqMan Fast Virus
18,14,DNA,1,1.0,3.2366666666666664,355,O19,JG073N_355,TaqMan Fast Virus
19,14,DNA,1,1.0,2.9000000000000004,356,O20,JG073N_356,TaqMan Fast Virus
20,14,DNA,1,1.0,2.5633333333333335,357,O21,JG073N_357,TaqMan Fast Virus
21,14,DNA,1,1.0,2.2266666666666666,358,O22,JG073N_358,TaqMan Fast Virus
22,14,DNA,1,1.0,1.8900000000000001,359,O23,JG073N_359,TaqMan Fast Virus
23,14,DNA,1,1.0,,360,O24,JG073N_360,TaqMan Fast Virus
0,15,DNA,100,,5.91,361,P1,JG073N_361,TaqMan Fast Virus
1,15,DNA,100,,5.573333333333333,362,P2,JG073N_362,TaqMan Fast Virus
2,15,DNA,100,,5.236666666666666,363,P3,JG073N_363,TaqMan Fast Virus
3,15,DNA,100,,4.9,364,P4,JG073N_364,TaqMan Fast Virus
4,15,DNA,100,,4.5633333333333335,365,P5,JG073N_365,TaqMan Fast Virus
5,15,DNA,100,,4.226666666666667,366,P6,JG073N_366,TaqMan Fast Virus
6,15,DNA,100,,3.8900000000000006,367,P7,JG073N_367,TaqMan Fast Virus
7,15,DNA,100,,,368,P8,JG073N_368,TaqMan Fast Virus
8,15,DNA,10,,4.91,369,P9,JG073N_369,TaqMan Fast Virus
9,15,DNA,10,,4.573333333333333,370,P10,JG073N_370,TaqMan Fast Virus
10,15,DNA,10,,4.236666666666666,371,P11,JG073N_371,TaqMan Fast Virus
11,15,DNA,10,,3.9000000000000004,372,P12,JG073N_372,TaqMan Fast Virus
12,15,DNA,10,,3.5633333333333335,373,P13,JG073N_373,TaqMan Fast Virus
13,15,DNA,10,,3.2266666666666666,374,P14,JG073N_374,TaqMan Fast Virus
14,15,DNA,10,,2.8900000000000006,375,P15,JG073N_375,TaqMan Fast Virus
15,15,DNA,10,,,376,P16,JG073N_376,TaqMan Fast Virus
16,15,DNA,1,,3.91,377,P17,JG073N_377,TaqMan Fast Virus
17,15,DNA,1,,3.5733333333333333,378,P18,JG073N_378,TaqMan Fast Virus
18,15,DNA,1,,3.2366666666666664,379,P19,JG073N_379,TaqMan Fast Virus
19,15,DNA,1,,2.9000000000000004,380,P20,JG073N_380,TaqMan Fast Virus
20,15,DNA,1,,2.5633333333333335,381,P21,JG073N_381,TaqMan Fast Virus
21,15,DNA,1,,2.2266666666666666,382,P22,JG073N_382,TaqMan Fast Virus
22,15,DNA,1,,1.8900000000000001,383,P23,JG073N_383,TaqMan Fast Virus
23,15,DNA,1,,,384,P24,JG073N_384,TaqMan Fast Virus
