,Experiment,Well,Target,lg10_Copies,Outlier,WellPosition,Copies,Reporter,Task,Comments,CT,Reaction,col,row,PRDM1,TMCC1,GBP6,ARG1,WellName,Sample,MasterMix,Cycle,Fluorescence,Corr_Fluorescence,FAM-HEX
0,JG069J,1,FAM,#NAME?,FALSE,A1,0,FAM,UNKNOWN,,23.833984,0,0,0,5,4,3.5,4,A1,JG069J_001,TaqMan Fast Advanced,50,0.27671894533527175,1.7496364116668701,-0.583229592
2,JG069J,2,FAM,#NAME?,FALSE,A2,0,FAM,UNKNOWN,,24.745087,2,1,0,5,4,3,4,A2,JG069J_002,TaqMan Fast Advanced,50,0.2105632126538673,1.6666373014450073,-0.61126128
4,JG069J,3,FAM,#NAME?,FALSE,A3,0,FAM,UNKNOWN,,25.738253,4,2,0,5,4,2.5,4,A3,JG069J_003,TaqMan Fast Advanced,50,0.20431689471354472,1.6325784921646118,-0.660012353
6,JG069J,4,FAM,#NAME?,FALSE,A4,0,FAM,UNKNOWN,,25.751087,6,3,0,5,4,2,4,A4,JG069J_004,TaqMan Fast Advanced,50,0.15594487436226245,1.594961166381836,-0.718952703
8,JG069J,5,FAM,#NAME?,FALSE,A5,0,FAM,UNKNOWN,,25.933376,8,4,0,5,4,1.5,4,A5,JG069J_005,TaqMan Fast Advanced,50,0.11390769523031767,1.5096964836120605,-0.808691711
10,JG069J,6,FAM,#NAME?,FALSE,A6,0,FAM,UNKNOWN,,24.013866,10,5,0,5,3.5,3.5,4,A6,JG069J_006,TaqMan Fast Advanced,50,0.13995079224747367,1.543205738067627,-0.771506348
12,JG069J,7,FAM,#NAME?,FALSE,A7,0,FAM,UNKNOWN,,24.903034,12,6,0,5,3.5,3,4,A7,JG069J_007,TaqMan Fast Advanced,50,0.16299441682658422,1.5952872037887573,-0.752496832
14,JG069J,8,FAM,#NAME?,FALSE,A8,0,FAM,UNKNOWN,,25.949566,14,7,0,5,3.5,2.5,4,A8,JG069J_008,TaqMan Fast Advanced,50,0.1159232081163751,1.5036168098449707,-0.812213305
16,JG069J,9,FAM,#NAME?,FALSE,A9,0,FAM,UNKNOWN,,25.79397,16,8,0,5,3.5,2,4,A9,JG069J_009,TaqMan Fast Advanced,50,0.15109076122204826,1.5835269689559937,-0.812308501
18,JG069J,10,FAM,#NAME?,FALSE,A10,0,FAM,UNKNOWN,,25.91203,18,9,0,5,3.5,1.5,4,A10,JG069J_010,TaqMan Fast Advanced,50,0.091879873,1.4443237781524658,-0.806083363
20,JG069J,11,FAM,#NAME?,FALSE,A11,0,FAM,UNKNOWN,,23.741758,20,10,0,5,3,3.5,4,A11,JG069J_011,TaqMan Fast Advanced,50,0.16651301492756054,1.580993413925171,-0.742008666
22,JG069J,12,FAM,#NAME?,FALSE,A12,0,FAM,UNKNOWN,,24.68212,22,11,0,5,3,3,4,A12,JG069J_012,TaqMan Fast Advanced,50,0.20922060477357254,1.6042355298995972,-0.690345456
24,JG069J,13,FAM,#NAME?,FALSE,A13,0,FAM,UNKNOWN,,24.028543,24,12,0,5,3,2.5,4,A13,JG069J_013,TaqMan Fast Advanced,50,0.31614897811060166,1.7499971389770508,-0.559993184
26,JG069J,14,FAM,#NAME?,FALSE,A14,0,FAM,UNKNOWN,,24.081886,26,13,0,5,3,2,4,A14,JG069J_014,TaqMan Fast Advanced,50,0.311723763,1.7462530136108398,-0.553457204
28,JG069J,15,FAM,#NAME?,FALSE,A15,0,FAM,UNKNOWN,,24.243605,28,14,0,5,3,1.5,4,A15,JG069J_015,TaqMan Fast Advanced,50,0.2583065751931895,1.6605403423309326,-0.670493752
30,JG069J,16,FAM,#NAME?,FALSE,A16,0,FAM,UNKNOWN,,23.556984,30,15,0,5,2.5,3.5,4,A16,JG069J_016,TaqMan Fast Advanced,50,0.28151506860118347,1.7111881971359253,-0.562917911
32,JG069J,17,FAM,#NAME?,FALSE,A17,0,FAM,UNKNOWN,,23.963772,32,16,0,5,2.5,3,4,A17,JG069J_017,TaqMan Fast Advanced,50,0.28955196054288634,1.7199565172195435,-0.549011224
34,JG069J,18,FAM,#NAME?,FALSE,A18,0,FAM,UNKNOWN,,24.231565,34,17,0,5,2.5,2.5,4,A18,JG069J_018,TaqMan Fast Advanced,50,0.2815605822017736,1.6975048780441284,-0.563961143
36,JG069J,19,FAM,#NAME?,FALSE,A19,0,FAM,UNKNOWN,,24.048111,36,18,0,5,2.5,2,4,A19,JG069J_019,TaqMan Fast Advanced,50,0.25646534010507527,1.662231683731079,-0.62050148
38,JG069J,20,FAM,#NAME?,FALSE,A20,0,FAM,UNKNOWN,,24.449831,38,19,0,5,2.5,1.5,4,A20,JG069J_020,TaqMan Fast Advanced,50,0.22437997072789792,1.6056618690490723,-0.719654158
40,JG069J,21,FAM,#NAME?,FALSE,A21,0,FAM,UNKNOWN,,23.390734,40,20,0,5,2,3.5,4,A21,JG069J_021,TaqMan Fast Advanced,50,0.2798208041137053,1.717993140220642,-0.560584763
42,JG069J,22,FAM,#NAME?,FALSE,A22,0,FAM,UNKNOWN,,23.921658,42,21,0,5,2,3,4,A22,JG069J_022,TaqMan Fast Advanced,50,0.21472108134459678,1.618660569190979,-0.634771305
44,JG069J,23,FAM,#NAME?,FALSE,A23,0,FAM,UNKNOWN,,23.970076,44,22,0,5,2,2.5,4,A23,JG069J_023,TaqMan Fast Advanced,50,0.24174848942589094,1.658270001411438,-0.691987482
46,JG069J,24,FAM,#NAME?,FALSE,A24,0,FAM,UNKNOWN,,24.263556,46,23,0,5,2,2,4,A24,JG069J_024,TaqMan Fast Advanced,50,0.1911914888103065,1.5688995122909546,-0.76153251
48,JG069J,25,FAM,#NAME?,FALSE,B1,0,FAM,UNKNOWN,,23.281084,48,0,1,5,4,3.5,3.5,B1,JG069J_025,TaqMan Fast Advanced,50,0.4415471047444139,1.9431662559509277,-0.306316667
50,JG069J,26,FAM,#NAME?,FALSE,B2,0,FAM,UNKNOWN,,23.812029,50,1,1,5,4,3,3.5,B2,JG069J_026,TaqMan Fast Advanced,50,0.41937155627338507,1.9170786142349243,-0.379051913
52,JG069J,27,FAM,#NAME?,FALSE,B3,0,FAM,UNKNOWN,,23.952696,52,2,1,5,4,2.5,3.5,B3,JG069J_027,TaqMan Fast Advanced,50,0.3688292565700522,1.847929835319519,-0.416452648
54,JG069J,28,FAM,#NAME?,FALSE,B4,0,FAM,UNKNOWN,,24.293297,54,3,1,5,4,2,3.5,B4,JG069J_028,TaqMan Fast Advanced,50,0.3584633221653108,1.8193798065185547,-0.583333092
56,JG069J,29,FAM,#NAME?,FALSE,B5,0,FAM,UNKNOWN,,24.091692,56,4,1,5,4,1.5,3.5,B5,JG069J_029,TaqMan Fast Advanced,50,0.25810388269390455,1.6734354496002197,-0.730715993
58,JG069J,30,FAM,#NAME?,FALSE,B6,0,FAM,UNKNOWN,,23.3576,58,5,1,5,3.5,3.5,3.5,B6,JG069J_030,TaqMan Fast Advanced,50,0.45822981842225774,1.978148341178894,-0.449922339
60,JG069J,31,FAM,#NAME?,FALSE,B7,0,FAM,UNKNOWN,,23.79746,60,6,1,5,3.5,3,3.5,B7,JG069J_031,TaqMan Fast Advanced,50,0.38839847727440485,1.876192569732666,-0.423370925
62,JG069J,32,FAM,#NAME?,FALSE,B8,0,FAM,UNKNOWN,,23.948162,62,7,1,5,3.5,2.5,3.5,B8,JG069J_032,TaqMan Fast Advanced,50,0.35359225939813116,1.828214406967163,-0.479753561
64,JG069J,33,FAM,#NAME?,FALSE,B9,0,FAM,UNKNOWN,,23.947075,64,8,1,5,3.5,2,3.5,B9,JG069J_033,TaqMan Fast Advanced,50,0.32243597515564126,1.780855417251587,-0.551284861
66,JG069J,34,FAM,#NAME?,FALSE,B10,0,FAM,UNKNOWN,,24.009098,66,9,1,5,3.5,1.5,3.5,B10,JG069J_034,TaqMan Fast Advanced,50,0.3139491621074698,1.7570033073425293,-0.588295552
68,JG069J,35,FAM,#NAME?,FALSE,B11,0,FAM,UNKNOWN,,23.431868,68,10,1,5,3,3.5,3.5,B11,JG069J_035,TaqMan Fast Advanced,50,0.38296234668779516,1.8620920181274414,-0.452778516
70,JG069J,36,FAM,#NAME?,FALSE,B12,0,FAM,UNKNOWN,,23.84591,70,11,1,5,3,3,3.5,B12,JG069J_036,TaqMan Fast Advanced,50,0.3721400676531841,1.8407783508300781,-0.465477053
72,JG069J,37,FAM,#NAME?,FALSE,B13,0,FAM,UNKNOWN,,24.23786,72,12,1,5,3,2.5,3.5,B13,JG069J_037,TaqMan Fast Advanced,50,0.3383695442130225,1.7794675827026367,-0.506351166
74,JG069J,38,FAM,#NAME?,FALSE,B14,0,FAM,UNKNOWN,,24.187366,74,13,1,5,3,2,3.5,B14,JG069J_038,TaqMan Fast Advanced,50,0.3004667113491577,1.719041347503662,-0.637342991
76,JG069J,39,FAM,#NAME?,FALSE,B15,0,FAM,UNKNOWN,,24.18475,76,14,1,5,3,1.5,3.5,B15,JG069J_039,TaqMan Fast Advanced,50,0.27645535937501947,1.6934456825256348,-0.651255683
78,JG069J,40,FAM,#NAME?,FALSE,B16,0,FAM,UNKNOWN,,23.407145,78,15,1,5,2.5,3.5,3.5,B16,JG069J_040,TaqMan Fast Advanced,50,0.33504513009120385,1.7864675521850586,-0.584907169
80,JG069J,41,FAM,#NAME?,FALSE,B17,0,FAM,UNKNOWN,,23.930597,80,16,1,5,2.5,3,3.5,B17,JG069J_041,TaqMan Fast Advanced,50,0.31562942389176174,1.7592412233352661,-0.519183875
82,JG069J,42,FAM,#NAME?,FALSE,B18,0,FAM,UNKNOWN,,24.042152,82,17,1,5,2.5,2.5,3.5,B18,JG069J_042,TaqMan Fast Advanced,50,0.25052741870129486,1.6628460884094238,-0.661772661
84,JG069J,43,FAM,#NAME?,FALSE,B19,0,FAM,UNKNOWN,,24.172894,84,18,1,5,2.5,2,3.5,B19,JG069J_043,TaqMan Fast Advanced,50,0.2964235656307156,1.7317168712615967,-0.525042486
86,JG069J,44,FAM,#NAME?,FALSE,B20,0,FAM,UNKNOWN,,24.262533,86,19,1,5,2.5,1.5,3.5,B20,JG069J_044,TaqMan Fast Advanced,50,0.21964729781270312,1.5917688608169556,-0.693849613
88,JG069J,45,FAM,#NAME?,FALSE,B21,0,FAM,UNKNOWN,,23.438087,88,20,1,5,2,3.5,3.5,B21,JG069J_045,TaqMan Fast Advanced,50,0.27111028006576476,1.697250485420227,-0.596502098
90,JG069J,46,FAM,#NAME?,FALSE,B22,0,FAM,UNKNOWN,,23.913807,90,21,1,5,2,3,3.5,B22,JG069J_046,TaqMan Fast Advanced,50,0.2597843900551781,1.6709178686141968,-0.584629825
92,JG069J,47,FAM,#NAME?,FALSE,B23,0,FAM,UNKNOWN,,24.150557,92,22,1,5,2,2.5,3.5,B23,JG069J_047,TaqMan Fast Advanced,50,0.23013086840686656,1.6215285062789917,-0.583197835
94,JG069J,48,FAM,#NAME?,FALSE,B24,0,FAM,UNKNOWN,,24.373745,94,23,1,5,2,2,3.5,B24,JG069J_048,TaqMan Fast Advanced,50,0.20826027839463745,1.5851972103118896,-0.646604917
96,JG069J,49,FAM,#NAME?,FALSE,C1,0,FAM,UNKNOWN,,23.476574,96,0,2,5,4,3.5,3,C1,JG069J_049,TaqMan Fast Advanced,50,0.42102718331575795,1.9258770942687988,-0.311476704
98,JG069J,50,FAM,#NAME?,FALSE,C2,0,FAM,UNKNOWN,,23.667835,98,1,2,5,4,3,3,C2,JG069J_050,TaqMan Fast Advanced,50,0.45519508401879527,1.9774401187896729,-0.282115259
100,JG069J,51,FAM,#NAME?,FALSE,C3,0,FAM,UNKNOWN,,23.947603,100,2,2,5,4,2.5,3,C3,JG069J_051,TaqMan Fast Advanced,50,0.3680181398759972,1.8597791194915771,-0.434833336
102,JG069J,52,FAM,#NAME?,FALSE,C4,0,FAM,UNKNOWN,,24.053806,102,3,2,5,4,2,3,C4,JG069J_052,TaqMan Fast Advanced,50,0.3516674751686881,1.8233247995376587,-0.445559355
104,JG069J,53,FAM,#NAME?,FALSE,C5,0,FAM,UNKNOWN,,24.035719,104,4,2,5,4,1.5,3,C5,JG069J_053,TaqMan Fast Advanced,50,0.3782598123280483,1.8513236045837402,-0.417443501
106,JG069J,54,FAM,#NAME?,FALSE,C6,0,FAM,UNKNOWN,,23.411667,106,5,2,5,3.5,3.5,3,C6,JG069J_054,TaqMan Fast Advanced,50,0.4614179469497574,1.9716274738311768,-0.421985716
108,JG069J,55,FAM,#NAME?,FALSE,C7,0,FAM,UNKNOWN,,23.916946,108,6,2,5,3.5,3,3,C7,JG069J_055,TaqMan Fast Advanced,50,0.47468578268708955,1.9970182180404663,-0.400262645
110,JG069J,56,FAM,#NAME?,FALSE,C8,0,FAM,UNKNOWN,,23.981915,110,7,2,5,3.5,2.5,3,C8,JG069J_056,TaqMan Fast Advanced,50,0.4602920150109941,1.9866493940353394,-0.389149394
112,JG069J,57,FAM,#NAME?,FALSE,C9,0,FAM,UNKNOWN,,24.011612,112,8,2,5,3.5,2,3,C9,JG069J_057,TaqMan Fast Advanced,50,0.4273775055154062,1.933020830154419,-0.506371667
114,JG069J,58,FAM,#NAME?,FALSE,C10,0,FAM,UNKNOWN,,24.20837,114,9,2,5,3.5,1.5,3,C10,JG069J_058,TaqMan Fast Advanced,50,0.2621495660411566,1.6676865816116333,-0.737850434
116,JG069J,59,FAM,#NAME?,FALSE,C11,0,FAM,UNKNOWN,,23.382137,116,10,2,5,3,3.5,3,C11,JG069J_059,TaqMan Fast Advanced,50,0.3927425607304773,1.8829537630081177,-0.442336379
118,JG069J,60,FAM,#NAME?,FALSE,C12,0,FAM,UNKNOWN,,23.92394,118,11,2,5,3,3,3,C12,JG069J_060,TaqMan Fast Advanced,50,0.35869943239503327,1.814985990524292,-0.507716882
120,JG069J,61,FAM,#NAME?,FALSE,C13,0,FAM,UNKNOWN,,24.001232,120,12,2,5,3,2.5,3,C13,JG069J_061,TaqMan Fast Advanced,50,0.3655507316371485,1.8295592069625854,-0.434750476
122,JG069J,62,FAM,#NAME?,FALSE,C14,0,FAM,UNKNOWN,,23.950632,122,13,2,5,3,2,3,C14,JG069J_062,TaqMan Fast Advanced,50,0.33000101259575415,1.7838340997695923,-0.498302997
124,JG069J,63,FAM,#NAME?,FALSE,C15,0,FAM,UNKNOWN,,24.19964,124,14,2,5,3,1.5,3,C15,JG069J_063,TaqMan Fast Advanced,50,0.28074088957430227,1.702053189277649,-0.600264516
126,JG069J,64,FAM,#NAME?,FALSE,C16,0,FAM,UNKNOWN,,23.400597,126,15,2,5,2.5,3.5,3,C16,JG069J_064,TaqMan Fast Advanced,50,0.37295057762763745,1.8385332822799683,-0.557383115
128,JG069J,65,FAM,#NAME?,FALSE,C17,0,FAM,UNKNOWN,,23.820255,128,16,2,5,2.5,3,3,C17,JG069J_065,TaqMan Fast Advanced,50,0.3767292802740092,1.8501135110855103,-0.483217586
130,JG069J,66,FAM,#NAME?,FALSE,C18,0,FAM,UNKNOWN,,24.142143,130,17,2,5,2.5,2.5,3,C18,JG069J_066,TaqMan Fast Advanced,50,0.3194937606761884,1.7514286041259766,-0.579038332
132,JG069J,67,FAM,#NAME?,FALSE,C19,0,FAM,UNKNOWN,,24.112015,132,18,2,5,2.5,2,3,C19,JG069J_067,TaqMan Fast Advanced,50,0.2770924101414684,1.6955853700637817,-0.560394709
134,JG069J,68,FAM,#NAME?,FALSE,C20,0,FAM,UNKNOWN,,24.20939,134,19,2,5,2.5,1.5,3,C20,JG069J_068,TaqMan Fast Advanced,50,0.23931216834377206,1.6325292587280273,-0.667185483
136,JG069J,69,FAM,#NAME?,FALSE,C21,0,FAM,UNKNOWN,,23.582811,136,20,2,5,2,3.5,3,C21,JG069J_069,TaqMan Fast Advanced,50,0.32012708926603384,1.7460410594940186,-0.50605395
138,JG069J,70,FAM,#NAME?,FALSE,C22,0,FAM,UNKNOWN,,23.931803,138,21,2,5,2,3,3,C22,JG069J_070,TaqMan Fast Advanced,50,0.25993406681784675,1.670330286026001,-0.603591197
140,JG069J,71,FAM,#NAME?,FALSE,C23,0,FAM,UNKNOWN,,23.96506,140,22,2,5,2,2.5,3,C23,JG069J_071,TaqMan Fast Advanced,50,0.28054841981878087,1.7069858312606812,-0.540584724
142,JG069J,72,FAM,#NAME?,FALSE,C24,0,FAM,UNKNOWN,,24.088522,142,23,2,5,2,2,3,C24,JG069J_072,TaqMan Fast Advanced,50,0.2640065710236776,1.6744555234909058,-0.597866699
144,JG069J,73,FAM,#NAME?,FALSE,D1,0,FAM,UNKNOWN,,23.33486,144,0,3,5,4,3.5,2.5,D1,JG069J_073,TaqMan Fast Advanced,50,0.4504431405333972,1.9661898612976074,-0.220372669
146,JG069J,74,FAM,#NAME?,FALSE,D2,0,FAM,UNKNOWN,,23.778904,146,1,3,5,4,3,2.5,D2,JG069J_074,TaqMan Fast Advanced,50,0.42283307457946134,1.9290711879730225,-0.260263546
148,JG069J,75,FAM,#NAME?,FALSE,D3,0,FAM,UNKNOWN,,24.08842,148,2,3,5,4,2.5,2.5,D3,JG069J_075,TaqMan Fast Advanced,50,0.4955103447690396,2.049144983291626,-0.444195742
150,JG069J,76,FAM,#NAME?,FALSE,D4,0,FAM,UNKNOWN,,24.078186,150,3,3,5,4,2,2.5,D4,JG069J_076,TaqMan Fast Advanced,50,0.4014013643399986,1.892716884613037,-0.313048253
152,JG069J,77,FAM,#NAME?,FALSE,D5,0,FAM,UNKNOWN,,24.145918,152,4,3,5,4,1.5,2.5,D5,JG069J_077,TaqMan Fast Advanced,50,0.30632636592433127,1.7434412240982056,-0.559091044
154,JG069J,78,FAM,#NAME?,FALSE,D6,0,FAM,UNKNOWN,,23.400888,154,5,3,5,3.5,3.5,2.5,D6,JG069J_078,TaqMan Fast Advanced,50,0.3690807996277361,1.8513511419296265,-0.452848289
156,JG069J,79,FAM,#NAME?,FALSE,D7,0,FAM,UNKNOWN,,23.860237,156,6,3,5,3.5,3,2.5,D7,JG069J_079,TaqMan Fast Advanced,50,0.42347721818696704,1.9381906986236572,-0.321099742
158,JG069J,80,FAM,#NAME?,FALSE,D8,0,FAM,UNKNOWN,,24.032892,158,7,3,5,3.5,2.5,2.5,D8,JG069J_080,TaqMan Fast Advanced,50,0.5121319434851092,2.0548744201660156,-0.245378743
160,JG069J,81,FAM,#NAME?,FALSE,D9,0,FAM,UNKNOWN,,24.071533,160,8,3,5,3.5,2,2.5,D9,JG069J_081,TaqMan Fast Advanced,50,0.4289696870222971,1.9340864419937134,-0.352036715
162,JG069J,82,FAM,#NAME?,FALSE,D10,0,FAM,UNKNOWN,,24.164425,162,9,3,5,3.5,1.5,2.5,D10,JG069J_082,TaqMan Fast Advanced,50,0.4447771354463037,1.9414091110229492,-0.395108634
164,JG069J,83,FAM,#NAME?,FALSE,D11,0,FAM,UNKNOWN,,23.385483,164,10,3,5,3,3.5,2.5,D11,JG069J_083,TaqMan Fast Advanced,50,0.45425096090541095,1.992254614830017,-0.288071502
166,JG069J,84,FAM,#NAME?,FALSE,D12,0,FAM,UNKNOWN,,23.809874,166,11,3,5,3,3,2.5,D12,JG069J_084,TaqMan Fast Advanced,50,0.36968062381291517,1.8576887845993042,-0.466835244
168,JG069J,85,FAM,#NAME?,FALSE,D13,0,FAM,UNKNOWN,,24.124489,168,12,3,5,3,2.5,2.5,D13,JG069J_085,TaqMan Fast Advanced,50,0.3797671108735338,1.8668935298919678,-0.416809856
170,JG069J,88,FAM,#NAME?,FALSE,D16,0,FAM,UNKNOWN,,23.528084,170,15,3,5,2.5,3.5,2.5,D16,JG069J_088,TaqMan Fast Advanced,50,0.41629788106501653,1.8976490497589111,-0.4198522
172,JG069J,89,FAM,#NAME?,FALSE,D17,0,FAM,UNKNOWN,,23.996086,172,16,3,5,2.5,3,2.5,D17,JG069J_089,TaqMan Fast Advanced,50,0.42327933610738055,1.9071629047393799,-0.383479389
174,JG069J,90,FAM,#NAME?,FALSE,D18,0,FAM,UNKNOWN,,24.193886,174,17,3,5,2.5,2.5,2.5,D18,JG069J_090,TaqMan Fast Advanced,50,0.3771446809612405,1.8542892932891846,-0.435711402
176,JG069J,91,FAM,#NAME?,FALSE,D19,0,FAM,UNKNOWN,,24.055908,176,18,3,5,2.5,2,2.5,D19,JG069J_091,TaqMan Fast Advanced,50,0.33517026360141716,1.801564335823059,-0.459026899
178,JG069J,92,FAM,#NAME?,FALSE,D20,0,FAM,UNKNOWN,,24.333508,178,19,3,5,2.5,1.5,2.5,D20,JG069J_092,TaqMan Fast Advanced,50,0.2653247512171554,1.6743367910385132,-0.568495371
180,JG069J,93,FAM,#NAME?,FALSE,D21,0,FAM,UNKNOWN,,23.628693,180,20,3,5,2,3.5,2.5,D21,JG069J_093,TaqMan Fast Advanced,50,0.37098620735180726,1.8243849277496338,-0.356082254
182,JG069J,94,FAM,#NAME?,FALSE,D22,0,FAM,UNKNOWN,,24.004442,182,21,3,5,2,3,2.5,D22,JG069J_094,TaqMan Fast Advanced,50,0.24626017676428896,1.6418308019638062,-0.675901444
184,JG069J,95,FAM,#NAME?,FALSE,D23,0,FAM,UNKNOWN,,24.02728,184,22,3,5,2,2.5,2.5,D23,JG069J_095,TaqMan Fast Advanced,50,0.33648682106072236,1.78126061,-0.422819775
186,JG069J,96,FAM,#NAME?,FALSE,D24,0,FAM,UNKNOWN,,24.152794,186,23,3,5,2,2,2.5,D24,JG069J_096,TaqMan Fast Advanced,50,0.28608060471184127,1.7011276483535767,-0.590079609
188,JG069J,97,FAM,#NAME?,FALSE,E1,0,FAM,UNKNOWN,,23.276134,188,0,4,5,4,3.5,2,E1,JG069J_097,TaqMan Fast Advanced,50,0.3606870458098868,1.8623460531234741,-0.390121504
190,JG069J,98,FAM,#NAME?,FALSE,E2,0,FAM,UNKNOWN,,23.880781,190,1,4,5,4,3,2,E2,JG069J_098,TaqMan Fast Advanced,50,0.45670811269385153,1.989141821861267,-0.227853684
192,JG069J,99,FAM,#NAME?,FALSE,E3,0,FAM,UNKNOWN,,24.088657,192,2,4,5,4,2.5,2,E3,JG069J_099,TaqMan Fast Advanced,50,0.3485450697827939,1.8163719177246094,-0.42859999
194,JG069J,100,FAM,#NAME?,FALSE,E4,0,FAM,UNKNOWN,,23.99859,194,3,4,5,4,2,2,E4,JG069J_100,TaqMan Fast Advanced,50,0.42373280122676005,1.9355069398880005,-0.293114992
196,JG069J,101,FAM,#NAME?,FALSE,E5,0,FAM,UNKNOWN,,24.189194,196,4,4,5,4,1.5,2,E5,JG069J_101,TaqMan Fast Advanced,50,0.45371739,1.984122872,-0.22772859
198,JG069J,102,FAM,#NAME?,FALSE,E6,0,FAM,UNKNOWN,,23.332962,198,5,4,5,3.5,3.5,2,E6,JG069J_102,TaqMan Fast Advanced,50,0.4902824008647738,2.0299787521362305,-0.250197752
200,JG069J,103,FAM,#NAME?,FALSE,E7,0,FAM,UNKNOWN,,23.819447,200,6,4,5,3.5,3,2,E7,JG069J_103,TaqMan Fast Advanced,50,0.573712953,2.1577870845794678,-0.025699639
202,JG069J,104,FAM,#NAME?,FALSE,E8,0,FAM,UNKNOWN,,24.09901,202,7,4,5,3.5,2.5,2,E8,JG069J_104,TaqMan Fast Advanced,50,0.469068055,1.9844383001327515,-0.329337655
204,JG069J,105,FAM,#NAME?,FALSE,E9,0,FAM,UNKNOWN,,23.966974,204,8,4,5,3.5,2,2,E9,JG069J_105,TaqMan Fast Advanced,50,0.5443021476713426,2.1130504608154297,-0.199588926
206,JG069J,106,FAM,#NAME?,FALSE,E10,0,FAM,UNKNOWN,,24.165318,206,9,4,5,3.5,1.5,2,E10,JG069J_106,TaqMan Fast Advanced,50,0.36566881564341935,1.8283146619796753,-0.564350515
208,JG069J,107,FAM,#NAME?,FALSE,E11,0,FAM,UNKNOWN,,23.2772,208,10,4,5,3,3.5,2,E11,JG069J_107,TaqMan Fast Advanced,50,0.40031645820286754,1.9075309038162231,-0.388737678
210,JG069J,108,FAM,#NAME?,FALSE,E12,0,FAM,UNKNOWN,,23.75928,210,11,4,5,3,3,2,E12,JG069J_108,TaqMan Fast Advanced,50,0.21487817356906277,1.6025429964065552,-0.6914351
212,JG069J,109,FAM,#NAME?,FALSE,E13,0,FAM,UNKNOWN,,23.937376,212,12,4,5,3,2.5,2,E13,JG069J_109,TaqMan Fast Advanced,50,0.12019993606619969,1.472990632,-0.783855177
214,JG069J,112,FAM,#NAME?,FALSE,E16,0,FAM,UNKNOWN,,23.513922,214,15,4,5,2.5,3.5,2,E16,JG069J_112,TaqMan Fast Advanced,50,0.4454193433293662,1.934575080871582,-0.276097613
216,JG069J,113,FAM,#NAME?,FALSE,E17,0,FAM,UNKNOWN,,23.965431,216,16,4,5,2.5,3,2,E17,JG069J_113,TaqMan Fast Advanced,50,0.38087465343008664,1.8406484127044678,-0.396396233
218,JG069J,114,FAM,#NAME?,FALSE,E18,0,FAM,UNKNOWN,,23.991266,218,17,4,5,2.5,2.5,2,E18,JG069J_114,TaqMan Fast Advanced,50,0.17407999290735154,1.5321857929229736,-0.724629626
220,JG069J,115,FAM,#NAME?,FALSE,E19,0,FAM,UNKNOWN,,24.039412,220,18,4,5,2.5,2,2,E19,JG069J_115,TaqMan Fast Advanced,50,0,1.2712864875793457,-0.873776107
222,JG069J,116,FAM,#NAME?,FALSE,E20,0,FAM,UNKNOWN,,24.001802,222,19,4,5,2.5,1.5,2,E20,JG069J_116,TaqMan Fast Advanced,50,0.079114758,1.4036405086517334,-0.648807907
224,JG069J,117,FAM,#NAME?,FALSE,E21,0,FAM,UNKNOWN,,23.905956,224,20,4,5,2,3.5,2,E21,JG069J_117,TaqMan Fast Advanced,50,0.16290147316190048,1.5293899774551392,-0.679282947
226,JG069J,118,FAM,#NAME?,FALSE,E22,0,FAM,UNKNOWN,,24.113281,226,21,4,5,2,3,2,E22,JG069J_118,TaqMan Fast Advanced,50,0.3046082949153426,1.7418737411499023,-0.402217104
228,JG069J,119,FAM,#NAME?,FALSE,E23,0,FAM,UNKNOWN,,24.175816,228,22,4,5,2,2.5,2,E23,JG069J_119,TaqMan Fast Advanced,50,0.34638317856999723,1.8071253299713135,-0.314864915
230,JG069J,120,FAM,#NAME?,FALSE,E24,0,FAM,UNKNOWN,,24.079779,230,23,4,5,2,2,2,E24,JG069J_120,TaqMan Fast Advanced,50,0.31483831449885485,1.7599520683288574,-0.428076721
232,JG069J,121,FAM,#NAME?,FALSE,F1,0,FAM,UNKNOWN,,23.328117,232,0,5,4,4,3.5,4,F1,JG069J_121,TaqMan Fast Advanced,50,0.5730411117487606,2.156769037246704,0.014504997632565408
234,JG069J,122,FAM,#NAME?,FALSE,F2,0,FAM,UNKNOWN,,23.681879,234,1,5,4,4,3,4,F2,JG069J_122,TaqMan Fast Advanced,50,0.5861940174587033,2.1644115447998047,0.016817648
236,JG069J,123,FAM,#NAME?,FALSE,F3,0,FAM,UNKNOWN,,23.657549,236,2,5,4,4,2.5,4,F3,JG069J_123,TaqMan Fast Advanced,50,0.5644955480191671,2.1605935096740723,-0.056124405
238,JG069J,124,FAM,#NAME?,FALSE,F4,0,FAM,UNKNOWN,,23.728836,238,3,5,4,4,2,4,F4,JG069J_124,TaqMan Fast Advanced,50,0.5390152364000828,2.096033811569214,-0.10019458
240,JG069J,125,FAM,#NAME?,FALSE,F5,0,FAM,UNKNOWN,,23.874998,240,4,5,4,4,1.5,4,F5,JG069J_125,TaqMan Fast Advanced,50,0.4764223201220477,2.0315744876861572,-0.099477162
242,JG069J,126,FAM,#NAME?,FALSE,F6,0,FAM,UNKNOWN,,23.276602,242,5,5,4,3.5,3.5,4,F6,JG069J_126,TaqMan Fast Advanced,50,0.5471674628489096,2.1330320835113525,-0.008661888
244,JG069J,127,FAM,#NAME?,FALSE,F7,0,FAM,UNKNOWN,,23.664713,244,6,5,4,3.5,3,4,F7,JG069J_127,TaqMan Fast Advanced,50,0.5759273298611733,2.1662721633911133,0.013300995320727926
246,JG069J,128,FAM,#NAME?,FALSE,F8,0,FAM,UNKNOWN,,23.849754,246,7,5,4,3.5,2.5,4,F8,JG069J_128,TaqMan Fast Advanced,50,0.5700614347415262,2.1489083766937256,-0.022642891
248,JG069J,129,FAM,#NAME?,FALSE,F9,0,FAM,UNKNOWN,,23.668543,248,8,5,4,3.5,2,4,F9,JG069J_129,TaqMan Fast Advanced,50,0.5730216919062743,2.164680242538452,-0.027852212
250,JG069J,130,FAM,#NAME?,FALSE,F10,0,FAM,UNKNOWN,,23.845688,250,9,5,4,3.5,1.5,4,F10,JG069J_130,TaqMan Fast Advanced,50,0.49497779423111454,2.0399293899536133,-0.184138966
252,JG069J,131,FAM,#NAME?,FALSE,F11,0,FAM,UNKNOWN,,23.254654,252,10,5,4,3,3.5,4,F11,JG069J_131,TaqMan Fast Advanced,50,0.5337864113078242,2.104029417037964,-0.078782016
254,JG069J,132,FAM,#NAME?,FALSE,F12,0,FAM,UNKNOWN,,23.843307,254,11,5,4,3,3,4,F12,JG069J_132,TaqMan Fast Advanced,50,0.4969778261368612,2.0424582958221436,-0.222151159
256,JG069J,133,FAM,#NAME?,FALSE,F13,0,FAM,UNKNOWN,,24.003078,256,12,5,4,3,2.5,4,F13,JG069J_133,TaqMan Fast Advanced,50,0.4688507098862508,1.985258698,-0.107592323
258,JG069J,134,FAM,#NAME?,FALSE,F14,0,FAM,UNKNOWN,,23.91449,258,13,5,4,3,2,4,F14,JG069J_134,TaqMan Fast Advanced,50,0.43189770137393146,1.9438742399215698,-0.186204005
260,JG069J,135,FAM,#NAME?,FALSE,F15,0,FAM,UNKNOWN,,24.118582,260,14,5,4,3,1.5,4,F15,JG069J_135,TaqMan Fast Advanced,50,0.45391280621698066,1.950519085,-0.195824493
262,JG069J,136,FAM,#NAME?,FALSE,F16,0,FAM,UNKNOWN,,23.397211,262,15,5,4,2.5,3.5,4,F16,JG069J_136,TaqMan Fast Advanced,50,0.5413247049331171,2.0905911922454834,-0.036248121
264,JG069J,137,FAM,#NAME?,FALSE,F17,0,FAM,UNKNOWN,,23.72199,264,16,5,4,2.5,3,4,F17,JG069J_137,TaqMan Fast Advanced,50,0.5006299025501904,2.0366501808166504,-0.063416907
266,JG069J,138,FAM,#NAME?,FALSE,F18,0,FAM,UNKNOWN,,23.957073,266,17,5,4,2.5,2.5,4,F18,JG069J_138,TaqMan Fast Advanced,50,0.44640558048747775,1.9497908353805542,-0.191710437
268,JG069J,139,FAM,#NAME?,FALSE,F19,0,FAM,UNKNOWN,,23.911976,268,18,5,4,2.5,2,4,F19,JG069J_139,TaqMan Fast Advanced,50,0.4448550411322906,1.9460700750350952,-0.14320497
270,JG069J,140,FAM,#NAME?,FALSE,F20,0,FAM,UNKNOWN,,23.963242,270,19,5,4,2.5,1.5,4,F20,JG069J_140,TaqMan Fast Advanced,50,0.405951973,1.883096457,-0.227975998
272,JG069J,141,FAM,#NAME?,FALSE,F21,0,FAM,UNKNOWN,,23.466618,272,20,5,4,2,3.5,4,F21,JG069J_141,TaqMan Fast Advanced,50,0.4274156229151387,1.9196014404296875,-0.203160225
274,JG069J,142,FAM,#NAME?,FALSE,F22,0,FAM,UNKNOWN,,23.864944,274,21,5,4,2,3,4,F22,JG069J_142,TaqMan Fast Advanced,50,0.3697023453376996,1.8350169658660889,-0.271283464
276,JG069J,143,FAM,#NAME?,FALSE,F23,0,FAM,UNKNOWN,,23.90497,276,22,5,4,2,2.5,4,F23,JG069J_143,TaqMan Fast Advanced,50,0.42328885101160885,1.9234421253204346,-0.101241285
278,JG069J,144,FAM,#NAME?,FALSE,F24,0,FAM,UNKNOWN,,23.657724,278,23,5,4,2,2,4,F24,JG069J_144,TaqMan Fast Advanced,50,0.44016575348384535,1.9656544923782349,-0.055173593
280,JG069J,145,FAM,#NAME?,FALSE,G1,0,FAM,UNKNOWN,,23.408253,280,0,6,4,4,3.5,3.5,G1,JG069J_145,TaqMan Fast Advanced,50,0.6019742598053364,2.190054178237915,0.074328005
282,JG069J,146,FAM,#NAME?,FALSE,G2,0,FAM,UNKNOWN,,23.679548,282,1,6,4,4,3,3.5,G2,JG069J_146,TaqMan Fast Advanced,50,0.6167226021209848,2.209742307662964,0.034697368
284,JG069J,147,FAM,#NAME?,FALSE,G3,0,FAM,UNKNOWN,,23.736012,284,2,6,4,4,2.5,3.5,G3,JG069J_147,TaqMan Fast Advanced,50,0.5737984470838449,2.150402307510376,-0.006177497
286,JG069J,148,FAM,#NAME?,FALSE,G4,0,FAM,UNKNOWN,,23.81189,286,3,6,4,4,2,3.5,G4,JG069J_148,TaqMan Fast Advanced,50,0.5220800599546828,2.0866379737854004,-0.084453461
288,JG069J,149,FAM,#NAME?,FALSE,G5,0,FAM,UNKNOWN,,23.867186,288,4,6,4,4,1.5,3.5,G5,JG069J_149,TaqMan Fast Advanced,50,0.46812544883105767,1.9962811470031738,-0.246458985
290,JG069J,150,FAM,#NAME?,FALSE,G6,0,FAM,UNKNOWN,,23.196873,290,5,6,4,3.5,3.5,3.5,G6,JG069J_150,TaqMan Fast Advanced,50,0.6218114242575559,2.233053446,0.12656355392158591
292,JG069J,151,FAM,#NAME?,FALSE,G7,0,FAM,UNKNOWN,,23.580086,292,6,6,4,3.5,3,3.5,G7,JG069J_151,TaqMan Fast Advanced,50,0.5790697762548602,2.170574903488159,0.041465032
294,JG069J,152,FAM,#NAME?,FALSE,G8,0,FAM,UNKNOWN,,23.782257,294,7,6,4,3.5,2.5,3.5,G8,JG069J_152,TaqMan Fast Advanced,50,0.5765481147640173,2.1631834506988525,0.005310661
296,JG069J,153,FAM,#NAME?,FALSE,G9,0,FAM,UNKNOWN,,23.826757,296,8,6,4,3.5,2,3.5,G9,JG069J_153,TaqMan Fast Advanced,50,0.5139489723872135,2.0660758018493652,-0.09603385
298,JG069J,154,FAM,#NAME?,FALSE,G10,0,FAM,UNKNOWN,,23.857824,298,9,6,4,3.5,1.5,3.5,G10,JG069J_154,TaqMan Fast Advanced,50,0.5470951524659152,2.116119623184204,-0.040314922
300,JG069J,155,FAM,#NAME?,FALSE,G11,0,FAM,UNKNOWN,,23.309612,300,10,6,4,3,3.5,3.5,G11,JG069J_155,TaqMan Fast Advanced,50,0.5581180678944948,2.1405417919158936,-0.028103763
302,JG069J,156,FAM,#NAME?,FALSE,G12,0,FAM,UNKNOWN,,23.877914,302,11,6,4,3,3,3.5,G12,JG069J_156,TaqMan Fast Advanced,50,0.5184858771109575,2.067619800567627,-0.181957448
304,JG069J,157,FAM,#NAME?,FALSE,G13,0,FAM,UNKNOWN,,23.95395,304,12,6,4,3,2.5,3.5,G13,JG069J_157,TaqMan Fast Advanced,50,0.4991774591610656,2.0351390838623047,-0.073603839
306,JG069J,158,FAM,#NAME?,FALSE,G14,0,FAM,UNKNOWN,,23.99964,306,13,6,4,3,2,3.5,G14,JG069J_158,TaqMan Fast Advanced,50,0.44829302738524746,1.9658818244934082,-0.107791631
308,JG069J,159,FAM,#NAME?,FALSE,G15,0,FAM,UNKNOWN,,24.03453,308,14,6,4,3,1.5,3.5,G15,JG069J_159,TaqMan Fast Advanced,50,0.4513528443474778,1.9538218975067139,-0.217532769
310,JG069J,160,FAM,#NAME?,FALSE,G16,0,FAM,UNKNOWN,,23.364475,310,15,6,4,2.5,3.5,3.5,G16,JG069J_160,TaqMan Fast Advanced,50,0.6092582849499731,2.1949052810668945,0.039540895
312,JG069J,161,FAM,#NAME?,FALSE,G17,0,FAM,UNKNOWN,,23.848232,312,16,6,4,2.5,3,3.5,G17,JG069J_161,TaqMan Fast Advanced,50,0.500618726,2.0264382362365723,-0.126372283
314,JG069J,162,FAM,#NAME?,FALSE,G18,0,FAM,UNKNOWN,,23.85705,314,17,6,4,2.5,2.5,3.5,G18,JG069J_162,TaqMan Fast Advanced,50,0.658408789,2.257998466491699,-0.040517385
316,JG069J,163,FAM,#NAME?,FALSE,G19,0,FAM,UNKNOWN,,24.088926,316,18,6,4,2.5,2,3.5,G19,JG069J_163,TaqMan Fast Advanced,50,0.43650652163140524,1.9299609661102295,-0.190614243
318,JG069J,164,FAM,#NAME?,FALSE,G20,0,FAM,UNKNOWN,,23.931208,318,19,6,4,2.5,1.5,3.5,G20,JG069J_164,TaqMan Fast Advanced,50,0.4101676536237024,1.9219433069229126,-0.30947627
320,JG069J,165,FAM,#NAME?,FALSE,G21,0,FAM,UNKNOWN,,23.582603,320,20,6,4,2,3.5,3.5,G21,JG069J_165,TaqMan Fast Advanced,50,0.5056490000849263,2.039763927459717,-0.010767203
322,JG069J,166,FAM,#NAME?,FALSE,G22,0,FAM,UNKNOWN,,23.768936,322,21,6,4,2,3,3.5,G22,JG069J_166,TaqMan Fast Advanced,50,0.44157095460303886,1.9568480253219604,-0.060977482
324,JG069J,167,FAM,#NAME?,FALSE,G23,0,FAM,UNKNOWN,,23.761261,324,22,6,4,2,2.5,3.5,G23,JG069J_167,TaqMan Fast Advanced,50,0.9428090983690718,2.6432275772094727,0.047308381033126845
326,JG069J,168,FAM,#NAME?,FALSE,G24,0,FAM,UNKNOWN,,23.891228,326,23,6,4,2,2,3.5,G24,JG069J_168,TaqMan Fast Advanced,50,0.4376741294285168,1.9617552757263184,-0.04070999
328,JG069J,169,FAM,#NAME?,FALSE,H1,0,FAM,UNKNOWN,,22.989777,328,0,7,4,4,3.5,3,H1,JG069J_169,TaqMan Fast Advanced,50,0.6864814210155064,2.3871004581451416,0.19976986623941861
330,JG069J,170,FAM,#NAME?,FALSE,H2,0,FAM,UNKNOWN,,23.74505,330,1,7,4,4,3,3,H2,JG069J_170,TaqMan Fast Advanced,50,0.6252242797993955,2.2308201789855957,0.12137307390860841
332,JG069J,171,FAM,#NAME?,FALSE,H3,0,FAM,UNKNOWN,,23.727953,332,2,7,4,4,2.5,3,H3,JG069J_171,TaqMan Fast Advanced,50,0.6401024119574379,2.2612082958221436,0.037570777
334,JG069J,172,FAM,#NAME?,FALSE,H4,0,FAM,UNKNOWN,,23.708696,334,3,7,4,4,2,3,H4,JG069J_172,TaqMan Fast Advanced,50,0.5650120156724148,2.1464061737060547,0.062575803
336,JG069J,173,FAM,#NAME?,FALSE,H5,0,FAM,UNKNOWN,,23.791388,336,4,7,4,4,1.5,3,H5,JG069J_173,TaqMan Fast Advanced,50,0.538948671,2.1174561977386475,0.018262217380665913
338,JG069J,174,FAM,#NAME?,FALSE,H6,0,FAM,UNKNOWN,,23.352072,338,5,7,4,3.5,3.5,3,H6,JG069J_174,TaqMan Fast Advanced,50,0.6495429304365111,2.268148899078369,0.19494072283844077
340,JG069J,175,FAM,#NAME?,FALSE,H7,0,FAM,UNKNOWN,,23.718416,340,6,7,4,3.5,3,3,H7,JG069J_175,TaqMan Fast Advanced,50,0.6164570178382353,2.2262933254241943,0.13110286462531945
342,JG069J,176,FAM,#NAME?,FALSE,H8,0,FAM,UNKNOWN,,23.767586,342,7,7,4,3.5,2.5,3,H8,JG069J_176,TaqMan Fast Advanced,50,0.5724870708173279,2.153451681137085,0.017438061121345272
344,JG069J,177,FAM,#NAME?,FALSE,H9,0,FAM,UNKNOWN,,23.78834,344,8,7,4,3.5,2,3,H9,JG069J_177,TaqMan Fast Advanced,50,0.5884145197111088,2.186324119567871,0.026791192016889287
346,JG069J,178,FAM,#NAME?,FALSE,H10,0,FAM,UNKNOWN,,23.901722,346,9,7,4,3.5,1.5,3,H10,JG069J_178,TaqMan Fast Advanced,50,0.5456651288106403,2.110471487045288,-0.071900984
348,JG069J,179,FAM,#NAME?,FALSE,H11,0,FAM,UNKNOWN,,23.360872,348,10,7,4,3,3.5,3,H11,JG069J_179,TaqMan Fast Advanced,50,0.6025479035581827,2.201992988586426,0.011297809722424335
350,JG069J,180,FAM,#NAME?,FALSE,H12,0,FAM,UNKNOWN,,23.994627,350,11,7,4,3,3,3,H12,JG069J_180,TaqMan Fast Advanced,50,0.5251354661617141,2.0811171531677246,-0.135148667
352,JG069J,181,FAM,#NAME?,FALSE,H13,0,FAM,UNKNOWN,,23.906536,352,12,7,4,3,2.5,3,H13,JG069J_181,TaqMan Fast Advanced,50,0.5817851353861325,2.1630120277404785,0.047087328
354,JG069J,182,FAM,#NAME?,FALSE,H14,0,FAM,UNKNOWN,,23.915653,354,13,7,4,3,2,3,H14,JG069J_182,TaqMan Fast Advanced,50,0.5257974020622986,2.0801055431365967,0.017338397940139583
356,JG069J,183,FAM,#NAME?,FALSE,H15,0,FAM,UNKNOWN,,24.09958,356,14,7,4,3,1.5,3,H15,JG069J_183,TaqMan Fast Advanced,50,0.49751696873141005,2.0171117782592773,-0.026733128
358,JG069J,184,FAM,#NAME?,FALSE,H16,0,FAM,UNKNOWN,,23.455467,358,15,7,4,2.5,3.5,3,H16,JG069J_184,TaqMan Fast Advanced,50,0.580801864,2.1616897583007812,0.096162558
360,JG069J,185,FAM,#NAME?,FALSE,H17,0,FAM,UNKNOWN,,23.722385,360,16,7,4,2.5,3,3,H17,JG069J_185,TaqMan Fast Advanced,50,0.5438333412134653,2.097233295440674,-0.024503744
362,JG069J,186,FAM,#NAME?,FALSE,H18,0,FAM,UNKNOWN,,23.964626,362,17,7,4,2.5,2.5,3,H18,JG069J_186,TaqMan Fast Advanced,50,0.509503215,2.039695978164673,-0.082352891
364,JG069J,187,FAM,#NAME?,FALSE,H19,0,FAM,UNKNOWN,,24.030182,364,18,7,4,2.5,2,3,H19,JG069J_187,TaqMan Fast Advanced,50,0.501758117,2.0327467918395996,-0.030296987
366,JG069J,188,FAM,#NAME?,FALSE,H20,0,FAM,UNKNOWN,,24.115067,366,19,7,4,2.5,1.5,3,H20,JG069J_188,TaqMan Fast Advanced,50,0.4363523667002486,1.9264440536499023,-0.143051185
368,JG069J,189,FAM,#NAME?,FALSE,H21,0,FAM,UNKNOWN,,23.486773,368,20,7,4,2,3.5,3,H21,JG069J_189,TaqMan Fast Advanced,50,0.4960168930383245,2.0234861373901367,-0.000994327
370,JG069J,190,FAM,#NAME?,FALSE,H22,0,FAM,UNKNOWN,,23.771284,370,21,7,4,2,3,3,H22,JG069J_190,TaqMan Fast Advanced,50,0.47779025613809195,1.9897695779800415,-0.021570172
372,JG069J,191,FAM,#NAME?,FALSE,H23,0,FAM,UNKNOWN,,23.777502,372,22,7,4,2,2.5,3,H23,JG069J_191,TaqMan Fast Advanced,50,0.528457189,2.094689130783081,0.057936764
374,JG069J,192,FAM,#NAME?,FALSE,H24,0,FAM,UNKNOWN,,23.88952,374,23,7,4,2,2,3,H24,JG069J_192,TaqMan Fast Advanced,50,0.4993861032907282,2.0385427474975586,-0.038157139
376,JG069J,193,FAM,#NAME?,FALSE,I1,0,FAM,UNKNOWN,,23.32708,376,0,8,4,4,3.5,2.5,I1,JG069J_193,TaqMan Fast Advanced,50,0.6592479497704739,2.2909586429595947,0.259198456
378,JG069J,194,FAM,#NAME?,FALSE,I2,0,FAM,UNKNOWN,,23.65673,378,1,8,4,4,3,2.5,I2,JG069J_194,TaqMan Fast Advanced,50,0.6211575442450149,2.228877067565918,0.11969209852016105
380,JG069J,195,FAM,#NAME?,FALSE,I3,0,FAM,UNKNOWN,,23.763847,380,2,8,4,4,2.5,2.5,I3,JG069J_195,TaqMan Fast Advanced,50,0.6598245115556899,2.290445089,0.18649097364205575
382,JG069J,196,FAM,#NAME?,FALSE,I4,0,FAM,UNKNOWN,,23.868,382,3,8,4,4,2,2.5,I4,JG069J_196,TaqMan Fast Advanced,50,0.5368123964294128,2.1029136180877686,-0.031676022
384,JG069J,197,FAM,#NAME?,FALSE,I5,0,FAM,UNKNOWN,,23.837479,384,4,8,4,4,1.5,2.5,I5,JG069J_197,TaqMan Fast Advanced,50,0.5671359387577619,2.1479544639587402,0.034168336
386,JG069J,198,FAM,#NAME?,FALSE,I6,0,FAM,UNKNOWN,,23.290598,386,5,8,4,3.5,3.5,2.5,I6,JG069J_198,TaqMan Fast Advanced,50,0.7213392726559705,2.3727669715881348,0.2709341100187882
388,JG069J,199,FAM,#NAME?,FALSE,I7,0,FAM,UNKNOWN,,23.762491,388,6,8,4,3.5,3,2.5,I7,JG069J_199,TaqMan Fast Advanced,50,0.6380459551287421,2.256472110748291,0.16490401254413956
390,JG069J,200,FAM,#NAME?,FALSE,I8,0,FAM,UNKNOWN,,23.889353,390,7,8,4,3.5,2.5,2.5,I8,JG069J_200,TaqMan Fast Advanced,50,0.6105652119394116,2.215205669403076,0.10364060575199885
392,JG069J,201,FAM,#NAME?,FALSE,I9,0,FAM,UNKNOWN,,23.80513,392,8,8,4,3.5,2,2.5,I9,JG069J_201,TaqMan Fast Advanced,50,0.5703188138639493,2.1476433277130127,-0.027864889
394,JG069J,202,FAM,#NAME?,FALSE,I10,0,FAM,UNKNOWN,,23.942604,394,9,8,4,3.5,1.5,2.5,I10,JG069J_202,TaqMan Fast Advanced,50,0.552356269,2.1186630725860596,-0.055732371
396,JG069J,203,FAM,#NAME?,FALSE,I11,0,FAM,UNKNOWN,,23.268028,396,10,8,4,3,3.5,2.5,I11,JG069J_203,TaqMan Fast Advanced,50,0.6296875210591291,2.245659589767456,0.074277868
398,JG069J,204,FAM,#NAME?,FALSE,I12,0,FAM,UNKNOWN,,23.955328,398,11,8,4,3,3,2.5,I12,JG069J_204,TaqMan Fast Advanced,50,0.5674679106845378,2.1288654804229736,-0.135382726
400,JG069J,205,FAM,#NAME?,FALSE,I13,0,FAM,UNKNOWN,,23.763811,400,12,8,4,3,2.5,2.5,I13,JG069J_205,TaqMan Fast Advanced,50,0.6219608265518334,2.233781576156616,0.13507049392938764
402,JG069J,206,FAM,#NAME?,FALSE,I14,0,FAM,UNKNOWN,,23.9355,402,13,8,4,3,2,2.5,I14,JG069J_206,TaqMan Fast Advanced,50,0.6355191750431651,2.2438511848449707,0.082109524
404,JG069J,207,FAM,#NAME?,FALSE,I15,0,FAM,UNKNOWN,,24.312605,404,14,8,4,3,1.5,2.5,I15,JG069J_207,TaqMan Fast Advanced,50,0.48890384244046664,1.9783682823181152,-0.06098798
406,JG069J,208,FAM,#NAME?,FALSE,I16,0,FAM,UNKNOWN,,23.542702,406,15,8,4,2.5,3.5,2.5,I16,JG069J_208,TaqMan Fast Advanced,50,0.606683458,2.197293758392334,0.073824636
408,JG069J,209,FAM,#NAME?,FALSE,I17,0,FAM,UNKNOWN,,23.88377,408,16,8,4,2.5,3,2.5,I17,JG069J_209,TaqMan Fast Advanced,50,0.5390384313867568,2.0869688987731934,0.011798361827383697
410,JG069J,210,FAM,#NAME?,FALSE,I18,0,FAM,UNKNOWN,,24.017036,410,17,8,4,2.5,2.5,2.5,I18,JG069J_210,TaqMan Fast Advanced,50,0.5389254756056899,2.0919368267059326,-0.09635755
412,JG069J,211,FAM,#NAME?,FALSE,I19,0,FAM,UNKNOWN,,24.0376,412,18,8,4,2.5,2,2.5,I19,JG069J_211,TaqMan Fast Advanced,50,0.5342115435848558,2.078584909439087,0.03539981
414,JG069J,212,FAM,#NAME?,FALSE,I20,0,FAM,UNKNOWN,,24.132923,414,19,8,4,2.5,1.5,2.5,I20,JG069J_212,TaqMan Fast Advanced,50,0.43244924801366863,1.9257988929748535,-0.17315205
416,JG069J,213,FAM,#NAME?,FALSE,I21,0,FAM,UNKNOWN,,23.5147,416,20,8,4,2,3.5,2.5,I21,JG069J_213,TaqMan Fast Advanced,50,0.523410923,2.0669000148773193,-0.024229764
418,JG069J,214,FAM,#NAME?,FALSE,I22,0,FAM,UNKNOWN,,23.774426,418,21,8,4,2,3,2.5,I22,JG069J_214,TaqMan Fast Advanced,50,0.5145606564960333,2.0589566230773926,0.031568602
420,JG069J,215,FAM,#NAME?,FALSE,I23,0,FAM,UNKNOWN,,23.744778,420,22,8,4,2,2.5,2.5,I23,JG069J_215,TaqMan Fast Advanced,50,0.5222990135023377,2.084686756134033,-0.001384757
422,JG069J,216,FAM,#NAME?,FALSE,I24,0,FAM,UNKNOWN,,23.99815,422,23,8,4,2,2,2.5,I24,JG069J_216,TaqMan Fast Advanced,50,0.49616530339420567,2.0340285301208496,-0.044497155
424,JG069J,217,FAM,#NAME?,FALSE,J1,0,FAM,UNKNOWN,,23.327477,424,0,9,4,4,3.5,2,J1,JG069J_217,TaqMan Fast Advanced,50,0.7393034599913951,2.4177205562591553,0.36600146697150565
426,JG069J,218,FAM,#NAME?,FALSE,J2,0,FAM,UNKNOWN,,23.678314,426,1,9,4,4,3,2,J2,JG069J_218,TaqMan Fast Advanced,50,0.6560916692068235,2.2959744930267334,0.23202956703241112
428,JG069J,219,FAM,#NAME?,FALSE,J3,0,FAM,UNKNOWN,,23.753843,428,2,9,4,4,2.5,2,J3,JG069J_219,TaqMan Fast Advanced,50,0.6984555764747017,2.3645849227905273,0.2964968897154235
430,JG069J,220,FAM,#NAME?,FALSE,J4,0,FAM,UNKNOWN,,23.700407,430,3,9,4,4,2,2,J4,JG069J_220,TaqMan Fast Advanced,50,0.6638009710855398,2.3090713024139404,0.2213632123200467
432,JG069J,221,FAM,#NAME?,FALSE,J5,0,FAM,UNKNOWN,,23.841154,432,4,9,4,4,1.5,2,J5,JG069J_221,TaqMan Fast Advanced,50,0.6708340261854498,2.2958202362060547,0.15308763673465287
434,JG069J,222,FAM,#NAME?,FALSE,J6,0,FAM,UNKNOWN,,23.27624,434,5,9,4,3.5,3.5,2,J6,JG069J_222,TaqMan Fast Advanced,50,0.7663128302026289,2.4355733394622803,0.36362628766139016
436,JG069J,223,FAM,#NAME?,FALSE,J7,0,FAM,UNKNOWN,,23.634796,436,6,9,4,3.5,3,2,J7,JG069J_223,TaqMan Fast Advanced,50,0.7378847810296231,2.415879249572754,0.39200411577650945
438,JG069J,224,FAM,#NAME?,FALSE,J8,0,FAM,UNKNOWN,,23.910194,438,7,9,4,3.5,2.5,2,J8,JG069J_224,TaqMan Fast Advanced,50,0.69484155,2.329641580581665,0.3142748124897204
440,JG069J,225,FAM,#NAME?,FALSE,J9,0,FAM,UNKNOWN,,23.861547,440,8,9,4,3.5,2,2,J9,JG069J_225,TaqMan Fast Advanced,50,0.6737530553086986,2.3102734088897705,0.20591072613219147
442,JG069J,226,FAM,#NAME?,FALSE,J10,0,FAM,UNKNOWN,,24.041393,442,9,9,4,3.5,1.5,2,J10,JG069J_226,TaqMan Fast Advanced,50,0.5843052993389111,2.157886505126953,-0.025430866
444,JG069J,227,FAM,#NAME?,FALSE,J11,0,FAM,UNKNOWN,,23.235998,444,10,9,4,3,3.5,2,J11,JG069J_227,TaqMan Fast Advanced,50,0.7469471350332046,2.4222254753112793,0.3348303328856852
446,JG069J,228,FAM,#NAME?,FALSE,J12,0,FAM,UNKNOWN,,23.84496,446,11,9,4,3,3,2,J12,JG069J_228,TaqMan Fast Advanced,50,0.6984451322301313,2.340515137,0.17296125878394386
448,JG069J,229,FAM,#NAME?,FALSE,J13,0,FAM,UNKNOWN,,23.870909,448,12,9,4,3,2.5,2,J13,JG069J_229,TaqMan Fast Advanced,50,0.6394698056528325,2.2553951740264893,0.19437616032960714
450,JG069J,230,FAM,#NAME?,FALSE,J14,0,FAM,UNKNOWN,,23.906952,450,13,9,4,3,2,2,J14,JG069J_230,TaqMan Fast Advanced,50,0.6724244164249454,2.299046754837036,0.24663854097840848
452,JG069J,231,FAM,#NAME?,FALSE,J15,0,FAM,UNKNOWN,,24.292511,452,14,9,4,3,1.5,2,J15,JG069J_231,TaqMan Fast Advanced,50,0.569178282,2.0922634601593018,0.061377483
454,JG069J,232,FAM,#NAME?,FALSE,J16,0,FAM,UNKNOWN,,23.336002,454,15,9,4,2.5,3.5,2,J16,JG069J_232,TaqMan Fast Advanced,50,0.6926411321403174,2.333932638168335,0.28346667769572925
456,JG069J,233,FAM,#NAME?,FALSE,J17,0,FAM,UNKNOWN,,24.09972,456,16,9,4,2.5,3,2,J17,JG069J_233,TaqMan Fast Advanced,50,0.5870643230205591,2.178441286087036,0.14196773597999884
458,JG069J,234,FAM,#NAME?,FALSE,J18,0,FAM,UNKNOWN,,23.985716,458,17,9,4,2.5,2.5,2,J18,JG069J_234,TaqMan Fast Advanced,50,0.6479079511215325,2.2600345611572266,0.29700248550116837
460,JG069J,235,FAM,#NAME?,FALSE,J19,0,FAM,UNKNOWN,,24.121504,460,18,9,4,2.5,2,2,J19,JG069J_235,TaqMan Fast Advanced,50,0.5969289962839724,2.1735169887542725,0.13277065646645153
462,JG069J,236,FAM,#NAME?,FALSE,J20,0,FAM,UNKNOWN,,24.037785,462,19,9,4,2.5,1.5,2,J20,JG069J_236,TaqMan Fast Advanced,50,0.582161205,2.1549580097198486,0.16192832372481986
464,JG069J,237,FAM,#NAME?,FALSE,J21,0,FAM,UNKNOWN,,23.462702,464,20,9,4,2,3.5,2,J21,JG069J_237,TaqMan Fast Advanced,50,0.6029370660302621,2.1897287368774414,0.20655376497557693
466,JG069J,238,FAM,#NAME?,FALSE,J22,0,FAM,UNKNOWN,,23.713907,466,21,9,4,2,3,2,J22,JG069J_238,TaqMan Fast Advanced,50,0.5192746318539819,2.071105718612671,-0.027479612
468,JG069J,239,FAM,#NAME?,FALSE,J23,0,FAM,UNKNOWN,,23.83822,468,22,9,4,2,2.5,2,J23,JG069J_239,TaqMan Fast Advanced,50,0.6514214354430096,2.2870655059814453,0.26864442668881505
470,JG069J,240,FAM,#NAME?,FALSE,J24,0,FAM,UNKNOWN,,23.891302,470,23,9,4,2,2,2,J24,JG069J_240,TaqMan Fast Advanced,50,0.5407400631836831,2.106668710708618,0.006459085
472,JG069J,241,FAM,#NAME?,FALSE,K1,0,FAM,UNKNOWN,,23.219704,472,0,10,3,4,3.5,4,K1,JG069J_241,TaqMan Fast Advanced,50,0.7604983906834796,2.450731039047241,0.49006545732107865
474,JG069J,242,FAM,#NAME?,FALSE,K2,0,FAM,UNKNOWN,,23.644098,474,1,10,3,4,3,4,K2,JG069J_242,TaqMan Fast Advanced,50,0.7210898483016572,2.3774900436401367,0.42771198565096946
476,JG069J,243,FAM,#NAME?,FALSE,K3,0,FAM,UNKNOWN,,23.737625,476,2,10,3,4,2.5,4,K3,JG069J_243,TaqMan Fast Advanced,50,0.6659057921339063,2.2985055446624756,0.4120341244064704
478,JG069J,244,FAM,#NAME?,FALSE,K4,0,FAM,UNKNOWN,,23.71805,478,3,10,3,4,2,4,K4,JG069J_244,TaqMan Fast Advanced,50,0.6372274663100042,2.262136697769165,0.3918750485276006
480,JG069J,245,FAM,#NAME?,FALSE,K5,0,FAM,UNKNOWN,,23.764889,480,4,10,3,4,1.5,4,K5,JG069J_245,TaqMan Fast Advanced,50,0.6954539275504663,2.3334195613861084,0.3855795809965589
482,JG069J,246,FAM,#NAME?,FALSE,K6,0,FAM,UNKNOWN,,23.32989,482,5,10,3,3.5,3.5,4,K6,JG069J_246,TaqMan Fast Advanced,50,0.7506555882171336,2.415654182434082,0.5059421717359467
484,JG069J,247,FAM,#NAME?,FALSE,K7,0,FAM,UNKNOWN,,23.749039,484,6,10,3,3.5,3,4,K7,JG069J_247,TaqMan Fast Advanced,50,0.7299258910786057,2.374352216720581,0.4817405081449825
486,JG069J,248,FAM,#NAME?,FALSE,K8,0,FAM,UNKNOWN,,23.858707,486,7,10,3,3.5,2.5,4,K8,JG069J_248,TaqMan Fast Advanced,50,0.7141797502257707,2.362161398,0.45586906758299656
488,JG069J,249,FAM,#NAME?,FALSE,K9,0,FAM,UNKNOWN,,23.885489,488,8,10,3,3.5,2,4,K9,JG069J_249,TaqMan Fast Advanced,50,0.711309711,2.3594865798950195,0.3959327271657803
490,JG069J,250,FAM,#NAME?,FALSE,K10,0,FAM,UNKNOWN,,23.964403,490,9,10,3,3.5,1.5,4,K10,JG069J_250,TaqMan Fast Advanced,50,0.5990943785420958,2.177992105484009,0.2636996565804739
492,JG069J,251,FAM,#NAME?,FALSE,K11,0,FAM,UNKNOWN,,23.309692,492,10,10,3,3,3.5,4,K11,JG069J_251,TaqMan Fast Advanced,50,0.6674184163292283,2.3051741123199463,0.31547687238204053
494,JG069J,252,FAM,#NAME?,FALSE,K12,0,FAM,UNKNOWN,,23.73229,494,11,10,3,3,3,4,K12,JG069J_252,TaqMan Fast Advanced,50,0.6898417038223436,2.3333613872528076,0.3802820936159694
496,JG069J,253,FAM,#NAME?,FALSE,K13,0,FAM,UNKNOWN,,23.984468,496,12,10,3,3,2.5,4,K13,JG069J_253,TaqMan Fast Advanced,50,0.6354367960039251,2.247826337814331,0.3446484485555712
498,JG069J,254,FAM,#NAME?,FALSE,K14,0,FAM,UNKNOWN,,23.983625,498,13,10,3,3,2,4,K14,JG069J_254,TaqMan Fast Advanced,50,0.6472177449766542,2.263422727584839,0.36355765369078014
500,JG069J,255,FAM,#NAME?,FALSE,K15,0,FAM,UNKNOWN,,24.090746,500,14,10,3,3,1.5,4,K15,JG069J_255,TaqMan Fast Advanced,50,0.6004917789806973,2.190326214,0.32754280939895897
502,JG069J,256,FAM,#NAME?,FALSE,K16,0,FAM,UNKNOWN,,23.506168,502,15,10,3,2.5,3.5,4,K16,JG069J_256,TaqMan Fast Advanced,50,0.6824556149580593,2.3079111576080322,0.39633575464870446
504,JG069J,257,FAM,#NAME?,FALSE,K17,0,FAM,UNKNOWN,,23.805878,504,16,10,3,2.5,3,4,K17,JG069J_257,TaqMan Fast Advanced,50,0.6427310631532651,2.243983745574951,0.38647655870569453
506,JG069J,258,FAM,#NAME?,FALSE,K18,0,FAM,UNKNOWN,,24.006384,506,17,10,3,2.5,2.5,4,K18,JG069J_258,TaqMan Fast Advanced,50,0.6330380144933467,2.234041213989258,0.29580822733235146
508,JG069J,259,FAM,#NAME?,FALSE,K19,0,FAM,UNKNOWN,,24.071398,508,18,10,3,2.5,2,4,K19,JG069J_259,TaqMan Fast Advanced,50,0.5313678102902601,2.0731916427612305,0.2357459837306436
510,JG069J,260,FAM,#NAME?,FALSE,K20,0,FAM,UNKNOWN,,24.097775,510,19,10,3,2.5,1.5,4,K20,JG069J_260,TaqMan Fast Advanced,50,0.5315718510553263,2.0814948081970215,0.2248582975558891
512,JG069J,261,FAM,#NAME?,FALSE,K21,0,FAM,UNKNOWN,,23.529844,512,20,10,3,2,3.5,4,K21,JG069J_261,TaqMan Fast Advanced,50,0.5736593156856803,2.1473562717437744,0.3070288351874893
514,JG069J,262,FAM,#NAME?,FALSE,K22,0,FAM,UNKNOWN,,23.723839,514,21,10,3,2,3,4,K22,JG069J_262,TaqMan Fast Advanced,50,0.47302342876151476,2.0023584365844727,0.082467661
516,JG069J,263,FAM,#NAME?,FALSE,K23,0,FAM,UNKNOWN,,23.893625,516,22,10,3,2,2.5,4,K23,JG069J_263,TaqMan Fast Advanced,50,0.4728832091202553,1.9997836351394653,0.12044697246508873
518,JG069J,264,FAM,#NAME?,FALSE,K24,0,FAM,UNKNOWN,,23.8959,518,23,10,3,2,2,4,K24,JG069J_264,TaqMan Fast Advanced,50,0.5201793615303765,2.0894343852996826,0.13842060721940164
520,JG069J,265,FAM,#NAME?,FALSE,L1,0,FAM,UNKNOWN,,23.146605,520,0,11,3,4,3.5,3.5,L1,JG069J_265,TaqMan Fast Advanced,50,0.8020650057967965,2.5454463958740234,0.5429353106777515
522,JG069J,266,FAM,#NAME?,FALSE,L2,0,FAM,UNKNOWN,,23.469406,522,1,11,3,4,3,3.5,L2,JG069J_266,TaqMan Fast Advanced,50,0.7883337614799474,2.4895105361938477,0.6145053179949372
524,JG069J,267,FAM,#NAME?,FALSE,L3,0,FAM,UNKNOWN,,23.732697,524,2,11,3,4,2.5,3.5,L3,JG069J_267,TaqMan Fast Advanced,50,0.7644949201125318,2.453997850418091,0.48547684050964246
526,JG069J,268,FAM,#NAME?,FALSE,L4,0,FAM,UNKNOWN,,23.918278,526,3,11,3,4,2,3.5,L4,JG069J_268,TaqMan Fast Advanced,50,0.5484774812191753,2.116281270980835,0.35112551284347715
528,JG069J,269,FAM,#NAME?,FALSE,L5,0,FAM,UNKNOWN,,23.791426,528,4,11,3,4,1.5,3.5,L5,JG069J_269,TaqMan Fast Advanced,50,0.5633525316268603,2.1477272510528564,0.13108242599152659
530,JG069J,270,FAM,#NAME?,FALSE,L6,0,FAM,UNKNOWN,,23.369455,530,5,11,3,3.5,3.5,3.5,L6,JG069J_270,TaqMan Fast Advanced,50,0.7544088904992319,2.4179248809814453,0.5270072886829827
532,JG069J,271,FAM,#NAME?,FALSE,L7,0,FAM,UNKNOWN,,23.638474,532,6,11,3,3.5,3,3.5,L7,JG069J_271,TaqMan Fast Advanced,50,0.7457792094305875,2.4159770011901855,0.514726023
534,JG069J,272,FAM,#NAME?,FALSE,L8,0,FAM,UNKNOWN,,23.856153,534,7,11,3,3.5,2.5,3.5,L8,JG069J_272,TaqMan Fast Advanced,50,0.7261874967638612,2.381967544555664,0.5008316035525491
536,JG069J,273,FAM,#NAME?,FALSE,L9,0,FAM,UNKNOWN,,23.833601,536,8,11,3,3.5,2,3.5,L9,JG069J_273,TaqMan Fast Advanced,50,0.7389420717944113,2.3926401138305664,0.48657322878709586
538,JG069J,274,FAM,#NAME?,FALSE,L10,0,FAM,UNKNOWN,,23.78016,538,9,11,3,3.5,1.5,3.5,L10,JG069J_274,TaqMan Fast Advanced,50,0.6978223971571392,2.3320274353027344,0.444870153
540,JG069J,275,FAM,#NAME?,FALSE,L11,0,FAM,UNKNOWN,,23.440449,540,10,11,3,3,3.5,3.5,L11,JG069J_275,TaqMan Fast Advanced,50,0.6999846832192005,2.350663900375366,0.4265093563571763
542,JG069J,276,FAM,#NAME?,FALSE,L12,0,FAM,UNKNOWN,,23.680273,542,11,11,3,3,3,3.5,L12,JG069J_276,TaqMan Fast Advanced,50,0.6910371099707254,2.325406312942505,0.39967515504936435
544,JG069J,277,FAM,#NAME?,FALSE,L13,0,FAM,UNKNOWN,,23.806204,544,12,11,3,3,2.5,3.5,L13,JG069J_277,TaqMan Fast Advanced,50,0.6535204493180464,2.289865732192993,0.3916477398207001
546,JG069J,278,FAM,#NAME?,FALSE,L14,0,FAM,UNKNOWN,,23.93451,546,13,11,3,3,2,3.5,L14,JG069J_278,TaqMan Fast Advanced,50,0.6689047782332236,2.289614200592041,0.44609598285285995
548,JG069J,279,FAM,#NAME?,FALSE,L15,0,FAM,UNKNOWN,,24.000896,548,14,11,3,3,1.5,3.5,L15,JG069J_279,TaqMan Fast Advanced,50,0.5968984002812059,2.162104368209839,0.29383647725007056
550,JG069J,280,FAM,#NAME?,FALSE,L16,0,FAM,UNKNOWN,,23.495129,550,15,11,3,2.5,3.5,3.5,L16,JG069J_280,TaqMan Fast Advanced,50,0.680708826,2.302103042602539,0.4372582466340935
552,JG069J,282,FAM,#NAME?,FALSE,L18,0,FAM,UNKNOWN,,23.88525,552,17,11,3,2.5,2.5,3.5,L18,JG069J_282,TaqMan Fast Advanced,50,0.6642121536269695,2.2901360988616943,0.4464226497456795
554,JG069J,283,FAM,#NAME?,FALSE,L19,0,FAM,UNKNOWN,,23.925531,554,18,11,3,2.5,2,3.5,L19,JG069J_283,TaqMan Fast Advanced,50,0.6272406401668013,2.2394559383392334,0.43530440994778336
556,JG069J,284,FAM,#NAME?,FALSE,L20,0,FAM,UNKNOWN,,24.076406,556,19,11,3,2.5,1.5,3.5,L20,JG069J_284,TaqMan Fast Advanced,50,0.49315611381206464,2.020451784133911,0.1757419447418307
558,JG069J,285,FAM,#NAME?,FALSE,L21,0,FAM,UNKNOWN,,23.489689,558,20,11,3,2,3.5,3.5,L21,JG069J_285,TaqMan Fast Advanced,50,0.5792009047325656,2.1681411266326904,0.37462342994274056
560,JG069J,286,FAM,#NAME?,FALSE,L22,0,FAM,UNKNOWN,,23.770872,560,21,11,3,2,3,3.5,L22,JG069J_286,TaqMan Fast Advanced,50,0.5257218558414292,2.0727100372314453,0.25516867749902095
562,JG069J,287,FAM,#NAME?,FALSE,L23,0,FAM,UNKNOWN,,23.761034,562,22,11,3,2,2.5,3.5,L23,JG069J_287,TaqMan Fast Advanced,50,0.49771158608171173,2.062227487564087,0.1658894427868416
564,JG069J,288,FAM,#NAME?,FALSE,L24,0,FAM,UNKNOWN,,23.737276,564,23,11,3,2,2,3.5,L24,JG069J_288,TaqMan Fast Advanced,50,0.4944595786475861,2.079941749572754,-0.072625669
566,JG069J,289,FAM,#NAME?,FALSE,M1,0,FAM,UNKNOWN,,23.080849,566,0,12,3,4,3.5,3,M1,JG069J_289,TaqMan Fast Advanced,50,0.799698385,2.523483991622925,0.5780249922578083
568,JG069J,290,FAM,#NAME?,FALSE,M2,0,FAM,UNKNOWN,,23.495384,568,1,12,3,4,3,3,M2,JG069J_290,TaqMan Fast Advanced,50,0.7818570634394731,2.4846346378326416,0.6142982052712591
570,JG069J,291,FAM,#NAME?,FALSE,M3,0,FAM,UNKNOWN,,23.631176,570,2,12,3,4,2.5,3,M3,JG069J_291,TaqMan Fast Advanced,50,0.8163727396703375,2.5244829654693604,0.621528668
572,JG069J,292,FAM,#NAME?,FALSE,M4,0,FAM,UNKNOWN,,23.615486,572,3,12,3,4,2,3,M4,JG069J_292,TaqMan Fast Advanced,50,0.7762770632635244,2.470395327,0.5640368990119148
574,JG069J,293,FAM,#NAME?,FALSE,M5,0,FAM,UNKNOWN,,23.812176,574,4,12,3,4,1.5,3,M5,JG069J_293,TaqMan Fast Advanced,50,0.6667437248713053,2.3058133125305176,0.4501788615708543
576,JG069J,294,FAM,#NAME?,FALSE,M6,0,FAM,UNKNOWN,,23.351027,576,5,12,3,3.5,3.5,3,M6,JG069J_294,TaqMan Fast Advanced,50,0.7926987382403957,2.4790990352630615,0.581492186
578,JG069J,295,FAM,#NAME?,FALSE,M7,0,FAM,UNKNOWN,,23.834114,578,6,12,3,3.5,3,3,M7,JG069J_295,TaqMan Fast Advanced,50,0.7832783955956933,2.4429290294647217,0.600868223
580,JG069J,296,FAM,#NAME?,FALSE,M8,0,FAM,UNKNOWN,,23.7362,580,7,12,3,3.5,2.5,3,M8,JG069J_296,TaqMan Fast Advanced,50,0.7495898467150374,2.4295921325683594,0.5298283050629373
582,JG069J,297,FAM,#NAME?,FALSE,M9,0,FAM,UNKNOWN,,23.783388,582,8,12,3,3.5,2,3,M9,JG069J_297,TaqMan Fast Advanced,50,0.7873543667706763,2.4818408489227295,0.6165810977248906
584,JG069J,298,FAM,#NAME?,FALSE,M10,0,FAM,UNKNOWN,,23.93906,584,9,12,3,3.5,1.5,3,M10,JG069J_298,TaqMan Fast Advanced,50,0.6228005553718624,2.2183995246887207,0.28730940537772437
586,JG069J,299,FAM,#NAME?,FALSE,M11,0,FAM,UNKNOWN,,23.265707,586,10,12,3,3,3.5,3,M11,JG069J_299,TaqMan Fast Advanced,50,0.7253735872335448,2.3870584964752197,0.46662068773487836
588,JG069J,300,FAM,#NAME?,FALSE,M12,0,FAM,UNKNOWN,,23.78776,588,11,12,3,3,3,3,M12,JG069J_300,TaqMan Fast Advanced,50,0.7230680383017462,2.3775205612182617,0.4932289496004631
590,JG069J,301,FAM,#NAME?,FALSE,M13,0,FAM,UNKNOWN,,23.892933,590,12,12,3,3,2.5,3,M13,JG069J_301,TaqMan Fast Advanced,50,0.6319747191305967,2.245532751083374,0.3512803174352027
592,JG069J,302,FAM,#NAME?,FALSE,M14,0,FAM,UNKNOWN,,24.063725,592,13,12,3,3,2,3,M14,JG069J_302,TaqMan Fast Advanced,50,0.7067038572299792,2.3410868644714355,0.5170599008617134
594,JG069J,303,FAM,#NAME?,FALSE,M15,0,FAM,UNKNOWN,,24.112286,594,14,12,3,3,1.5,3,M15,JG069J_303,TaqMan Fast Advanced,50,0.7307986909321571,2.3713269233703613,0.47212103361973434
596,JG069J,304,FAM,#NAME?,FALSE,M16,0,FAM,UNKNOWN,,23.538105,596,15,12,3,2.5,3.5,3,M16,JG069J_304,TaqMan Fast Advanced,50,0.686821935,2.2993297576904297,0.41643073399542935
598,JG069J,305,FAM,#NAME?,FALSE,M17,0,FAM,UNKNOWN,,23.802786,598,16,12,3,2.5,3,3,M17,JG069J_305,TaqMan Fast Advanced,50,0.7153180043507285,2.3436949253082275,0.4858490969737044
600,JG069J,306,FAM,#NAME?,FALSE,M18,0,FAM,UNKNOWN,,24.211205,600,17,12,3,2.5,2.5,3,M18,JG069J_306,TaqMan Fast Advanced,50,0.6841983447851417,2.285041570663452,0.4047382493132587
602,JG069J,307,FAM,#NAME?,FALSE,M19,0,FAM,UNKNOWN,,23.979822,602,18,12,3,2.5,2,3,M19,JG069J_307,TaqMan Fast Advanced,50,0.6440031711789005,2.2478256225585938,0.45152258621639857
604,JG069J,308,FAM,#NAME?,FALSE,M20,0,FAM,UNKNOWN,,24.131712,604,19,12,3,2.5,1.5,3,M20,JG069J_308,TaqMan Fast Advanced,50,0.59419154,2.1739442348480225,0.31033541344137855
606,JG069J,309,FAM,#NAME?,FALSE,M21,0,FAM,UNKNOWN,,23.304497,606,20,12,3,2,3.5,3,M21,JG069J_309,TaqMan Fast Advanced,50,0.6841142804136751,2.3255538940429688,0.5141081144096973
608,JG069J,310,FAM,#NAME?,FALSE,M22,0,FAM,UNKNOWN,,23.725065,608,21,12,3,2,3,3,M22,JG069J_310,TaqMan Fast Advanced,50,0.6786074814391834,2.3280422687530518,0.4984539345745064
610,JG069J,311,FAM,#NAME?,FALSE,M23,0,FAM,UNKNOWN,,23.976425,610,22,12,3,2,2.5,3,M23,JG069J_311,TaqMan Fast Advanced,50,0.58131527,2.168844699859619,0.264168139
612,JG069J,312,FAM,#NAME?,FALSE,M24,0,FAM,UNKNOWN,,23.899776,612,23,12,3,2,2,3,M24,JG069J_312,TaqMan Fast Advanced,50,0.5936568563525905,2.203507423400879,0.372324639
614,JG069J,313,FAM,#NAME?,FALSE,N1,0,FAM,UNKNOWN,,23.188631,614,0,13,3,4,3.5,2.5,N1,JG069J_313,TaqMan Fast Advanced,50,0.8821268143450105,2.637032985687256,0.7277463473700403
616,JG069J,314,FAM,#NAME?,FALSE,N2,0,FAM,UNKNOWN,,23.504774,616,1,13,3,4,3,2.5,N2,JG069J_314,TaqMan Fast Advanced,50,0.8624505268919146,2.607426643371582,0.7627144510107362
618,JG069J,315,FAM,#NAME?,FALSE,N3,0,FAM,UNKNOWN,,23.642956,618,2,13,3,4,2.5,2.5,N3,JG069J_315,TaqMan Fast Advanced,50,0.8327399350791729,2.5737059116363525,0.7015172607897066
620,JG069J,316,FAM,#NAME?,FALSE,N4,0,FAM,UNKNOWN,,23.680206,620,3,13,3,4,2,2.5,N4,JG069J_316,TaqMan Fast Advanced,50,0.8073456957845223,2.514336109161377,0.6862863442711261
622,JG069J,317,FAM,#NAME?,FALSE,N5,0,FAM,UNKNOWN,,23.713314,622,4,13,3,4,1.5,2.5,N5,JG069J_317,TaqMan Fast Advanced,50,0.7572862630250721,2.442460536956787,0.5337813495211999
624,JG069J,318,FAM,#NAME?,FALSE,N6,0,FAM,UNKNOWN,,23.245537,624,5,13,3,3.5,3.5,2.5,N6,JG069J_318,TaqMan Fast Advanced,50,0.8468291343304982,2.5754857063293457,0.6978774696606211
626,JG069J,319,FAM,#NAME?,FALSE,N7,0,FAM,UNKNOWN,,23.589592,626,6,13,3,3.5,3,2.5,N7,JG069J_319,TaqMan Fast Advanced,50,0.816281009,2.536919116973877,0.7015522610435365
628,JG069J,320,FAM,#NAME?,FALSE,N8,0,FAM,UNKNOWN,,23.435665,628,7,13,3,3.5,2.5,2.5,N8,JG069J_320,TaqMan Fast Advanced,50,0.6789655712002378,2.4109325408935547,0.4801804017932686
630,JG069J,321,FAM,#NAME?,FALSE,N9,0,FAM,UNKNOWN,,23.531448,630,8,13,3,3.5,2,2.5,N9,JG069J_321,TaqMan Fast Advanced,50,0.7774663396178361,2.503493547439575,0.6271250972094653
632,JG069J,322,FAM,#NAME?,FALSE,N10,0,FAM,UNKNOWN,,23.863155,632,9,13,3,3.5,1.5,2.5,N10,JG069J_322,TaqMan Fast Advanced,50,0.7282822058188676,2.3775038719177246,0.5235940237909534
634,JG069J,323,FAM,#NAME?,FALSE,N11,0,FAM,UNKNOWN,,23.24311,634,10,13,3,3,3.5,2.5,N11,JG069J_323,TaqMan Fast Advanced,50,0.8259602720871613,2.5371835231781006,0.6477837693942246
636,JG069J,324,FAM,#NAME?,FALSE,N12,0,FAM,UNKNOWN,,23.582788,636,11,13,3,3,3,2.5,N12,JG069J_324,TaqMan Fast Advanced,50,0.8311729950338026,2.5477826595306396,0.7084918802351199
638,JG069J,325,FAM,#NAME?,FALSE,N13,0,FAM,UNKNOWN,,23.911839,638,12,13,3,3,2.5,2.5,N13,JG069J_325,TaqMan Fast Advanced,50,0.7376997941491881,2.405358315,0.5226764638183858
640,JG069J,326,FAM,#NAME?,FALSE,N14,0,FAM,UNKNOWN,,24.00197,640,13,13,3,3,2,2.5,N14,JG069J_326,TaqMan Fast Advanced,50,0.7366739902056292,2.3931350708007812,0.5732473769950216
642,JG069J,327,FAM,#NAME?,FALSE,N15,0,FAM,UNKNOWN,,23.98038,642,14,13,3,3,1.5,2.5,N15,JG069J_327,TaqMan Fast Advanced,50,0.6620600180801478,2.2883853912353516,0.4174926094450691
644,JG069J,328,FAM,#NAME?,FALSE,N16,0,FAM,UNKNOWN,,23.523384,644,15,13,3,2.5,3.5,2.5,N16,JG069J_328,TaqMan Fast Advanced,50,0.6639225557676073,2.2918105125427246,0.38326944774411986
646,JG069J,329,FAM,#NAME?,FALSE,N17,0,FAM,UNKNOWN,,23.76741,646,16,13,3,2.5,3,2.5,N17,JG069J_329,TaqMan Fast Advanced,50,0.7456482928232193,2.450049877166748,0.5740469851622593
648,JG069J,330,FAM,#NAME?,FALSE,N18,0,FAM,UNKNOWN,,23.955582,648,17,13,3,2.5,2.5,2.5,N18,JG069J_330,TaqMan Fast Advanced,50,0.6693749522178218,2.2894175052642822,0.43124815047876264
650,JG069J,331,FAM,#NAME?,FALSE,N19,0,FAM,UNKNOWN,,23.924938,650,18,13,3,2.5,2,2.5,N19,JG069J_331,TaqMan Fast Advanced,50,0.6948546330411299,2.341968297958374,0.5175077403154844
652,JG069J,332,FAM,#NAME?,FALSE,N20,0,FAM,UNKNOWN,,24.06479,652,19,13,3,2.5,1.5,2.5,N20,JG069J_332,TaqMan Fast Advanced,50,0.5779544474634202,2.2050795555114746,0.2520800729175192
654,JG069J,333,FAM,#NAME?,FALSE,N21,0,FAM,UNKNOWN,,23.519104,654,20,13,3,2,3.5,2.5,N21,JG069J_333,TaqMan Fast Advanced,50,0.5724352059218607,2.198866844177246,0.3522390118298724
656,JG069J,334,FAM,#NAME?,FALSE,N22,0,FAM,UNKNOWN,,24.046547,656,21,13,3,2,3,2.5,N22,JG069J_334,TaqMan Fast Advanced,50,0.5942393216158347,2.247701883,0.39595330317168725
658,JG069J,335,FAM,#NAME?,FALSE,N23,0,FAM,UNKNOWN,,23.820583,658,22,13,3,2,2.5,2.5,N23,JG069J_335,TaqMan Fast Advanced,50,0.6762264922216837,2.3429930210113525,0.5184892608302818
660,JG069J,336,FAM,#NAME?,FALSE,N24,0,FAM,UNKNOWN,,23.821707,660,23,13,3,2,2,2.5,N24,JG069J_336,TaqMan Fast Advanced,50,0.6041867206154032,2.2301437854766846,0.3549978283683075
662,JG069J,337,FAM,#NAME?,FALSE,O1,0,FAM,UNKNOWN,,23.261105,662,0,14,3,4,3.5,2,O1,JG069J_337,TaqMan Fast Advanced,50,0.8774984779403519,2.6296792030334473,0.7877286297738032
664,JG069J,338,FAM,#NAME?,FALSE,O2,0,FAM,UNKNOWN,,23.417257,664,1,14,3,4,3,2,O2,JG069J_338,TaqMan Fast Advanced,50,1,2.8131203651428223,0.948094731
666,JG069J,339,FAM,#NAME?,FALSE,O3,0,FAM,UNKNOWN,,23.69128,666,2,14,3,4,2.5,2,O3,JG069J_339,TaqMan Fast Advanced,50,0.8728076638624327,2.625880241394043,0.8123137774773482
668,JG069J,340,FAM,#NAME?,FALSE,O4,0,FAM,UNKNOWN,,23.706959,668,3,14,3,4,2,2,O4,JG069J_340,TaqMan Fast Advanced,50,0.7835525943337387,2.484745740890503,0.6433320106643134
670,JG069J,341,FAM,#NAME?,FALSE,O5,0,FAM,UNKNOWN,,23.777044,670,4,14,3,4,1.5,2,O5,JG069J_341,TaqMan Fast Advanced,50,0.8092017040134121,2.515887498855591,0.6771301432859196
672,JG069J,342,FAM,#NAME?,FALSE,O6,0,FAM,UNKNOWN,,23.225538,672,5,14,3,3.5,3.5,2,O6,JG069J_342,TaqMan Fast Advanced,50,0.9747495050985802,2.7684519290924072,0.8665579926126938
674,JG069J,343,FAM,#NAME?,FALSE,O7,0,FAM,UNKNOWN,,23.650703,674,6,14,3,3.5,3,2,O7,JG069J_343,TaqMan Fast Advanced,50,0.9141258754512422,2.6716301441192627,0.9141258754512422
676,JG069J,344,FAM,#NAME?,FALSE,O8,0,FAM,UNKNOWN,,23.761154,676,7,14,3,3.5,2.5,2,O8,JG069J_344,TaqMan Fast Advanced,50,0.8099134342584425,2.5221989154815674,0.7734363951068067
678,JG069J,345,FAM,#NAME?,FALSE,O9,0,FAM,UNKNOWN,,23.768068,678,8,14,3,3.5,2,2,O9,JG069J_345,TaqMan Fast Advanced,50,0.8460718423325283,2.5791397094726562,0.7468722
680,JG069J,346,FAM,#NAME?,FALSE,O10,0,FAM,UNKNOWN,,23.915337,680,9,14,3,3.5,1.5,2,O10,JG069J_346,TaqMan Fast Advanced,50,0.8065994740116642,2.511568546295166,0.7146871877273144
682,JG069J,347,FAM,#NAME?,FALSE,O11,0,FAM,UNKNOWN,,23.288467,682,10,14,3,3,3.5,2,O11,JG069J_347,TaqMan Fast Advanced,50,0.8899347755722766,2.631920337677002,0.8105622902895194
684,JG069J,348,FAM,#NAME?,FALSE,O12,0,FAM,UNKNOWN,,23.57577,684,11,14,3,3,3,2,O12,JG069J_348,TaqMan Fast Advanced,50,0.8436806448169699,2.574524402618408,0.7254203099404561
686,JG069J,350,FAM,#NAME?,FALSE,O14,0,FAM,UNKNOWN,,24.055769,686,13,14,3,3,2,2,O14,JG069J_350,TaqMan Fast Advanced,50,0.7481084878401378,2.395662307739258,0.5825206990513131
688,JG069J,351,FAM,#NAME?,FALSE,O15,0,FAM,UNKNOWN,,23.99744,688,14,14,3,3,1.5,2,O15,JG069J_351,TaqMan Fast Advanced,50,0.6956578671955991,2.323106527328491,0.5372945250717992
690,JG069J,354,FAM,#NAME?,FALSE,O18,0,FAM,UNKNOWN,,24.075754,690,17,14,3,2.5,2.5,2,O18,JG069J_354,TaqMan Fast Advanced,50,0.7320193192811199,2.3922877311706543,0.5669416991914707
692,JG069J,355,FAM,#NAME?,FALSE,O19,0,FAM,UNKNOWN,,23.895372,692,18,14,3,2.5,2,2,O19,JG069J_355,TaqMan Fast Advanced,50,0.6970841686742705,2.3438730239868164,0.6009250018139332
694,JG069J,356,FAM,#NAME?,FALSE,O20,0,FAM,UNKNOWN,,23.904089,694,19,14,3,2.5,1.5,2,O20,JG069J_356,TaqMan Fast Advanced,50,0.7104859883236235,2.3682055473327637,0.5379553081074921
696,JG069J,357,FAM,#NAME?,FALSE,O21,0,FAM,UNKNOWN,,23.43535,696,20,14,3,2,3.5,2,O21,JG069J_357,TaqMan Fast Advanced,50,0.7232347321046694,2.386935234069824,0.5648151410565491
698,JG069J,358,FAM,#NAME?,FALSE,O22,0,FAM,UNKNOWN,,23.683268,698,21,14,3,2,3,2,O22,JG069J_358,TaqMan Fast Advanced,50,0.7802379743997746,2.478651523590088,0.5811398227127513
700,JG069J,359,FAM,#NAME?,FALSE,O23,0,FAM,UNKNOWN,,23.972557,700,22,14,3,2,2.5,2,O23,JG069J_359,TaqMan Fast Advanced,50,0.72288531,2.382128953933716,0.5609444099823175
702,JG069J,360,FAM,#NAME?,FALSE,O24,0,FAM,UNKNOWN,,23.816692,702,23,14,3,2,2,2,O24,JG069J_360,TaqMan Fast Advanced,50,0.6882805276131886,2.353515386581421,0.46649712171094704