,Experiment,Well,Target,lg10_Copies,Outlier,WellPosition,Copies,Reporter,Sample,Task,Comments,CT,Reaction,L2_500,S037.01.01b,S036.1b,lg10 L2_500,lg10 S037.01.01b,lg10 S036.1b,Cycle,Fluorescence,Corr_Fluorescence,FAM-HEX
0,JG074C,1,FAM,#NAME?,FALSE,A1,0,FAM,JG074C.001,UNKNOWN,,10.509473,0,100000000,100,100,8,2,2,50,0.5845644433398427,1.2997419834136963,0.1498054880891143
2,JG074C,2,FAM,#NAME?,FALSE,A2,0,FAM,JG074C.002,UNKNOWN,,10.68849,2,100000000,100,10000,8,2,4,50,0.6384792126347977,1.402214765548706,0.22724205327249153
4,JG074C,3,FAM,#NAME?,FALSE,A3,0,FAM,JG074C.003,UNKNOWN,,10.527065,4,100000000,100,100000,8,2,5,50,0.6169602030323234,1.340921164,0.1883940825179416
6,JG074C,4,FAM,#NAME?,FALSE,A4,0,FAM,JG074C.004,UNKNOWN,,10.795128,6,100000000,100,1000000,8,2,6,50,0.584787688,1.2620606422424316,0.11820414857465544
8,JG074C,5,FAM,#NAME?,FALSE,A5,0,FAM,JG074C.005,UNKNOWN,,11.8296,8,100000000,100,100000000,8,2,8,50,0.25318884312529727,0.48847833275794983,-0.718520523
10,JG074C,6,FAM,#NAME?,FALSE,A6,0,FAM,JG074C.006,UNKNOWN,,10.922884,10,100000000,10000,100,8,4,2,50,0.5198655049820483,1.0933237075805664,0.076158232
12,JG074C,7,FAM,#NAME?,FALSE,A7,0,FAM,JG074C.007,UNKNOWN,,10.60158,12,100000000,10000,10000,8,4,4,50,0.6118775123077724,1.3089516162872314,0.18151281436991967
14,JG074C,8,FAM,#NAME?,FALSE,A8,0,FAM,JG074C.008,UNKNOWN,,10.892655,14,100000000,10000,100000,8,4,5,50,0.5886390403723047,1.2621681690216064,0.15206455909870725
16,JG074C,9,FAM,#NAME?,FALSE,A9,0,FAM,JG074C.009,UNKNOWN,,10.935749,16,100000000,10000,1000000,8,4,6,50,0.5929378974609459,1.2297002077102661,0.11001387333902585
18,JG074C,10,FAM,#NAME?,FALSE,A10,0,FAM,JG074C.010,UNKNOWN,,11.887205,18,100000000,10000,100000000,8,4,8,50,0.2502131574248029,0.4719361662864685,-0.735714222
20,JG074C,11,FAM,#NAME?,FALSE,A11,0,FAM,JG074C.011,UNKNOWN,,10.605679,20,100000000,100000,100,8,5,2,50,0.5498689662685096,1.1696051359176636,0.10314616116211672
22,JG074C,12,FAM,#NAME?,FALSE,A12,0,FAM,JG074C.012,UNKNOWN,,10.870542,22,100000000,100000,10000,8,5,4,50,0.6102242520698238,1.2726072072982788,0.17920910244886512
24,JG074C,13,FAM,#NAME?,FALSE,A13,0,FAM,JG074C.013,UNKNOWN,,10.79961,24,100000000,100000,100000,8,5,5,50,0.589481941,1.2284350395202637,0.14820835659939724
26,JG074C,14,FAM,#NAME?,FALSE,A14,0,FAM,JG074C.014,UNKNOWN,,10.661239,26,100000000,100000,1000000,8,5,6,50,0.585923895,1.275382161140442,0.10554568873698744
28,JG074C,15,FAM,#NAME?,FALSE,A15,0,FAM,JG074C.015,UNKNOWN,,11.871068,28,100000000,100000,100000000,8,5,8,50,0.28143832824496007,0.5060362815856934,-0.717250128
30,JG074C,16,FAM,#NAME?,FALSE,A16,0,FAM,JG074C.016,UNKNOWN,,11.081139,30,100000000,1000000,100,8,6,2,50,0.5863920473150033,1.2384510040283203,0.14967695130552888
32,JG074C,17,FAM,#NAME?,FALSE,A17,0,FAM,JG074C.017,UNKNOWN,,10.910834,32,100000000,1000000,10000,8,6,4,50,0.6481989266977155,1.3874256610870361,0.2321787136921446
34,JG074C,18,FAM,#NAME?,FALSE,A18,0,FAM,JG074C.018,UNKNOWN,,10.629962,34,100000000,1000000,100000,8,6,5,50,0.631944679,1.3534269332885742,0.20700464338434982
36,JG074C,19,FAM,#NAME?,FALSE,A19,0,FAM,JG074C.019,UNKNOWN,,10.746877,36,100000000,1000000,1000000,8,6,6,50,0.6422893510894507,1.3915972709655762,0.17640370665282745
38,JG074C,20,FAM,#NAME?,FALSE,A20,0,FAM,JG074C.020,UNKNOWN,,12.419203,38,100000000,1000000,100000000,8,6,8,50,0.3165592624313213,0.582239568,-0.666586229
40,JG074C,22,FAM,#NAME?,FALSE,A22,0,FAM,JG074C.022,UNKNOWN,,8.674422,42,100000000,100000000,10000,8,8,4,50,0.7981023285337466,1.7292176485061646,0.4909086693558596
42,JG074C,23,FAM,#NAME?,FALSE,A23,0,FAM,JG074C.023,UNKNOWN,,7.8019066,44,100000000,100000000,100000,8,8,5,50,0.8421313522273466,2.001122475,0.5218003872419859
44,JG074C,24,FAM,#NAME?,FALSE,A24,0,FAM,JG074C.024,UNKNOWN,,7.8254275,46,100000000,100000000,1000000,8,8,6,50,0.8398743059457777,1.9957729578018188,0.47683620344952765
46,JG074C,25,FAM,#NAME?,FALSE,B1,0,FAM,JG074C.025,UNKNOWN,,11.844189,48,31622776,100,100,7.499999991736717,2,2,50,0.5972658264807741,1.2918704748153687,0.17480932043147562
48,JG074C,26,FAM,#NAME?,FALSE,B2,0,FAM,JG074C.026,UNKNOWN,,11.58438,50,31622776,100,10000,7.499999991736717,2,4,50,0.6522200502884832,1.464013934135437,0.23938369788531277
50,JG074C,27,FAM,#NAME?,FALSE,B3,0,FAM,JG074C.027,UNKNOWN,,11.906024,52,31622776,100,100000,7.499999991736717,2,5,50,0.6236078855996108,1.3473581075668335,0.21116556732501407
52,JG074C,28,FAM,#NAME?,FALSE,B4,0,FAM,JG074C.028,UNKNOWN,,11.840436,54,31622776,100,1000000,7.499999991736717,2,6,50,0.6184545938954216,1.357832908630371,0.093325709
54,JG074C,29,FAM,#NAME?,FALSE,B5,0,FAM,JG074C.029,UNKNOWN,,15.0434475,56,31622776,100,100000000,7.499999991736717,2,8,50,0.17296003563831266,0.3234834372997284,-0.822936627
56,JG074C,30,FAM,#NAME?,FALSE,B6,0,FAM,JG074C.030,UNKNOWN,,11.648116,58,31622776,10000,100,7.499999991736717,4,2,50,0.5911645112558097,1.2985154390335083,0.1344343261882457
58,JG074C,31,FAM,#NAME?,FALSE,B7,0,FAM,JG074C.031,UNKNOWN,,11.932056,60,31622776,10000,10000,7.499999991736717,4,4,50,0.6268223138132962,1.3169806003570557,0.21453975500387418
60,JG074C,32,FAM,#NAME?,FALSE,B8,0,FAM,JG074C.032,UNKNOWN,,11.950543,62,31622776,10000,100000,7.499999991736717,4,5,50,0.6205814306373847,1.3574488162994385,0.20144734566532058
62,JG074C,33,FAM,#NAME?,FALSE,B9,0,FAM,JG074C.033,UNKNOWN,,11.62828,64,31622776,10000,1000000,7.499999991736717,4,6,50,0.6109195984843814,1.3388415575027466,0.11269392673709522
64,JG074C,34,FAM,#NAME?,FALSE,B10,0,FAM,JG074C.034,UNKNOWN,,14.839334,66,31622776,10000,100000000,7.499999991736717,4,8,50,0.17640902950127765,0.309040904,-0.786818673
66,JG074C,35,FAM,#NAME?,FALSE,B11,0,FAM,JG074C.035,UNKNOWN,,11.874481,68,31622776,100000,100,7.499999991736717,5,2,50,0.5720176393036026,1.214069128036499,0.13437946884990037
68,JG074C,36,FAM,#NAME?,FALSE,B12,0,FAM,JG074C.036,UNKNOWN,,11.912149,70,31622776,100000,10000,7.499999991736717,5,4,50,0.6265550168847528,1.330765724182129,0.20653348735889193
70,JG074C,37,FAM,#NAME?,FALSE,B13,0,FAM,JG074C.037,UNKNOWN,,11.983538,72,31622776,100000,100000,7.499999991736717,5,5,50,0.609596382,1.2816239595413208,0.18234590634446401
72,JG074C,38,FAM,#NAME?,FALSE,B14,0,FAM,JG074C.038,UNKNOWN,,11.927616,74,31622776,100000,1000000,7.499999991736717,5,6,50,0.6125195050759679,1.2939670085906982,0.1070549862717588
74,JG074C,39,FAM,#NAME?,FALSE,B15,0,FAM,JG074C.039,UNKNOWN,,14.515905,76,31622776,100000,100000000,7.499999991736717,5,8,50,0.20489871544264054,0.3650989532470703,-0.795101285
76,JG074C,40,FAM,#NAME?,FALSE,B16,0,FAM,JG074C.040,UNKNOWN,,11.772091,78,31622776,1000000,100,7.499999991736717,6,2,50,0.6404856726380114,1.3976017236709595,0.20685073298837037
78,JG074C,41,FAM,#NAME?,FALSE,B17,0,FAM,JG074C.041,UNKNOWN,,11.884796,80,31622776,1000000,10000,7.499999991736717,6,4,50,0.68953575,1.4626797437667847,0.298145013
80,JG074C,42,FAM,#NAME?,FALSE,B18,0,FAM,JG074C.042,UNKNOWN,,11.4968405,82,31622776,1000000,100000,7.499999991736717,6,5,50,0.6499819220857549,1.4024630784988403,0.2356395996131641
82,JG074C,43,FAM,#NAME?,FALSE,B19,0,FAM,JG074C.043,UNKNOWN,,11.88262,84,31622776,1000000,1000000,7.499999991736717,6,6,50,0.659644446,1.4064538478851318,0.17273608975444044
84,JG074C,44,FAM,#NAME?,FALSE,B20,0,FAM,JG074C.044,UNKNOWN,,14.462471,86,31622776,1000000,100000000,7.499999991736717,6,8,50,0.275665755,0.49565544724464417,-0.647239246
86,JG074C,46,FAM,#NAME?,FALSE,B22,0,FAM,JG074C.046,UNKNOWN,,8.937183,90,31622776,100000000,10000,7.499999991736717,8,4,50,0.8528498287246206,1.790501356124878,0.5627467
88,JG074C,47,FAM,#NAME?,FALSE,B23,0,FAM,JG074C.047,UNKNOWN,,7.9451003,92,31622776,100000000,100000,7.499999991736717,8,5,50,0.8481038970539613,2.0107204914093018,0.5686509752191784
90,JG074C,48,FAM,#NAME?,FALSE,B24,0,FAM,JG074C.048,UNKNOWN,,7.988505,94,31622776,100000000,1000000,7.499999991736717,8,6,50,0.8424547788594142,1.9972587823867798,0.46899208468542547
92,JG074C,49,FAM,#NAME?,FALSE,C1,0,FAM,JG074C.049,UNKNOWN,,13.536825,96,10000000,100,100,7,2,2,50,0.5959116648388562,1.2917308807373047,0.20347252620473627
94,JG074C,50,FAM,#NAME?,FALSE,C2,0,FAM,JG074C.050,UNKNOWN,,12.999003,98,10000000,100,10000,7,2,4,50,0.6786104524142593,1.5032981634140015,0.3140440194252089
96,JG074C,51,FAM,#NAME?,FALSE,C3,0,FAM,JG074C.051,UNKNOWN,,13.129547,100,10000000,100,100000,7,2,5,50,0.6289670128379067,1.3726160526275635,0.24156061514302818
98,JG074C,52,FAM,#NAME?,FALSE,C4,0,FAM,JG074C.052,UNKNOWN,,13.228184,102,10000000,100,1000000,7,2,6,50,0.6172924593790001,1.3328596353530884,0.075684375
100,JG074C,53,FAM,#NAME?,FALSE,C5,0,FAM,JG074C.053,UNKNOWN,,24.174774,104,10000000,100,100000000,7,2,8,50,0.12554641046864254,0.18414275348186493,-0.748538338
102,JG074C,54,FAM,#NAME?,FALSE,C6,0,FAM,JG074C.054,UNKNOWN,,13.382275,106,10000000,10000,100,7,4,2,50,0.5992081560495525,1.278137207,0.17537800006756316
104,JG074C,55,FAM,#NAME?,FALSE,C7,0,FAM,JG074C.055,UNKNOWN,,13.033225,108,10000000,10000,10000,7,4,4,50,0.6655540214654068,1.4400291442871094,0.2690974481173059
106,JG074C,56,FAM,#NAME?,FALSE,C8,0,FAM,JG074C.056,UNKNOWN,,13.278956,110,10000000,10000,100000,7,4,5,50,0.6686047661291636,1.4461342096328735,0.2579358898998234
108,JG074C,57,FAM,#NAME?,FALSE,C9,0,FAM,JG074C.057,UNKNOWN,,13.214473,112,10000000,10000,1000000,7,4,6,50,0.6490757183167701,1.4083939790725708,0.06522122
110,JG074C,58,FAM,#NAME?,FALSE,C10,0,FAM,JG074C.058,UNKNOWN,,24.577412,114,10000000,10000,100000000,7,4,8,50,0.11179127883593439,0.17701052129268646,-0.774602314
112,JG074C,59,FAM,#NAME?,FALSE,C11,0,FAM,JG074C.059,UNKNOWN,,13.396061,116,10000000,100000,100,7,5,2,50,0.582022136,1.2536118030548096,0.17029422918553777
114,JG074C,60,FAM,#NAME?,FALSE,C12,0,FAM,JG074C.060,UNKNOWN,,13.259228,118,10000000,100000,10000,7,5,4,50,0.6422272779401847,1.3666561841964722,0.2502080767962632
116,JG074C,61,FAM,#NAME?,FALSE,C13,0,FAM,JG074C.061,UNKNOWN,,13.306007,120,10000000,100000,100000,7,5,5,50,0.6336464772665197,1.3552021980285645,0.229187956
118,JG074C,62,FAM,#NAME?,FALSE,C14,0,FAM,JG074C.062,UNKNOWN,,13.28832,122,10000000,100000,1000000,7,5,6,50,0.6200588610370953,1.3345608711242676,0.062472295588044346
120,JG074C,63,FAM,#NAME?,FALSE,C15,0,FAM,JG074C.063,UNKNOWN,,21.000938,124,10000000,100000,100000000,7,5,8,50,0.1510566986514879,0.23994673788547516,-0.741131378
122,JG074C,64,FAM,#NAME?,FALSE,C16,0,FAM,JG074C.064,UNKNOWN,,13.142442,126,10000000,1000000,100,7,6,2,50,0.6836778221144738,1.4666283130645752,0.291325662
124,JG074C,65,FAM,#NAME?,FALSE,C17,0,FAM,JG074C.065,UNKNOWN,,12.854555,128,10000000,1000000,10000,7,6,4,50,0.7241078106875964,1.562652826309204,0.35650568871311555
126,JG074C,66,FAM,#NAME?,FALSE,C18,0,FAM,JG074C.066,UNKNOWN,,12.692376,130,10000000,1000000,100000,7,6,5,50,0.6845793474764235,1.4911997318267822,0.29517895841186637
128,JG074C,67,FAM,#NAME?,FALSE,C19,0,FAM,JG074C.067,UNKNOWN,,12.998582,132,10000000,1000000,1000000,7,6,6,50,0.6630783327300973,1.4232077598571777,0.12429407812345528
130,JG074C,68,FAM,#NAME?,FALSE,C20,0,FAM,JG074C.068,UNKNOWN,,16.11523,134,10000000,1000000,100000000,7,6,8,50,0.24472682511382954,0.4850473403930664,-0.581220695
132,JG074C,70,FAM,#NAME?,FALSE,C22,0,FAM,JG074C.070,UNKNOWN,,9.012117,138,10000000,100000000,10000,7,8,4,50,0.8847514294777659,1.9173389673233032,0.6367570526749946
134,JG074C,71,FAM,#NAME?,FALSE,C23,0,FAM,JG074C.071,UNKNOWN,,8.173166,140,10000000,100000000,100000,7,8,5,50,0.8737356577035267,2.0669047832489014,0.6184405733476142
136,JG074C,72,FAM,#NAME?,FALSE,C24,0,FAM,JG074C.072,UNKNOWN,,8.883077,142,10000000,100000000,1000000,7,8,6,50,0.8914685789622147,1.8735876083374023,0.46707694576920517
138,JG074C,73,FAM,#NAME?,FALSE,D1,0,FAM,JG074C.073,UNKNOWN,,14.366708,144,3162277,100,100,6.4999999093351235,2,2,50,0.6298987793334844,1.388305425643921,0.2601427268235985
140,JG074C,74,FAM,#NAME?,FALSE,D2,0,FAM,JG074C.074,UNKNOWN,,13.74541,146,3162277,100,10000,6.4999999093351235,2,4,50,0.6777401968285224,1.525183916091919,0.3488031321931867
142,JG074C,75,FAM,#NAME?,FALSE,D3,0,FAM,JG074C.075,UNKNOWN,,14.112657,148,3162277,100,100000,6.4999999093351235,2,5,50,0.6606383637682692,1.4375089406967163,0.26695532278292217
144,JG074C,76,FAM,#NAME?,FALSE,D4,0,FAM,JG074C.076,UNKNOWN,,14.125993,150,3162277,100,1000000,6.4999999093351235,2,6,50,0.6326793407998303,1.388266682624817,0.034089471457774856
146,JG074C,77,FAM,#NAME?,FALSE,D5,0,FAM,JG074C.077,UNKNOWN,,22.695717,152,3162277,100,100000000,6.4999999093351235,2,8,50,0.11569992099897168,0.24351517856121063,-0.720903168
148,JG074C,78,FAM,#NAME?,FALSE,D6,0,FAM,JG074C.078,UNKNOWN,,14.494203,154,3162277,10000,100,6.4999999093351235,4,2,50,0.5899180759655743,1.2833926677703857,0.20247945890757663
150,JG074C,79,FAM,#NAME?,FALSE,D7,0,FAM,JG074C.079,UNKNOWN,,13.985344,156,3162277,10000,10000,6.4999999093351235,4,4,50,0.6698144242524532,1.4571037292480469,0.32846741354568815
152,JG074C,80,FAM,#NAME?,FALSE,D8,0,FAM,JG074C.080,UNKNOWN,,14.153876,158,3162277,10000,100000,6.4999999093351235,4,5,50,0.6777653426673597,1.4739164113998413,0.2982934620460604
154,JG074C,81,FAM,#NAME?,FALSE,D9,0,FAM,JG074C.081,UNKNOWN,,14.040674,160,3162277,10000,1000000,6.4999999093351235,4,6,50,0.6527946605782952,1.4362189769744873,0.035862896
156,JG074C,82,FAM,#NAME?,FALSE,D10,0,FAM,JG074C.082,UNKNOWN,,73.95375,162,3162277,10000,100000000,6.4999999093351235,4,8,50,0.1270351182411873,-0.022298219,-0.747325122
158,JG074C,83,FAM,#NAME?,FALSE,D11,0,FAM,JG074C.083,UNKNOWN,,14.298073,164,3162277,100000,100,6.4999999093351235,5,2,50,0.6072940758173476,1.3345845937728882,0.2174116693425423
160,JG074C,84,FAM,#NAME?,FALSE,D12,0,FAM,JG074C.084,UNKNOWN,,14.009298,166,3162277,100000,10000,6.4999999093351235,5,4,50,0.6688262101964036,1.4572458267211914,0.3037854282816987
162,JG074C,85,FAM,#NAME?,FALSE,D13,0,FAM,JG074C.085,UNKNOWN,,14.17446,168,3162277,100000,100000,6.4999999093351235,5,5,50,0.6696341738067346,1.4638243913650513,0.2747120426617752
164,JG074C,86,FAM,#NAME?,FALSE,D14,0,FAM,JG074C.086,UNKNOWN,,14.232949,170,3162277,100000,1000000,6.4999999093351235,5,6,50,0.651539215,1.417476773262024,0.018300028254657374
166,JG074C,87,FAM,#NAME?,FALSE,D15,0,FAM,JG074C.087,UNKNOWN,,20.914217,172,3162277,100000,100000000,6.4999999093351235,5,8,50,0.1498329909316531,0.29680556058883667,-0.755474743
168,JG074C,88,FAM,#NAME?,FALSE,D16,0,FAM,JG074C.088,UNKNOWN,,13.975197,174,3162277,1000000,100,6.4999999093351235,6,2,50,0.7054613190456369,1.523708701133728,0.35324424655992187
170,JG074C,89,FAM,#NAME?,FALSE,D17,0,FAM,JG074C.089,UNKNOWN,,13.547028,176,3162277,1000000,10000,6.4999999093351235,6,4,50,0.7637062295808856,1.6264655590057373,0.4220333934002005
172,JG074C,90,FAM,#NAME?,FALSE,D18,0,FAM,JG074C.090,UNKNOWN,,13.650911,178,3162277,1000000,100000,6.4999999093351235,6,5,50,0.7104718817993834,1.5274291038513184,0.35223626330499375
174,JG074C,91,FAM,#NAME?,FALSE,D19,0,FAM,JG074C.091,UNKNOWN,,13.500771,180,3162277,1000000,1000000,6.4999999093351235,6,6,50,0.6698643996704511,1.4681719541549683,0.070562439
176,JG074C,92,FAM,#NAME?,FALSE,D20,0,FAM,JG074C.092,UNKNOWN,,16.466103,182,3162277,1000000,100000000,6.4999999093351235,6,8,50,0.2533131172055167,0.5099961757659912,-0.509380359
178,JG074C,94,FAM,#NAME?,FALSE,D22,0,FAM,JG074C.094,UNKNOWN,,9.110979,186,3162277,100000000,10000,6.4999999093351235,8,4,50,0.8851379339426177,1.8767410516738892,0.6617455368274305
180,JG074C,95,FAM,#NAME?,FALSE,D23,0,FAM,JG074C.095,UNKNOWN,,8.797756,188,3162277,100000000,100000,6.4999999093351235,8,5,50,0.9282648157276256,1.9930328130722046,0.7082402963629022
182,JG074C,96,FAM,#NAME?,FALSE,D24,0,FAM,JG074C.096,UNKNOWN,,8.87357,190,3162277,100000000,1000000,6.4999999093351235,8,6,50,0.891727386,1.884627103805542,0.3788817203958671
184,JG074C,97,FAM,#NAME?,FALSE,E1,0,FAM,JG074C.097,UNKNOWN,,16.992668,192,1000000,100,100,6,2,2,50,0.6933748852760037,1.5375412702560425,0.43765548251960185
186,JG074C,98,FAM,#NAME?,FALSE,E2,0,FAM,JG074C.098,UNKNOWN,,15.329831,194,1000000,100,10000,6,2,4,50,0.7947081034993334,1.770497203,0.5156819723663136
188,JG074C,99,FAM,#NAME?,FALSE,E3,0,FAM,JG074C.099,UNKNOWN,,15.900206,196,1000000,100,100000,6,2,5,50,0.759238405,1.6748515367507935,0.33314912194920343
190,JG074C,100,FAM,#NAME?,FALSE,E4,0,FAM,JG074C.100,UNKNOWN,,15.801024,198,1000000,100,1000000,6,2,6,50,0.5262390638841352,1.155905842781067,-0.114745098
192,JG074C,101,FAM,#NAME?,FALSE,E5,0,FAM,JG074C.101,UNKNOWN,,20.654104,200,1000000,100,100000000,6,2,8,50,0.20339205753753828,0.49798819422721863,-0.523623246
194,JG074C,102,FAM,#NAME?,FALSE,E6,0,FAM,JG074C.102,UNKNOWN,,17.057447,202,1000000,10000,100,6,4,2,50,0.7089652159079256,1.5586230754852295,0.4449393424182073
196,JG074C,103,FAM,#NAME?,FALSE,E7,0,FAM,JG074C.103,UNKNOWN,,15.419603,204,1000000,10000,10000,6,4,4,50,0.799970794,1.7692203521728516,0.5383459070453112
198,JG074C,104,FAM,#NAME?,FALSE,E8,0,FAM,JG074C.104,UNKNOWN,,15.906983,206,1000000,10000,100000,6,4,5,50,0.752950946,1.6493757963180542,0.33997480694359017
200,JG074C,105,FAM,#NAME?,FALSE,E9,0,FAM,JG074C.105,UNKNOWN,,15.949852,208,1000000,10000,1000000,6,4,6,50,0.5649060053879148,1.2090853452682495,-0.147695798
202,JG074C,106,FAM,#NAME?,FALSE,E10,0,FAM,JG074C.106,UNKNOWN,,20.71864,210,1000000,10000,100000000,6,4,8,50,0.21420317735555158,0.5085532665252686,-0.556056443
204,JG074C,107,FAM,#NAME?,FALSE,E11,0,FAM,JG074C.107,UNKNOWN,,16.97341,212,1000000,100000,100,6,5,2,50,0.6906868856695713,1.528223991394043,0.4228723816661617
206,JG074C,108,FAM,#NAME?,FALSE,E12,0,FAM,JG074C.108,UNKNOWN,,15.671781,214,1000000,100000,10000,6,5,4,50,0.7552669918497645,1.6545218229293823,0.4821588614293918
208,JG074C,109,FAM,#NAME?,FALSE,E13,0,FAM,JG074C.109,UNKNOWN,,15.993708,216,1000000,100000,100000,6,5,5,50,0.7249016719914361,1.6005337238311768,0.32909232895760465
210,JG074C,110,FAM,#NAME?,FALSE,E14,0,FAM,JG074C.110,UNKNOWN,,16.037935,218,1000000,100000,1000000,6,5,6,50,0.549252688,1.194064974784851,-0.192499613
212,JG074C,111,FAM,#NAME?,FALSE,E15,0,FAM,JG074C.111,UNKNOWN,,19.922903,220,1000000,100000,100000000,6,5,8,50,0.2362560796131026,0.5332269668579102,-0.490679109
214,JG074C,112,FAM,#NAME?,FALSE,E16,0,FAM,JG074C.112,UNKNOWN,,15.342792,222,1000000,1000000,100,6,6,2,50,0.7818749710494615,1.7014728784561157,0.5603798466838832
216,JG074C,113,FAM,#NAME?,FALSE,E17,0,FAM,JG074C.113,UNKNOWN,,14.1644745,224,1000000,1000000,10000,6,6,4,50,0.8291777615778994,1.8069096803665161,0.5939589590468765
218,JG074C,114,FAM,#NAME?,FALSE,E18,0,FAM,JG074C.114,UNKNOWN,,14.793054,226,1000000,1000000,100000,6,6,5,50,0.7828949053121722,1.6805285215377808,0.3885579472604494
220,JG074C,115,FAM,#NAME?,FALSE,E19,0,FAM,JG074C.115,UNKNOWN,,14.667718,228,1000000,1000000,1000000,6,6,6,50,0.5969583981159868,1.269778847694397,-0.107196956
222,JG074C,116,FAM,#NAME?,FALSE,E20,0,FAM,JG074C.116,UNKNOWN,,16.489239,230,1000000,1000000,100000000,6,6,8,50,0.3464718246170782,0.751655638,-0.343016071
224,JG074C,118,FAM,#NAME?,FALSE,E22,0,FAM,JG074C.118,UNKNOWN,,9.07671,234,1000000,100000000,10000,6,8,4,50,0.9470409674479345,2.0689313411712646,0.815165688
226,JG074C,119,FAM,#NAME?,FALSE,E23,0,FAM,JG074C.119,UNKNOWN,,8.9936,236,1000000,100000000,100000,6,8,5,50,0.9288352858907614,1.9907501935958862,0.6472957285397909
228,JG074C,120,FAM,#NAME?,FALSE,E24,0,FAM,JG074C.120,UNKNOWN,,8.997207,238,1000000,100000000,1000000,6,8,6,50,0.7343520893424003,1.5352766513824463,0.17045543738442548
230,JG074C,121,FAM,#NAME?,FALSE,F1,0,FAM,JG074C.121,UNKNOWN,,17.273441,240,316227,100,100,5.499998947982042,2,2,50,0.7294743109292636,1.6225864887237549,0.5000133278223129
232,JG074C,122,FAM,#NAME?,FALSE,F2,0,FAM,JG074C.122,UNKNOWN,,15.396953,242,316227,100,10000,5.499998947982042,2,4,50,0.8050344323729794,1.7867919206619263,0.5746020126743888
234,JG074C,123,FAM,#NAME?,FALSE,F3,0,FAM,JG074C.123,UNKNOWN,,16.001328,244,316227,100,100000,5.499998947982042,2,5,50,0.7675083337619344,1.7003726959228516,0.2712525943178375
236,JG074C,124,FAM,#NAME?,FALSE,F4,0,FAM,JG074C.124,UNKNOWN,,16.033617,246,316227,100,1000000,5.499998947982042,2,6,50,0.4848124068990611,1.0340440273284912,-0.126578834
238,JG074C,125,FAM,#NAME?,FALSE,F5,0,FAM,JG074C.125,UNKNOWN,,20.513613,248,316227,100,100000000,5.499998947982042,2,8,50,0.23789340707188583,0.5816057920455933,-0.476656491
240,JG074C,126,FAM,#NAME?,FALSE,F6,0,FAM,JG074C.126,UNKNOWN,,17.601044,250,316227,10000,100,5.499998947982042,4,2,50,0.7471510178290595,1.6530009508132935,0.4767481014048711
242,JG074C,127,FAM,#NAME?,FALSE,F7,0,FAM,JG074C.127,UNKNOWN,,15.521772,252,316227,10000,10000,5.499998947982042,4,4,50,0.8271957350306149,1.8398876190185547,0.5706559841232345
244,JG074C,128,FAM,#NAME?,FALSE,F8,0,FAM,JG074C.128,UNKNOWN,,16.059973,254,316227,10000,100000,5.499998947982042,4,5,50,0.7804286292954213,1.713625431060791,0.23098612122110196
246,JG074C,129,FAM,#NAME?,FALSE,F9,0,FAM,JG074C.129,UNKNOWN,,16.02984,256,316227,10000,1000000,5.499998947982042,4,6,50,0.49992563584966354,1.0779731273651123,-0.132851028
248,JG074C,130,FAM,#NAME?,FALSE,F10,0,FAM,JG074C.130,UNKNOWN,,20.57222,258,316227,10000,100000000,5.499998947982042,4,8,50,0.24719250215392008,0.592914343,-0.49469085
250,JG074C,131,FAM,#NAME?,FALSE,F11,0,FAM,JG074C.131,UNKNOWN,,17.290009,260,316227,100000,100,5.499998947982042,5,2,50,0.7203860412562345,1.5928003787994385,0.4839646504766021
252,JG074C,132,FAM,#NAME?,FALSE,F12,0,FAM,JG074C.132,UNKNOWN,,15.718637,262,316227,100000,10000,5.499998947982042,5,4,50,0.7675339268366781,1.6913797855377197,0.5300651315300903
254,JG074C,133,FAM,#NAME?,FALSE,F13,0,FAM,JG074C.133,UNKNOWN,,16.153854,264,316227,100000,100000,5.499998947982042,5,5,50,0.733388988,1.6156572103500366,0.2586770630305018
256,JG074C,134,FAM,#NAME?,FALSE,F14,0,FAM,JG074C.134,UNKNOWN,,16.262274,266,316227,100000,1000000,5.499998947982042,5,6,50,0.48180714133517166,1.0281411409378052,-0.154342532
258,JG074C,135,FAM,#NAME?,FALSE,F15,0,FAM,JG074C.135,UNKNOWN,,19.80301,268,316227,100000,100000000,5.499998947982042,5,8,50,0.2826150362628457,0.6390696167945862,-0.414725528
260,JG074C,136,FAM,#NAME?,FALSE,F16,0,FAM,JG074C.136,UNKNOWN,,15.440546,270,316227,1000000,100,5.499998947982042,6,2,50,0.8427944497385107,1.8607827425003052,0.6312510738264809
262,JG074C,137,FAM,#NAME?,FALSE,F17,0,FAM,JG074C.137,UNKNOWN,,14.249817,272,316227,1000000,10000,5.499998947982042,6,4,50,0.852513934,1.8665486574172974,0.6143205669476867
264,JG074C,138,FAM,#NAME?,FALSE,F18,0,FAM,JG074C.138,UNKNOWN,,14.841207,274,316227,1000000,100000,5.499998947982042,6,5,50,0.797230584,1.7358938455581665,0.3152952082907487
266,JG074C,139,FAM,#NAME?,FALSE,F19,0,FAM,JG074C.139,UNKNOWN,,14.756928,276,316227,1000000,1000000,5.499998947982042,6,6,50,0.5210702754557893,1.0992605686187744,-0.083690324
268,JG074C,140,FAM,#NAME?,FALSE,F20,0,FAM,JG074C.140,UNKNOWN,,16.65479,278,316227,1000000,100000000,5.499998947982042,6,8,50,0.3725109341192759,0.8024776577949524,-0.264130421
270,JG074C,142,FAM,#NAME?,FALSE,F22,0,FAM,JG074C.142,UNKNOWN,,9.361328,282,316227,100000000,10000,5.499998947982042,8,4,50,0.9467328682292876,1.9568310976028442,0.8063300749661826
272,JG074C,143,FAM,#NAME?,FALSE,F23,0,FAM,JG074C.143,UNKNOWN,,8.869512,284,316227,100000000,100000,5.499998947982042,8,5,50,0.9284090892392166,2.0237643718719482,0.5581030433293537
274,JG074C,144,FAM,#NAME?,FALSE,F24,0,FAM,JG074C.144,UNKNOWN,,8.830319,286,316227,100000000,1000000,5.499998947982042,8,6,50,0.6612598012547523,1.3291295766830444,0.15197140792971076
276,JG074C,145,FAM,#NAME?,FALSE,G1,0,FAM,JG074C.145,UNKNOWN,,17.598875,288,100000,100,100,5,2,2,50,0.8030032897395458,1.7744052410125732,0.6419049722253056
278,JG074C,146,FAM,#NAME?,FALSE,G2,0,FAM,JG074C.146,UNKNOWN,,15.581825,290,100000,100,10000,5,2,4,50,0.8355209020492669,1.8441203832626343,0.510226131
280,JG074C,147,FAM,#NAME?,FALSE,G3,0,FAM,JG074C.147,UNKNOWN,,16.127895,292,100000,100,100000,5,2,5,50,0.6693066821197321,1.3792681694030762,0.10805139560614674
282,JG074C,148,FAM,#NAME?,FALSE,G4,0,FAM,JG074C.148,UNKNOWN,,16.205864,294,100000,100,1000000,5,2,6,50,0.44569299203696466,0.9522601366043091,-0.060203014
284,JG074C,149,FAM,#NAME?,FALSE,G5,0,FAM,JG074C.149,UNKNOWN,,20.357899,296,100000,100,100000000,5,2,8,50,0.3289208437169265,0.7912189364433289,-0.3122516
286,JG074C,150,FAM,#NAME?,FALSE,G6,0,FAM,JG074C.150,UNKNOWN,,17.859798,298,100000,10000,100,5,4,2,50,0.8310028115165802,1.8345869779586792,0.6771734513053811
288,JG074C,151,FAM,#NAME?,FALSE,G7,0,FAM,JG074C.151,UNKNOWN,,15.562978,300,100000,10000,10000,5,4,4,50,0.8107977554507675,1.801533579826355,0.46007114771424223
290,JG074C,152,FAM,#NAME?,FALSE,G8,0,FAM,JG074C.152,UNKNOWN,,16.09021,302,100000,10000,100000,5,4,5,50,0.6300959880064108,1.3725119829177856,0.10452544599022096
292,JG074C,153,FAM,#NAME?,FALSE,G9,0,FAM,JG074C.153,UNKNOWN,,16.14321,304,100000,10000,1000000,5,4,6,50,0.44804767790325584,0.9533663392066956,-0.069597996
294,JG074C,154,FAM,#NAME?,FALSE,G10,0,FAM,JG074C.154,UNKNOWN,,20.526089,306,100000,10000,100000000,5,4,8,50,0.33482900893481504,0.7889019250869751,-0.316950179
296,JG074C,155,FAM,#NAME?,FALSE,G11,0,FAM,JG074C.155,UNKNOWN,,17.514406,308,100000,100000,100,5,5,2,50,0.7895420735581673,1.760697841644287,0.6361179494404565
298,JG074C,156,FAM,#NAME?,FALSE,G12,0,FAM,JG074C.156,UNKNOWN,,15.77863,310,100000,100000,10000,5,5,4,50,0.8123727334323855,1.799209713935852,0.45618253471397313
300,JG074C,157,FAM,#NAME?,FALSE,G13,0,FAM,JG074C.157,UNKNOWN,,16.296137,312,100000,100000,100000,5,5,5,50,0.6209382801671001,1.3469372987747192,0.092632507
302,JG074C,158,FAM,#NAME?,FALSE,G14,0,FAM,JG074C.158,UNKNOWN,,16.377869,314,100000,100000,1000000,5,5,6,50,0.4426841757394327,0.9385659694671631,-0.086131106
304,JG074C,159,FAM,#NAME?,FALSE,G15,0,FAM,JG074C.159,UNKNOWN,,19.772787,316,100000,100000,100000000,5,5,8,50,0.3611005229785017,0.8244503140449524,-0.27170414
306,JG074C,160,FAM,#NAME?,FALSE,G16,0,FAM,JG074C.160,UNKNOWN,,15.632742,318,100000,1000000,100,5,6,2,50,0.8889380431320697,1.9538493156433105,0.7755540979391339
308,JG074C,161,FAM,#NAME?,FALSE,G17,0,FAM,JG074C.161,UNKNOWN,,14.300244,320,100000,1000000,10000,5,6,4,50,0.8449353488551878,1.8337370157241821,0.4885070752796052
310,JG074C,162,FAM,#NAME?,FALSE,G18,0,FAM,JG074C.162,UNKNOWN,,14.507865,322,100000,1000000,100000,5,6,5,50,0.754491099,1.6017866134643555,0.15298415727059134
312,JG074C,163,FAM,#NAME?,FALSE,G19,0,FAM,JG074C.163,UNKNOWN,,14.803363,324,100000,1000000,1000000,5,6,6,50,0.48770909636304566,1.0103939771652222,-0.032427286
314,JG074C,164,FAM,#NAME?,FALSE,G20,0,FAM,JG074C.164,UNKNOWN,,16.472176,326,100000,1000000,100000000,5,6,8,50,0.4498715698203933,0.9851195216178894,-0.142733456
316,JG074C,166,FAM,#NAME?,FALSE,G22,0,FAM,JG074C.166,UNKNOWN,,9.118301,330,100000,100000000,10000,5,8,4,50,0.9079946564892812,1.9494407176971436,0.5757841514723379
318,JG074C,167,FAM,#NAME?,FALSE,G23,0,FAM,JG074C.167,UNKNOWN,,8.8740015,332,100000,100000000,100000,5,8,5,50,0.9685518022169484,1.925161361694336,0.36818139927839266
320,JG074C,168,FAM,#NAME?,FALSE,G24,0,FAM,JG074C.168,UNKNOWN,,8.094241,334,100000,100000000,1000000,5,8,6,50,0.5528739251563489,1.3196340799331665,0.078833095
322,JG074C,169,FAM,#NAME?,FALSE,H1,0,FAM,JG074C.169,UNKNOWN,,17.51092,336,31622,100,100,4.499989334334184,2,2,50,0.8427032088217922,1.880394697189331,0.7265530762897033
324,JG074C,170,FAM,#NAME?,FALSE,H2,0,FAM,JG074C.170,UNKNOWN,,15.535265,338,31622,100,10000,4.499989334334184,2,4,50,0.7838264593706944,1.7424463033676147,0.37875087630667087
326,JG074C,171,FAM,#NAME?,FALSE,H3,0,FAM,JG074C.171,UNKNOWN,,16.137337,340,31622,100,100000,4.499989334334184,2,5,50,0.5735281769801929,1.236491084098816,0.062206814
328,JG074C,172,FAM,#NAME?,FALSE,H4,0,FAM,JG074C.172,UNKNOWN,,16.238005,342,31622,100,1000000,4.499989334334184,2,6,50,0.446614808,0.947057843,-0.033548984
330,JG074C,173,FAM,#NAME?,FALSE,H5,0,FAM,JG074C.173,UNKNOWN,,20.331732,344,31622,100,100000000,4.499989334334184,2,8,50,0.3540306816609958,0.8381578922271729,-0.236008791
332,JG074C,174,FAM,#NAME?,FALSE,H6,0,FAM,JG074C.174,UNKNOWN,,17.82327,346,31622,10000,100,4.499989334334184,4,2,50,0.8441739281272731,1.8697571754455566,0.6982637688278981
334,JG074C,175,FAM,#NAME?,FALSE,H7,0,FAM,JG074C.175,UNKNOWN,,15.65873,348,31622,10000,10000,4.499989334334184,4,4,50,0.8218916226006193,1.8094189167022705,0.4083099082492984
336,JG074C,176,FAM,#NAME?,FALSE,H8,0,FAM,JG074C.176,UNKNOWN,,16.105326,350,31622,10000,100000,4.499989334334184,4,5,50,0.5617195549747168,1.2138811349868774,0.070744751
338,JG074C,177,FAM,#NAME?,FALSE,H9,0,FAM,JG074C.177,UNKNOWN,,16.231146,352,31622,10000,1000000,4.499989334334184,4,6,50,0.4680698655960265,0.9892133474349976,-0.087438575
340,JG074C,178,FAM,#NAME?,FALSE,H10,0,FAM,JG074C.178,UNKNOWN,,20.456211,354,31622,10000,100000000,4.499989334334184,4,8,50,0.3591120115105744,0.8404513597488403,-0.282603957
342,JG074C,179,FAM,#NAME?,FALSE,H11,0,FAM,JG074C.179,UNKNOWN,,17.520304,356,31622,100000,100,4.499989334334184,5,2,50,0.8103881049304884,1.801810861,0.6751702306001044
344,JG074C,180,FAM,#NAME?,FALSE,H12,0,FAM,JG074C.180,UNKNOWN,,15.8113165,358,31622,100000,10000,4.499989334334184,5,4,50,0.7918551616933501,1.7508997917175293,0.3723890752231433
346,JG074C,181,FAM,#NAME?,FALSE,H13,0,FAM,JG074C.181,UNKNOWN,,16.210897,360,31622,100000,100000,4.499989334334184,5,5,50,0.5869810985327787,1.2732471227645874,0.032858997
348,JG074C,182,FAM,#NAME?,FALSE,H14,0,FAM,JG074C.182,UNKNOWN,,16.350761,362,31622,100000,1000000,4.499989334334184,5,6,50,0.46053145841392895,0.9707098007202148,-0.021739464
350,JG074C,183,FAM,#NAME?,FALSE,H15,0,FAM,JG074C.183,UNKNOWN,,19.823751,364,31622,100000,100000000,4.499989334334184,5,8,50,0.38133743342174764,0.8676261901855469,-0.214458718
352,JG074C,184,FAM,#NAME?,FALSE,H16,0,FAM,JG074C.184,UNKNOWN,,15.642704,366,31622,1000000,100,4.499989334334184,6,2,50,0.8847663831297505,1.9487069845199585,0.793492945
354,JG074C,185,FAM,#NAME?,FALSE,H17,0,FAM,JG074C.185,UNKNOWN,,14.191945,368,31622,1000000,10000,4.499989334334184,6,4,50,0.8326693658418465,1.8216309547424316,0.40460153793293857
356,JG074C,186,FAM,#NAME?,FALSE,H18,0,FAM,JG074C.186,UNKNOWN,,14.942931,370,31622,1000000,100000,4.499989334334184,6,5,50,0.5867879053993833,1.2288411855697632,0.10389969843478503
358,JG074C,187,FAM,#NAME?,FALSE,H19,0,FAM,JG074C.187,UNKNOWN,,14.772171,372,31622,1000000,1000000,4.499989334334184,6,6,50,0.48180125059937595,1.0087089538574219,0.003693871
360,JG074C,188,FAM,#NAME?,FALSE,H20,0,FAM,JG074C.188,UNKNOWN,,16.64316,374,31622,1000000,100000000,4.499989334334184,6,8,50,0.4528705085934782,0.9980548620223999,-0.098644599
362,JG074C,190,FAM,#NAME?,FALSE,H22,0,FAM,JG074C.190,UNKNOWN,,9.295229,378,31622,100000000,10000,4.499989334334184,8,4,50,0.8839368499705623,1.7989174127578735,0.48349679018006514
364,JG074C,191,FAM,#NAME?,FALSE,H23,0,FAM,JG074C.191,UNKNOWN,,9.008364,380,31622,100000000,100000,4.499989334334184,8,5,50,0.6884692264959162,1.364156723022461,0.20048645781913804
366,JG074C,192,FAM,#NAME?,FALSE,H24,0,FAM,JG074C.192,UNKNOWN,,8.949664,382,31622,100000000,1000000,4.499989334334184,8,6,50,0.5732584873395501,1.0866963863372803,0.06890658
368,JG074C,193,FAM,#NAME?,FALSE,I1,0,FAM,JG074C.193,UNKNOWN,,17.593853,384,10000,100,100,4,2,2,50,0.8288610914025606,1.8619184494018555,0.7288344452156028
370,JG074C,194,FAM,#NAME?,FALSE,I2,0,FAM,JG074C.194,UNKNOWN,,15.477211,386,10000,100,10000,4,2,4,50,0.6574176343201168,1.4614168405532837,0.21160788771667804
372,JG074C,195,FAM,#NAME?,FALSE,I3,0,FAM,JG074C.195,UNKNOWN,,16.046097,388,10000,100,100000,4,2,5,50,0.498188195,1.064719796180725,0.056074779
374,JG074C,196,FAM,#NAME?,FALSE,I4,0,FAM,JG074C.196,UNKNOWN,,16.259306,390,10000,100,1000000,4,2,6,50,0.4596913433337412,0.9786359071731567,0.015144197396825432
376,JG074C,197,FAM,#NAME?,FALSE,I5,0,FAM,JG074C.197,UNKNOWN,,20.320086,392,10000,100,100000000,4,2,8,50,0.41611811212779193,0.9894046187400818,-0.196303205
378,JG074C,198,FAM,#NAME?,FALSE,I6,0,FAM,JG074C.198,UNKNOWN,,17.799858,394,10000,10000,100,4,4,2,50,0.853954278,1.9012380838394165,0.7438143947813255
380,JG074C,199,FAM,#NAME?,FALSE,I7,0,FAM,JG074C.199,UNKNOWN,,15.656921,396,10000,10000,10000,4,4,4,50,0.673791062,1.4778963327407837,0.23485577727032264
382,JG074C,200,FAM,#NAME?,FALSE,I8,0,FAM,JG074C.200,UNKNOWN,,16.184753,398,10000,10000,100000,4,4,5,50,0.5049215979483372,1.0826410055160522,0.06774982
384,JG074C,201,FAM,#NAME?,FALSE,I9,0,FAM,JG074C.201,UNKNOWN,,16.304527,400,10000,10000,1000000,4,4,6,50,0.47888371834488214,1.0023192167282104,0.004076411
386,JG074C,202,FAM,#NAME?,FALSE,I10,0,FAM,JG074C.202,UNKNOWN,,20.539238,402,10000,10000,100000000,4,4,8,50,0.40547502522889695,0.9528586268424988,-0.188396311
388,JG074C,203,FAM,#NAME?,FALSE,I11,0,FAM,JG074C.203,UNKNOWN,,17.655222,404,10000,100000,100,4,5,2,50,0.8328740593271208,1.846345305,0.7037441918891723
390,JG074C,204,FAM,#NAME?,FALSE,I12,0,FAM,JG074C.204,UNKNOWN,,15.882638,406,10000,100000,10000,4,5,4,50,0.666088331,1.447706699371338,0.21156182137194735
392,JG074C,205,FAM,#NAME?,FALSE,I13,0,FAM,JG074C.205,UNKNOWN,,16.290152,408,10000,100000,100000,4,5,5,50,0.5147892911917846,1.1069576740264893,0.049949736630712505
394,JG074C,206,FAM,#NAME?,FALSE,I14,0,FAM,JG074C.206,UNKNOWN,,16.28693,410,10000,100000,1000000,4,5,6,50,0.496873439,1.072114109992981,0.033484734
396,JG074C,207,FAM,#NAME?,FALSE,I15,0,FAM,JG074C.207,UNKNOWN,,19.944986,412,10000,100000,100000000,4,5,8,50,0.4214237531462247,0.9658130407333374,-0.157031914
398,JG074C,208,FAM,#NAME?,FALSE,I16,0,FAM,JG074C.208,UNKNOWN,,15.73402,414,10000,1000000,100,4,6,2,50,0.8879479842279063,1.9404274225234985,0.7857636678424845
400,JG074C,209,FAM,#NAME?,FALSE,I17,0,FAM,JG074C.209,UNKNOWN,,14.237221,416,10000,1000000,10000,4,6,4,50,0.6667298302196663,1.4360384941101074,0.22711186284828128
402,JG074C,210,FAM,#NAME?,FALSE,I18,0,FAM,JG074C.210,UNKNOWN,,14.914466,418,10000,1000000,100000,4,6,5,50,0.5309374368079623,1.1092835664749146,0.090158689
404,JG074C,211,FAM,#NAME?,FALSE,I19,0,FAM,JG074C.211,UNKNOWN,,14.6136465,420,10000,1000000,1000000,4,6,6,50,0.49794526567250386,1.0600862503051758,0.034992699
406,JG074C,212,FAM,#NAME?,FALSE,I20,0,FAM,JG074C.212,UNKNOWN,,16.710917,422,10000,1000000,100000000,4,6,8,50,0.46042483417930136,1.042665958404541,-0.039950907
408,JG074C,214,FAM,#NAME?,FALSE,I22,0,FAM,JG074C.214,UNKNOWN,,9.151366,426,10000,100000000,10000,4,8,4,50,0.7160521288588871,1.5121488571166992,0.24591461615176458
410,JG074C,215,FAM,#NAME?,FALSE,I23,0,FAM,JG074C.215,UNKNOWN,,8.737951,428,10000,100000000,100000,4,8,5,50,0.5998813850512676,1.2560865879058838,0.11694092873258738
412,JG074C,216,FAM,#NAME?,FALSE,I24,0,FAM,JG074C.216,UNKNOWN,,8.77675,430,10000,100000000,1000000,4,8,6,50,0.5472160523189341,1.136093020439148,0.049031878157986764
414,JG074C,217,FAM,#NAME?,FALSE,J1,0,FAM,JG074C.217,UNKNOWN,,17.522469,432,3162,100,100,3.499961866,2,2,50,0.8763797579112038,1.9806005954742432,0.7359719614064238
416,JG074C,218,FAM,#NAME?,FALSE,J2,0,FAM,JG074C.218,UNKNOWN,,15.550887,434,3162,100,10000,3.499961866,2,4,50,0.5796827532097961,1.2712682485580444,0.1618751590709146
418,JG074C,219,FAM,#NAME?,FALSE,J3,0,FAM,JG074C.219,UNKNOWN,,16.125715,436,3162,100,100000,3.499961866,2,5,50,0.49918550195362227,1.0708011388778687,0.06507791
420,JG074C,220,FAM,#NAME?,FALSE,J4,0,FAM,JG074C.220,UNKNOWN,,16.169851,438,3162,100,1000000,3.499961866,2,6,50,0.4680170853699871,1.0247209072113037,0.020357505070991377
422,JG074C,221,FAM,#NAME?,FALSE,J5,0,FAM,JG074C.221,UNKNOWN,,20.389687,440,3162,100,100000000,3.499961866,2,8,50,0.43833498065225523,1.033613681793213,-0.120840238
424,JG074C,222,FAM,#NAME?,FALSE,J6,0,FAM,JG074C.222,UNKNOWN,,17.836414,442,3162,10000,100,3.499961866,4,2,50,0.8628901023179918,1.916654109954834,0.7291608597911707
426,JG074C,223,FAM,#NAME?,FALSE,J7,0,FAM,JG074C.223,UNKNOWN,,15.810945,444,3162,10000,10000,3.499961866,4,4,50,0.5952732803060627,1.2818682193756104,0.17861940154049516
428,JG074C,224,FAM,#NAME?,FALSE,J8,0,FAM,JG074C.224,UNKNOWN,,16.194366,446,3162,10000,100000,3.499961866,4,5,50,0.5015237806512329,1.082321047782898,0.092474545
430,JG074C,225,FAM,#NAME?,FALSE,J9,0,FAM,JG074C.225,UNKNOWN,,16.273754,448,3162,10000,1000000,3.499961866,4,6,50,0.48260621613186305,1.0184829235076904,0.034407875
432,JG074C,226,FAM,#NAME?,FALSE,J10,0,FAM,JG074C.226,UNKNOWN,,20.54739,450,3162,10000,100000000,3.499961866,4,8,50,0.42552613311210064,1.0113484859466553,-0.174190056
434,JG074C,227,FAM,#NAME?,FALSE,J11,0,FAM,JG074C.227,UNKNOWN,,17.539877,452,3162,100000,100,3.499961866,5,2,50,0.8350558070547631,1.8611948490142822,0.6780081972303311
436,JG074C,228,FAM,#NAME?,FALSE,J12,0,FAM,JG074C.228,UNKNOWN,,15.70039,454,3162,100000,10000,3.499961866,5,4,50,0.5834637414669785,1.2683287858963013,0.15013065334608217
438,JG074C,229,FAM,#NAME?,FALSE,J13,0,FAM,JG074C.229,UNKNOWN,,16.398296,456,3162,100000,100000,3.499961866,5,5,50,0.503784082,1.0688046216964722,0.058397451
440,JG074C,230,FAM,#NAME?,FALSE,J14,0,FAM,JG074C.230,UNKNOWN,,16.353474,458,3162,100000,1000000,3.499961866,5,6,50,0.5011582499531201,1.0678293704986572,0.042661468
442,JG074C,231,FAM,#NAME?,FALSE,J15,0,FAM,JG074C.231,UNKNOWN,,19.97957,460,3162,100000,100000000,3.499961866,5,8,50,0.4481952433905721,0.9958249926567078,-0.105930649
444,JG074C,232,FAM,#NAME?,FALSE,J16,0,FAM,JG074C.232,UNKNOWN,,15.49642,462,3162,1000000,100,3.499961866,6,2,50,0.8583420326041364,1.9058643579483032,0.659465716
446,JG074C,233,FAM,#NAME?,FALSE,J17,0,FAM,JG074C.233,UNKNOWN,,14.189065,464,3162,1000000,10000,3.499961866,6,4,50,0.6021908170329157,1.3046785593032837,0.17647380715014382
448,JG074C,234,FAM,#NAME?,FALSE,J18,0,FAM,JG074C.234,UNKNOWN,,14.657703,466,3162,1000000,100000,3.499961866,6,5,50,0.5242783912541101,1.118672490119934,0.094146981
450,JG074C,235,FAM,#NAME?,FALSE,J19,0,FAM,JG074C.235,UNKNOWN,,14.707041,468,3162,1000000,1000000,3.499961866,6,6,50,0.502205953,1.0518949031829834,0.052031649
452,JG074C,236,FAM,#NAME?,FALSE,J20,0,FAM,JG074C.236,UNKNOWN,,16.742125,470,3162,1000000,100000000,3.499961866,6,8,50,0.4727113980306925,1.0411237478256226,-0.033656735
454,JG074C,238,FAM,#NAME?,FALSE,J22,0,FAM,JG074C.238,UNKNOWN,,9.241868,474,3162,100000000,10000,3.499961866,8,4,50,0.6663547174922588,1.330113410949707,0.18445228344015285
456,JG074C,239,FAM,#NAME?,FALSE,J23,0,FAM,JG074C.239,UNKNOWN,,8.970618,476,3162,100000000,100000,3.499961866,8,5,50,0.5832570258364989,1.114621639251709,0.10548043700380955
458,JG074C,240,FAM,#NAME?,FALSE,J24,0,FAM,JG074C.240,UNKNOWN,,8.690013,478,3162,100000000,1000000,3.499961866,8,6,50,0.565753208,1.160986065864563,0.07528795
460,JG074C,241,FAM,#NAME?,FALSE,K1,0,FAM,JG074C.241,UNKNOWN,,17.565039,480,1000,100,100,3,2,2,50,0.7955137798174575,1.771641492843628,0.5047906900880899
462,JG074C,242,FAM,#NAME?,FALSE,K2,0,FAM,JG074C.242,UNKNOWN,,15.399358,482,1000,100,10000,3,2,4,50,0.5220453200116665,1.1361753940582275,0.12116915913924581
464,JG074C,243,FAM,#NAME?,FALSE,K3,0,FAM,JG074C.243,UNKNOWN,,16.13374,484,1000,100,100000,3,2,5,50,0.4871514395086283,1.030517816543579,0.070658745
466,JG074C,244,FAM,#NAME?,FALSE,K4,0,FAM,JG074C.244,UNKNOWN,,16.205666,486,1000,100,1000000,3,2,6,50,0.47684031026671553,1.017454981803894,0.059863317
468,JG074C,245,FAM,#NAME?,FALSE,K5,0,FAM,JG074C.245,UNKNOWN,,20.37416,488,1000,100,100000000,3,2,8,50,0.4624654853675592,1.0939741134643555,-0.073979072
470,JG074C,246,FAM,#NAME?,FALSE,K6,0,FAM,JG074C.246,UNKNOWN,,17.892515,490,1000,10000,100,3,4,2,50,0.7859567829554562,1.738330602645874,0.5176195262641157
472,JG074C,247,FAM,#NAME?,FALSE,K7,0,FAM,JG074C.247,UNKNOWN,,15.762776,492,1000,10000,10000,3,4,4,50,0.5333805412129485,1.1275800466537476,0.12592102225691143
474,JG074C,248,FAM,#NAME?,FALSE,K8,0,FAM,JG074C.248,UNKNOWN,,16.191448,494,1000,10000,100000,3,4,5,50,0.512157873,1.091645598,0.078455052
476,JG074C,249,FAM,#NAME?,FALSE,K9,0,FAM,JG074C.249,UNKNOWN,,16.251463,496,1000,10000,1000000,3,4,6,50,0.5017006736331113,1.055369257926941,0.060875907345453895
478,JG074C,250,FAM,#NAME?,FALSE,K10,0,FAM,JG074C.250,UNKNOWN,,20.65915,498,1000,10000,100000000,3,4,8,50,0.440862685,1.0387057065963745,-0.093627765
480,JG074C,251,FAM,#NAME?,FALSE,K11,0,FAM,JG074C.251,UNKNOWN,,17.610836,500,1000,100000,100,3,5,2,50,0.7778864062326796,1.7119910717010498,0.5175551079879168
482,JG074C,252,FAM,#NAME?,FALSE,K12,0,FAM,JG074C.252,UNKNOWN,,15.911014,502,1000,100000,10000,3,5,4,50,0.5200026370945766,1.108736276626587,0.11055981611430721
484,JG074C,253,FAM,#NAME?,FALSE,K13,0,FAM,JG074C.253,UNKNOWN,,16.373251,504,1000,100000,100000,3,5,5,50,0.4971646840805421,1.0574252605438232,0.056901225
486,JG074C,254,FAM,#NAME?,FALSE,K14,0,FAM,JG074C.254,UNKNOWN,,16.37743,506,1000,100000,1000000,3,5,6,50,0.5040329146459857,1.0646090507507324,0.068912988
488,JG074C,255,FAM,#NAME?,FALSE,K15,0,FAM,JG074C.255,UNKNOWN,,19.731985,508,1000,100000,100000000,3,5,8,50,0.4719509212899945,1.0694814920425415,-0.070026202
490,JG074C,256,FAM,#NAME?,FALSE,K16,0,FAM,JG074C.256,UNKNOWN,,15.637774,510,1000,1000000,100,3,6,2,50,0.7767588334681963,1.6837811470031738,0.44353155057305366
492,JG074C,257,FAM,#NAME?,FALSE,K17,0,FAM,JG074C.257,UNKNOWN,,14.208968,512,1000,1000000,10000,3,6,4,50,0.5498003714613657,1.1635351181030273,0.13141631686862565
494,JG074C,258,FAM,#NAME?,FALSE,K18,0,FAM,JG074C.258,UNKNOWN,,14.787173,514,1000,1000000,100000,3,6,5,50,0.5216562263703708,1.105413794517517,0.095431118
496,JG074C,259,FAM,#NAME?,FALSE,K19,0,FAM,JG074C.259,UNKNOWN,,14.712681,516,1000,1000000,1000000,3,6,6,50,0.49749066794363167,1.040761113166809,0.075039742
498,JG074C,260,FAM,#NAME?,FALSE,K20,0,FAM,JG074C.260,UNKNOWN,,16.68581,518,1000,1000000,100000000,3,6,8,50,0.4751573583563953,1.0687679052352905,-0.01427619
500,JG074C,262,FAM,#NAME?,FALSE,K22,0,FAM,JG074C.262,UNKNOWN,,9.125049,522,1000,100000000,10000,3,8,4,50,0.5753812989583557,1.2065562009811401,0.10029974172111861
502,JG074C,263,FAM,#NAME?,FALSE,K23,0,FAM,JG074C.263,UNKNOWN,,8.867872,524,1000,100000000,100000,3,8,5,50,0.5415942011392376,1.090488314628601,0.057017916
504,JG074C,264,FAM,#NAME?,FALSE,K24,0,FAM,JG074C.264,UNKNOWN,,8.719647,526,1000,100000000,1000000,3,8,6,50,0.5452183134158952,1.154082179069519,0.052428069
506,JG074C,265,FAM,#NAME?,FALSE,L1,0,FAM,JG074C.265,UNKNOWN,,17.449152,528,316,100,100,2.499687082618404,2,2,50,0.7171473281328317,1.6083056926727295,0.3961649240571233
508,JG074C,266,FAM,#NAME?,FALSE,L2,0,FAM,JG074C.266,UNKNOWN,,15.476681,530,316,100,10000,2.499687082618404,2,4,50,0.5237900879106064,1.1393847465515137,0.14791223534665043
510,JG074C,267,FAM,#NAME?,FALSE,L3,0,FAM,JG074C.267,UNKNOWN,,16.15098,532,316,100,100000,2.499687082618404,2,5,50,0.504916816,1.0643715858459473,0.086907955
512,JG074C,268,FAM,#NAME?,FALSE,L4,0,FAM,JG074C.268,UNKNOWN,,16.297264,534,316,100,1000000,2.499687082618404,2,6,50,0.44933590738894413,0.9745009541511536,0.035094273972822276
514,JG074C,269,FAM,#NAME?,FALSE,L5,0,FAM,JG074C.269,UNKNOWN,,20.37179,536,316,100,100000000,2.499687082618404,2,8,50,0.44785676567298305,1.0784471035003662,-0.076920729
516,JG074C,270,FAM,#NAME?,FALSE,L6,0,FAM,JG074C.270,UNKNOWN,,17.9052,538,316,10000,100,2.499687082618404,4,2,50,0.7102638132802869,1.5576839447021484,0.3870622208867366
518,JG074C,271,FAM,#NAME?,FALSE,L7,0,FAM,JG074C.271,UNKNOWN,,15.764659,540,316,10000,10000,2.499687082618404,4,4,50,0.526893142,1.1223676204681396,0.12150825606031479
520,JG074C,272,FAM,#NAME?,FALSE,L8,0,FAM,JG074C.272,UNKNOWN,,16.122328,542,316,10000,100000,2.499687082618404,4,5,50,0.5071166269851285,1.091446042060852,0.094452229
522,JG074C,273,FAM,#NAME?,FALSE,L9,0,FAM,JG074C.273,UNKNOWN,,16.214294,544,316,10000,1000000,2.499687082618404,4,6,50,0.501225506,1.048911213874817,0.076738505
524,JG074C,274,FAM,#NAME?,FALSE,L10,0,FAM,JG074C.274,UNKNOWN,,20.55632,546,316,10000,100000000,2.499687082618404,4,8,50,0.45442309283435434,1.0765149593353271,-0.07486831
526,JG074C,275,FAM,#NAME?,FALSE,L11,0,FAM,JG074C.275,UNKNOWN,,17.696537,548,316,100000,100,2.499687082618404,5,2,50,0.7324581554905075,1.5918290615081787,0.4288784124920699
528,JG074C,276,FAM,#NAME?,FALSE,L12,0,FAM,JG074C.276,UNKNOWN,,15.976015,550,316,100000,10000,2.499687082618404,5,4,50,0.5033449811665766,1.048548698425293,0.089328431
530,JG074C,277,FAM,#NAME?,FALSE,L13,0,FAM,JG074C.277,UNKNOWN,,16.256828,552,316,100000,100000,2.499687082618404,5,5,50,0.49070017975688895,1.0635204315185547,0.074951528
532,JG074C,278,FAM,#NAME?,FALSE,L14,0,FAM,JG074C.278,UNKNOWN,,16.47254,554,316,100000,1000000,2.499687082618404,5,6,50,0.5021689967124966,1.039756417274475,0.068275122
534,JG074C,279,FAM,#NAME?,FALSE,L15,0,FAM,JG074C.279,UNKNOWN,,19.818165,556,316,100000,100000000,2.499687082618404,5,8,50,0.4677623413949735,1.0555715560913086,-0.02744588
536,JG074C,280,FAM,#NAME?,FALSE,L16,0,FAM,JG074C.280,UNKNOWN,,15.523831,558,316,1000000,100,2.499687082618404,6,2,50,0.7256836480010631,1.579507827758789,0.38152276688665987
538,JG074C,282,FAM,#NAME?,FALSE,L18,0,FAM,JG074C.282,UNKNOWN,,14.838787,560,316,1000000,100000,2.499687082618404,6,5,50,0.5120957043310644,1.077690839767456,0.099863736
540,JG074C,283,FAM,#NAME?,FALSE,L19,0,FAM,JG074C.283,UNKNOWN,,14.665529,562,316,1000000,1000000,2.499687082618404,6,6,50,0.5144997330960002,1.0780973434448242,0.083575047
542,JG074C,284,FAM,#NAME?,FALSE,L20,0,FAM,JG074C.284,UNKNOWN,,16.683434,564,316,1000000,100000000,2.499687082618404,6,8,50,0.4761760451503815,1.0587375164031982,-0.008670251
544,JG074C,286,FAM,#NAME?,FALSE,L22,0,FAM,JG074C.286,UNKNOWN,,9.254291,568,316,100000000,10000,2.499687082618404,8,4,50,0.5584625243464046,1.0220099687576294,0.1078535964480864
546,JG074C,287,FAM,#NAME?,FALSE,L23,0,FAM,JG074C.287,UNKNOWN,,9.006427,570,316,100000000,100000,2.499687082618404,8,5,50,0.5202985539265875,1.0296906232833862,0.035498932724757515
548,JG074C,288,FAM,#NAME?,FALSE,L24,0,FAM,JG074C.288,UNKNOWN,,8.68137,572,316,100000000,1000000,2.499687082618404,8,6,50,0.5073881518902585,1.0626051425933838,-0.059854948
550,JG074C,289,FAM,#NAME?,FALSE,M1,0,FAM,JG074C.289,UNKNOWN,,17.669525,574,100,100,100,2,2,2,50,0.5055307604064607,1.0850567817687988,0.16039423203275466
552,JG074C,290,FAM,#NAME?,FALSE,M2,0,FAM,JG074C.290,UNKNOWN,,15.509925,576,100,100,10000,2,2,4,50,0.51263134,1.1064339876174927,0.14209431417628499
554,JG074C,291,FAM,#NAME?,FALSE,M3,0,FAM,JG074C.291,UNKNOWN,,16.004742,578,100,100,100000,2,2,5,50,0.5139944268016978,1.093381404876709,0.11840071118875795
556,JG074C,292,FAM,#NAME?,FALSE,M4,0,FAM,JG074C.292,UNKNOWN,,16.07842,580,100,100,1000000,2,2,6,50,0.4981213392543108,1.0793901681900024,0.074988463
558,JG074C,293,FAM,#NAME?,FALSE,M5,0,FAM,JG074C.293,UNKNOWN,,20.412863,582,100,100,100000000,2,2,8,50,0.4416391052215112,1.0698771476745605,-0.039028264
560,JG074C,294,FAM,#NAME?,FALSE,M6,0,FAM,JG074C.294,UNKNOWN,,17.97996,584,100,10000,100,2,4,2,50,0.6277639945705561,1.3527007102966309,0.2862769422780947
562,JG074C,295,FAM,#NAME?,FALSE,M7,0,FAM,JG074C.295,UNKNOWN,,15.906293,586,100,10000,10000,2,4,4,50,0.5089476571067862,1.0387599468231201,0.097505826
564,JG074C,296,FAM,#NAME?,FALSE,M8,0,FAM,JG074C.296,UNKNOWN,,16.22281,588,100,10000,100000,2,4,5,50,0.5011176089873972,1.0570732355117798,0.09667457
566,JG074C,297,FAM,#NAME?,FALSE,M9,0,FAM,JG074C.297,UNKNOWN,,16.205612,590,100,10000,1000000,2,4,6,50,0.5017328522565767,1.0498332977294922,0.079901006
568,JG074C,298,FAM,#NAME?,FALSE,M10,0,FAM,JG074C.298,UNKNOWN,,20.491503,592,100,10000,100000000,2,4,8,50,0.4499564871408496,1.063079833984375,-0.078046499
570,JG074C,299,FAM,#NAME?,FALSE,M11,0,FAM,JG074C.299,UNKNOWN,,17.648699,594,100,100000,100,2,5,2,50,0.5200025332719556,1.1132136583328247,0.16486038789406932
572,JG074C,300,FAM,#NAME?,FALSE,M12,0,FAM,JG074C.300,UNKNOWN,,15.94433,596,100,100000,10000,2,5,4,50,0.4916844198024559,1.0311375856399536,0.095166442
574,JG074C,301,FAM,#NAME?,FALSE,M13,0,FAM,JG074C.301,UNKNOWN,,16.379906,598,100,100000,100000,2,5,5,50,0.48634493580407745,1.0201400518417358,0.069696698
576,JG074C,302,FAM,#NAME?,FALSE,M14,0,FAM,JG074C.302,UNKNOWN,,16.325241,600,100,100000,1000000,2,5,6,50,0.503063826,1.0641014575958252,0.074514539
578,JG074C,303,FAM,#NAME?,FALSE,M15,0,FAM,JG074C.303,UNKNOWN,,19.749132,602,100,100000,100000000,2,5,8,50,0.49224906631518184,1.0968291759490967,-0.050977049
580,JG074C,304,FAM,#NAME?,FALSE,M16,0,FAM,JG074C.304,UNKNOWN,,15.530673,604,100,1000000,100,2,6,2,50,0.6024276939334685,1.2985371351242065,0.24290148499294728
582,JG074C,305,FAM,#NAME?,FALSE,M17,0,FAM,JG074C.305,UNKNOWN,,14.286985,606,100,1000000,10000,2,6,4,50,0.5291882828025974,1.098647117614746,0.12192101695464358
584,JG074C,306,FAM,#NAME?,FALSE,M18,0,FAM,JG074C.306,UNKNOWN,,14.812843,608,100,1000000,100000,2,6,5,50,0.50584991,1.049593210220337,0.087114387
586,JG074C,307,FAM,#NAME?,FALSE,M19,0,FAM,JG074C.307,UNKNOWN,,14.644072,610,100,1000000,1000000,2,6,6,50,0.5084668050329373,1.0648494958877563,0.084309104
588,JG074C,308,FAM,#NAME?,FALSE,M20,0,FAM,JG074C.308,UNKNOWN,,16.64988,612,100,1000000,100000000,2,6,8,50,0.47348609367867184,1.1076842546463013,0.009265023
590,JG074C,310,FAM,#NAME?,FALSE,M22,0,FAM,JG074C.310,UNKNOWN,,9.072894,616,100,100000000,10000,2,8,4,50,0.6026916493708828,1.2430787086486816,0.1465430641929547
592,JG074C,311,FAM,#NAME?,FALSE,M23,0,FAM,JG074C.311,UNKNOWN,,8.917746,618,100,100000000,100000,2,8,5,50,0.5536739088002929,1.0942496061325073,0.080056315
594,JG074C,312,FAM,#NAME?,FALSE,M24,0,FAM,JG074C.312,UNKNOWN,,8.118745,620,100,100000000,1000000,2,8,6,50,0.5082447108763619,1.2152420282363892,0.003627221
596,JG074C,313,FAM,#NAME?,FALSE,N1,0,FAM,JG074C.313,UNKNOWN,,17.60969,622,31,100,100,1.4913616938342726,2,2,50,0.5038407006397709,1.1060127019882202,0.16162675204952998
598,JG074C,314,FAM,#NAME?,FALSE,N2,0,FAM,JG074C.314,UNKNOWN,,15.395639,624,31,100,10000,1.4913616938342726,2,4,50,0.51523493,1.1337428092956543,0.14357899796380286
600,JG074C,315,FAM,#NAME?,FALSE,N3,0,FAM,JG074C.315,UNKNOWN,,16.076097,626,31,100,100000,1.4913616938342726,2,5,50,0.4891139649731227,1.0586310625076294,0.10372151675866492
602,JG074C,316,FAM,#NAME?,FALSE,N4,0,FAM,JG074C.316,UNKNOWN,,16.103987,628,31,100,1000000,1.4913616938342726,2,6,50,0.4965283648192736,1.0796372890472412,0.075053241
604,JG074C,317,FAM,#NAME?,FALSE,N5,0,FAM,JG074C.317,UNKNOWN,,20.390667,630,31,100,100000000,1.4913616938342726,2,8,50,0.4623796288516995,1.095873475074768,-0.066051935
606,JG074C,318,FAM,#NAME?,FALSE,N6,0,FAM,JG074C.318,UNKNOWN,,17.938087,632,31,10000,100,1.4913616938342726,4,2,50,0.5085333393603696,1.1021746397018433,0.15017372937692347
608,JG074C,319,FAM,#NAME?,FALSE,N7,0,FAM,JG074C.319,UNKNOWN,,15.651732,634,31,10000,10000,1.4913616938342726,4,4,50,0.5094886719936722,1.0830409526824951,0.11469873614084847
610,JG074C,320,FAM,#NAME?,FALSE,N8,0,FAM,JG074C.320,UNKNOWN,,16.61449,636,31,10000,100000,1.4913616938342726,4,5,50,0.5093960526319993,0.7913994789123535,0.10981387192558983
612,JG074C,321,FAM,#NAME?,FALSE,N9,0,FAM,JG074C.321,UNKNOWN,,16.16368,638,31,10000,1000000,1.4913616938342726,4,6,50,0.49939708926093945,1.0575249195098877,0.08528579
614,JG074C,322,FAM,#NAME?,FALSE,N10,0,FAM,JG074C.322,UNKNOWN,,20.605886,640,31,10000,100000000,1.4913616938342726,4,8,50,0.4569743979805382,1.052531361579895,-0.030759357
616,JG074C,323,FAM,#NAME?,FALSE,N11,0,FAM,JG074C.323,UNKNOWN,,17.558899,642,31,100000,100,1.4913616938342726,5,2,50,0.6132642950172489,1.3283714056015015,0.2766858011249122
618,JG074C,324,FAM,#NAME?,FALSE,N12,0,FAM,JG074C.324,UNKNOWN,,15.78141,644,31,100000,10000,1.4913616938342726,5,4,50,0.4966962923184997,1.059871792793274,0.10925207427804468
620,JG074C,325,FAM,#NAME?,FALSE,N13,0,FAM,JG074C.325,UNKNOWN,,16.328281,646,31,100000,100000,1.4913616938342726,5,5,50,0.4880094040932947,1.0176060199737549,0.06452966
622,JG074C,326,FAM,#NAME?,FALSE,N14,0,FAM,JG074C.326,UNKNOWN,,16.455902,648,31,100000,1000000,1.4913616938342726,5,6,50,0.4979302800750973,1.0452194213867188,0.073193321
624,JG074C,327,FAM,#NAME?,FALSE,N15,0,FAM,JG074C.327,UNKNOWN,,19.82774,650,31,100000,100000000,1.4913616938342726,5,8,50,0.46506888231594085,1.0688763856887817,-0.086570047
626,JG074C,328,FAM,#NAME?,FALSE,N16,0,FAM,JG074C.328,UNKNOWN,,15.787753,652,31,1000000,100,1.4913616938342726,6,2,50,0.6278857561433442,1.3277487754821777,0.27259609741998225
628,JG074C,329,FAM,#NAME?,FALSE,N17,0,FAM,JG074C.329,UNKNOWN,,14.272429,654,31,1000000,10000,1.4913616938342726,6,4,50,0.5218461227362277,1.0997697114944458,0.12301133553999488
630,JG074C,330,FAM,#NAME?,FALSE,N18,0,FAM,JG074C.330,UNKNOWN,,14.900341,656,31,1000000,100000,1.4913616938342726,6,5,50,0.5066992376863976,1.0581519603729248,0.096611606
632,JG074C,331,FAM,#NAME?,FALSE,N19,0,FAM,JG074C.331,UNKNOWN,,14.828904,658,31,1000000,1000000,1.4913616938342726,6,6,50,0.5001299747407549,1.035152792930603,0.07542972
634,JG074C,332,FAM,#NAME?,FALSE,N20,0,FAM,JG074C.332,UNKNOWN,,16.765171,660,31,1000000,100000000,1.4913616938342726,6,8,50,0.48122212482418036,1.0834110975265503,0.001256371
636,JG074C,334,FAM,#NAME?,FALSE,N22,0,FAM,JG074C.334,UNKNOWN,,9.00455,664,31,100000000,10000,1.4913616938342726,8,4,50,0.587995246,1.1898714303970337,0.13208147257785607
638,JG074C,335,FAM,#NAME?,FALSE,N23,0,FAM,JG074C.335,UNKNOWN,,8.908201,666,31,100000000,100000,1.4913616938342726,8,5,50,0.5581980050722941,1.0983983278274536,0.088158083
640,JG074C,336,FAM,#NAME?,FALSE,N24,0,FAM,JG074C.336,UNKNOWN,,8.793396,668,31,100000000,1000000,1.4913616938342726,8,6,50,0.5216728795187997,1.055500864982605,0.028079896
642,JG074C,337,FAM,#NAME?,FALSE,O1,0,FAM,JG074C.337,UNKNOWN,,17.721743,670,10,100,100,1,2,2,50,0.6165904667194192,1.248084306716919,0.2469163538779181
644,JG074C,338,FAM,#NAME?,FALSE,O2,0,FAM,JG074C.338,UNKNOWN,,15.428093,672,10,100,10000,1,2,4,50,0.5351253953645276,1.1506412029266357,0.1485822602039475
646,JG074C,339,FAM,#NAME?,FALSE,O3,0,FAM,JG074C.339,UNKNOWN,,16.08347,674,10,100,100000,1,2,5,50,0.49806634201599254,1.0589020252227783,0.097598519
648,JG074C,340,FAM,#NAME?,FALSE,O4,0,FAM,JG074C.340,UNKNOWN,,16.114061,676,10,100,1000000,1,2,6,50,0.4858446736918909,1.0479731559753418,0.082720202
650,JG074C,341,FAM,#NAME?,FALSE,O5,0,FAM,JG074C.341,UNKNOWN,,20.334482,678,10,100,100000000,1,2,8,50,0.4624994848800721,1.0977771282196045,-0.037147236
652,JG074C,342,FAM,#NAME?,FALSE,O6,0,FAM,JG074C.342,UNKNOWN,,17.883888,680,10,10000,100,1,4,2,50,0.5150664848120283,1.1052045822143555,0.17109109249862714
654,JG074C,343,FAM,#NAME?,FALSE,O7,0,FAM,JG074C.343,UNKNOWN,,15.651849,682,10,10000,10000,1,4,4,50,0.49947694482929805,1.0694180727005005,0.11486068761131563
656,JG074C,344,FAM,#NAME?,FALSE,O8,0,FAM,JG074C.344,UNKNOWN,,16.127644,684,10,10000,100000,1,4,5,50,0.49726827829190384,1.0549715757369995,0.098070632
658,JG074C,345,FAM,#NAME?,FALSE,O9,0,FAM,JG074C.345,UNKNOWN,,16.218775,686,10,10000,1000000,1,4,6,50,0.49650718021275014,1.0532469749450684,0.063274142
660,JG074C,346,FAM,#NAME?,FALSE,O10,0,FAM,JG074C.346,UNKNOWN,,20.507963,688,10,10000,100000000,1,4,8,50,0.45965171184334985,1.086440920829773,-0.026466187
662,JG074C,347,FAM,#NAME?,FALSE,O11,0,FAM,JG074C.347,UNKNOWN,,17.682943,690,10,100000,100,1,5,2,50,0.5685262890057594,1.2186983823776245,0.22115930225224562
664,JG074C,348,FAM,#NAME?,FALSE,O12,0,FAM,JG074C.348,UNKNOWN,,15.800466,692,10,100000,10000,1,5,4,50,0.5030595344465887,1.0800731182098389,0.11944670051844053
666,JG074C,349,FAM,#NAME?,FALSE,O13,0,FAM,JG074C.349,UNKNOWN,,16.232464,694,10,100000,100000,1,5,5,50,0.5100053971790276,1.0903922319412231,0.091110503
668,JG074C,350,FAM,#NAME?,FALSE,O14,0,FAM,JG074C.350,UNKNOWN,,16.451485,696,10,100000,1000000,1,5,6,50,0.4828810665554114,1.0040165185928345,0.039506073
670,JG074C,351,FAM,#NAME?,FALSE,O15,0,FAM,JG074C.351,UNKNOWN,,19.8032,698,10,100000,100000000,1,5,8,50,0.4591970789745136,1.0698049068450928,-0.048088067
672,JG074C,352,FAM,#NAME?,FALSE,O16,0,FAM,JG074C.352,UNKNOWN,,15.666798,700,10,1000000,100,1,6,2,50,0.5522287250677962,1.1844648122787476,0.19038791627442853
674,JG074C,353,FAM,#NAME?,FALSE,O17,0,FAM,JG074C.353,UNKNOWN,,14.203528,702,10,1000000,10000,1,6,4,50,0.5149132330396164,1.0851986408233643,0.11831612629378313
676,JG074C,354,FAM,#NAME?,FALSE,O18,0,FAM,JG074C.354,UNKNOWN,,14.810865,704,10,1000000,100000,1,6,5,50,0.4949074429318997,1.0538915395736694,0.072106772
678,JG074C,355,FAM,#NAME?,FALSE,O19,0,FAM,JG074C.355,UNKNOWN,,14.590176,706,10,1000000,1000000,1,6,6,50,0.5018990467166655,1.075040578842163,0.065267494
680,JG074C,356,FAM,#NAME?,FALSE,O20,0,FAM,JG074C.356,UNKNOWN,,16.739618,708,10,1000000,100000000,1,6,8,50,0.4760520569816879,1.1024389266967773,0.011032264658891566
682,JG074C,358,FAM,#NAME?,FALSE,O22,0,FAM,JG074C.358,UNKNOWN,,8.953995,712,10,100000000,10000,1,8,4,50,0.6178193527921417,1.2860623598098755,0.1390775166331285
684,JG074C,359,FAM,#NAME?,FALSE,O23,0,FAM,JG074C.359,UNKNOWN,,8.916655,714,10,100000000,100000,1,8,5,50,0.530646695,1.054031252861023,0.053656964
686,JG074C,360,FAM,#NAME?,FALSE,O24,0,FAM,JG074C.360,UNKNOWN,,8.743864,716,10,100000000,1000000,1,8,6,50,0.5343540124567978,1.095369577407837,0.011937882851554282
688,JG074C,361,FAM,#NAME?,FALSE,P1,0,FAM,JG074C.361,UNKNOWN,,18.02064,718,3,100,100,0.47712125471966244,2,2,50,0.5023411202428875,1.0837663412094116,0.19207917629108473
690,JG074C,362,FAM,#NAME?,FALSE,P2,0,FAM,JG074C.362,UNKNOWN,,15.516639,720,3,100,10000,0.47712125471966244,2,4,50,0.5055027107287741,1.0756834745407104,0.14129493734180798
692,JG074C,363,FAM,#NAME?,FALSE,P3,0,FAM,JG074C.363,UNKNOWN,,16.15487,722,3,100,100000,0.47712125471966244,2,5,50,0.5352939745503602,1.0260931253433228,0.13954054865344928
694,JG074C,364,FAM,#NAME?,FALSE,P4,0,FAM,JG074C.364,UNKNOWN,,16.15298,724,3,100,1000000,0.47712125471966244,2,6,50,0.4799005427207724,1.0423080921173096,0.065012647
696,JG074C,365,FAM,#NAME?,FALSE,P5,0,FAM,JG074C.365,UNKNOWN,,20.40885,726,3,100,100000000,0.47712125471966244,2,8,50,0.4484431031271693,1.1375855207443237,-0.067168569
698,JG074C,366,FAM,#NAME?,FALSE,P6,0,FAM,JG074C.366,UNKNOWN,,17.727299,728,3,10000,100,0.47712125471966244,4,2,50,0.533229871,1.1664589643478394,0.1636363468659941
700,JG074C,367,FAM,#NAME?,FALSE,P7,0,FAM,JG074C.367,UNKNOWN,,15.770181,730,3,10000,10000,0.47712125471966244,4,4,50,0.5190794064157268,1.0807043313980103,0.12691188989439384
702,JG074C,368,FAM,#NAME?,FALSE,P8,0,FAM,JG074C.368,UNKNOWN,,16.134602,732,3,10000,100000,0.47712125471966244,4,5,50,0.4914454920058179,1.0553905963897705,0.10121403328789502
704,JG074C,369,FAM,#NAME?,FALSE,P9,0,FAM,JG074C.369,UNKNOWN,,16.1626,734,3,10000,1000000,0.47712125471966244,4,6,50,0.4890859680053822,1.0433427095413208,0.081505391
706,JG074C,370,FAM,#NAME?,FALSE,P10,0,FAM,JG074C.370,UNKNOWN,,20.489511,736,3,10000,100000000,0.47712125471966244,4,8,50,0.454200575,1.0853856801986694,-0.061550907
708,JG074C,371,FAM,#NAME?,FALSE,P11,0,FAM,JG074C.371,UNKNOWN,,17.67956,738,3,100000,100,0.47712125471966244,5,2,50,0.49166673321962895,1.0510172843933105,0.15115459425158567
710,JG074C,372,FAM,#NAME?,FALSE,P12,0,FAM,JG074C.372,UNKNOWN,,15.735931,740,3,100000,10000,0.47712125471966244,5,4,50,0.501089583,1.0941444635391235,0.12142642938029713
712,JG074C,373,FAM,#NAME?,FALSE,P13,0,FAM,JG074C.373,UNKNOWN,,16.379246,742,3,100000,100000,0.47712125471966244,5,5,50,0.48859308528565115,1.0303844213485718,0.083445819
714,JG074C,374,FAM,#NAME?,FALSE,P14,0,FAM,JG074C.374,UNKNOWN,,16.384768,744,3,100000,1000000,0.47712125471966244,5,6,50,0.49079465993938676,1.057082176208496,0.03211538
716,JG074C,375,FAM,#NAME?,FALSE,P15,0,FAM,JG074C.375,UNKNOWN,,19.913605,746,3,100000,100000000,0.47712125471966244,5,8,50,0.47105199468811526,1.0838322639465332,-0.04742086
718,JG074C,376,FAM,#NAME?,FALSE,P16,0,FAM,JG074C.376,UNKNOWN,,15.592681,748,3,1000000,100,0.47712125471966244,6,2,50,0.5750743385939989,1.2149959802627563,0.1889643177030153
720,JG074C,377,FAM,#NAME?,FALSE,P17,0,FAM,JG074C.377,UNKNOWN,,14.397256,750,3,1000000,10000,0.47712125471966244,6,4,50,0.520868513,1.0773015022277832,0.10375644318872174
722,JG074C,378,FAM,#NAME?,FALSE,P18,0,FAM,JG074C.378,UNKNOWN,,14.656627,752,3,1000000,100000,0.47712125471966244,6,5,50,0.5086481304421023,1.086655855178833,0.089600162
724,JG074C,379,FAM,#NAME?,FALSE,P19,0,FAM,JG074C.379,UNKNOWN,,14.622842,754,3,1000000,1000000,0.47712125471966244,6,6,50,0.5087026453045501,1.0804978609085083,0.060324105797403715
726,JG074C,380,FAM,#NAME?,FALSE,P20,0,FAM,JG074C.380,UNKNOWN,,16.71877,756,3,1000000,100000000,0.47712125471966244,6,8,50,0.495811741,1.1132228374481201,0.015685749203039723
728,JG074C,382,FAM,#NAME?,FALSE,P22,0,FAM,JG074C.382,UNKNOWN,,9.03099,760,3,100000000,10000,0.47712125471966244,8,4,50,0.5812330054348747,1.1666507720947266,0.10647918795532901
730,JG074C,383,FAM,#NAME?,FALSE,P23,0,FAM,JG074C.383,UNKNOWN,,8.841325,762,3,100000000,100000,0.47712125471966244,8,5,50,0.5384202653450633,1.0904990434646606,0.037246207
732,JG074C,384,FAM,#NAME?,FALSE,P24,0,FAM,JG074C.384,UNKNOWN,,8.784948,764,3,100000000,1000000,0.47712125471966244,8,6,50,0.5277180937911198,1.0409698486328125,0.043425158