,Experiment,Well,Target,lg10_Copies,Outlier,WellPosition,Copies,Reporter,Sample,Task,Comments,CT,Reaction,Cycle,Fluorescence,Corr_Fluorescence,L2_500_like,S037.01.01b,S036.0,lg10 L2_500_like,lg10 S037.01.01b,lg10 S036.0,FAM-HEX
0,JG074D,1,FAM,#NAME?,FALSE,A1,0,FAM,JG074D.001,UNKNOWN,,inf,0,50,0.02557585,-0.027890518,100000000,100,100,8,2,2,-0.934858666
2,JG074D,2,FAM,#NAME?,FALSE,A2,0,FAM,JG074D.002,UNKNOWN,,21.419512,2,50,0.094504302,0.20378798246383667,100000000,100,10000,8,2,4,-0.830130161
4,JG074D,3,FAM,#NAME?,FALSE,A3,0,FAM,JG074D.003,UNKNOWN,,23.526396,4,50,0.08438199,0.18033231794834137,100000000,100,100000,8,2,5,-0.858718468
6,JG074D,4,FAM,#NAME?,FALSE,A4,0,FAM,JG074D.004,UNKNOWN,,23.884336,6,50,0.080583062,0.18177664279937744,100000000,100,1000000,8,2,6,-0.874275531
8,JG074D,5,FAM,#NAME?,FALSE,A5,0,FAM,JG074D.005,UNKNOWN,,13.030276,8,50,0.3074857926790285,0.6386139988899231,100000000,100,100000000,8,2,8,-0.670650456
10,JG074D,6,FAM,#NAME?,FALSE,A6,0,FAM,JG074D.006,UNKNOWN,,inf,10,50,0.033810635837733534,-0.022416368,100000000,10000,100,8,4,2,-0.937431758
12,JG074D,7,FAM,#NAME?,FALSE,A7,0,FAM,JG074D.007,UNKNOWN,,21.539629,12,50,0.096309955,0.2023540884256363,100000000,10000,10000,8,4,4,-0.867508862
14,JG074D,8,FAM,#NAME?,FALSE,A8,0,FAM,JG074D.008,UNKNOWN,,inf,14,50,0.071102222,-0.0467037,100000000,10000,100000,8,4,5,-0.900848821
16,JG074D,9,FAM,#NAME?,FALSE,A9,0,FAM,JG074D.009,UNKNOWN,,22.428612,16,50,0.091384959,0.20670434832572937,100000000,10000,1000000,8,4,6,-0.899604222
18,JG074D,10,FAM,#NAME?,FALSE,A10,0,FAM,JG074D.010,UNKNOWN,,12.775315,18,50,0.3175884106297475,0.6806561350822449,100000000,10000,100000000,8,4,8,-0.677369932
20,JG074D,11,FAM,#NAME?,FALSE,A11,0,FAM,JG074D.011,UNKNOWN,,24.93082,20,50,0.076461519,0.15024341642856598,100000000,100000,100,8,5,2,-0.896137826
22,JG074D,12,FAM,#NAME?,FALSE,A12,0,FAM,JG074D.012,UNKNOWN,,18.913477,22,50,0.12043717916517638,0.2281465232372284,100000000,100000,10000,8,5,4,-0.839012675
24,JG074D,13,FAM,#NAME?,FALSE,A13,0,FAM,JG074D.013,UNKNOWN,,19.312672,24,50,0.11602481168089532,0.21361756324768066,100000000,100000,100000,8,5,5,-0.854290359
26,JG074D,14,FAM,#NAME?,FALSE,A14,0,FAM,JG074D.014,UNKNOWN,,18.795898,26,50,0.12497526809033824,0.2378038913011551,100000000,100000,1000000,8,5,6,-0.844708861
28,JG074D,15,FAM,#NAME?,FALSE,A15,0,FAM,JG074D.015,UNKNOWN,,12.832609,28,50,0.33953631318484934,0.7210808396339417,100000000,100000,100000000,8,5,8,-0.660463687
30,JG074D,16,FAM,#NAME?,FALSE,A16,0,FAM,JG074D.016,UNKNOWN,,14.623772,30,50,0.1883649806094779,0.35915666818618774,100000000,1000000,100,8,6,2,-0.737004494
32,JG074D,17,FAM,#NAME?,FALSE,A17,0,FAM,JG074D.017,UNKNOWN,,14.91143,32,50,0.17766448544191207,0.35861918330192566,100000000,1000000,10000,8,6,4,-0.755255737
34,JG074D,18,FAM,#NAME?,FALSE,A18,0,FAM,JG074D.018,UNKNOWN,,15.033392,34,50,0.1754576142127528,0.3474430739879608,100000000,1000000,100000,8,6,5,-0.756483348
36,JG074D,19,FAM,#NAME?,FALSE,A19,0,FAM,JG074D.019,UNKNOWN,,14.947313,36,50,0.18647212040259864,0.37676361203193665,100000000,1000000,1000000,8,6,6,-0.749850948
38,JG074D,20,FAM,#NAME?,FALSE,A20,0,FAM,JG074D.020,UNKNOWN,,12.179438,38,50,0.44524140503312265,0.9882755875587463,100000000,1000000,100000000,8,6,8,-0.521038099
40,JG074D,21,FAM,#NAME?,FALSE,A21,0,FAM,JG074D.021,UNKNOWN,,7.635102,40,50,0.37059830467156496,0.949249804,100000000,100000000,100,8,8,2,-0.414020256
42,JG074D,22,FAM,#NAME?,FALSE,A22,0,FAM,JG074D.022,UNKNOWN,,7.6122537,42,50,0.35365144040377644,0.9072472453117371,100000000,100000000,10000,8,8,4,-0.405573783
44,JG074D,23,FAM,#NAME?,FALSE,A23,0,FAM,JG074D.023,UNKNOWN,,7.573662,44,50,0.3750490228649981,0.960789144,100000000,100000000,100000,8,8,5,-0.417736918
46,JG074D,24,FAM,#NAME?,FALSE,A24,0,FAM,JG074D.024,UNKNOWN,,7.648108,46,50,0.3708509330325959,0.9489678740501404,100000000,100000000,1000000,8,8,6,-0.423692288
48,JG074D,25,FAM,#NAME?,FALSE,B1,0,FAM,JG074D.025,UNKNOWN,,24.807571,48,50,0.088442625,0.17414073646068573,31622776,100,100,7.499999991736717,2,2,-0.818781324
50,JG074D,26,FAM,#NAME?,FALSE,B2,0,FAM,JG074D.026,UNKNOWN,,18.039309,50,50,0.14587400178457682,0.2954857647418976,31622776,100,10000,7.499999991736717,2,4,-0.751884464
52,JG074D,27,FAM,#NAME?,FALSE,B3,0,FAM,JG074D.027,UNKNOWN,,18.704454,52,50,0.13826465442364416,0.271203876,31622776,100,100000,7.499999991736717,2,5,-0.747748224
54,JG074D,28,FAM,#NAME?,FALSE,B4,0,FAM,JG074D.028,UNKNOWN,,21.780302,54,50,0.11756308018191115,0.2515011429786682,31622776,100,1000000,7.499999991736717,2,6,-0.84250407
56,JG074D,29,FAM,#NAME?,FALSE,B5,0,FAM,JG074D.029,UNKNOWN,,12.368774,56,50,0.41970030116888607,0.927878737,31622776,100,100000000,7.499999991736717,2,8,-0.518029989
58,JG074D,30,FAM,#NAME?,FALSE,B6,0,FAM,JG074D.030,UNKNOWN,,24.05793,58,50,0.090974743,0.185999796,31622776,10000,100,7.499999991736717,4,2,-0.87816267
60,JG074D,31,FAM,#NAME?,FALSE,B7,0,FAM,JG074D.031,UNKNOWN,,17.777567,60,50,0.1536094814110476,0.29309725761413574,31622776,10000,10000,7.499999991736717,4,4,-0.752830706
62,JG074D,32,FAM,#NAME?,FALSE,B8,0,FAM,JG074D.032,UNKNOWN,,17.932594,62,50,0.15093382741279493,0.30039405822753906,31622776,10000,100000,7.499999991736717,4,5,-0.752339692
64,JG074D,33,FAM,#NAME?,FALSE,B9,0,FAM,JG074D.033,UNKNOWN,,17.437157,64,50,0.1757293967049458,0.3541242778301239,31622776,10000,1000000,7.499999991736717,4,6,-0.732575095
66,JG074D,34,FAM,#NAME?,FALSE,B10,0,FAM,JG074D.034,UNKNOWN,,12.307373,66,50,0.4344457258855488,0.9771720767021179,31622776,10000,100000000,7.499999991736717,4,8,-0.473522758
68,JG074D,35,FAM,#NAME?,FALSE,B11,0,FAM,JG074D.035,UNKNOWN,,19.426172,68,50,0.1306061991145625,0.24919089674949646,31622776,100000,100,7.499999991736717,5,2,-0.794942683
70,JG074D,36,FAM,#NAME?,FALSE,B12,0,FAM,JG074D.036,UNKNOWN,,16.891836,70,50,0.16845393154565777,0.3309231698513031,31622776,100000,10000,7.499999991736717,5,4,-0.738317158
72,JG074D,37,FAM,#NAME?,FALSE,B13,0,FAM,JG074D.037,UNKNOWN,,17.174849,72,50,0.1656258888867957,0.3223334848880768,31622776,100000,100000,7.499999991736717,5,5,-0.745057703
74,JG074D,38,FAM,#NAME?,FALSE,B14,0,FAM,JG074D.038,UNKNOWN,,16.835772,74,50,0.19285584289054872,0.37703078985214233,31622776,100000,1000000,7.499999991736717,5,6,-0.724816234
76,JG074D,39,FAM,#NAME?,FALSE,B15,0,FAM,JG074D.039,UNKNOWN,,12.312049,76,50,0.4822357000232877,1.0616213083267212,31622776,100000,100000000,7.499999991736717,5,8,-0.43292912
78,JG074D,40,FAM,#NAME?,FALSE,B16,0,FAM,JG074D.040,UNKNOWN,,13.930609,78,50,0.24371974961422618,0.515044093,31622776,1000000,100,7.499999991736717,6,2,-0.658703039
80,JG074D,41,FAM,#NAME?,FALSE,B17,0,FAM,JG074D.041,UNKNOWN,,14.283805,80,50,0.23238403311686973,0.48161888122558594,31622776,1000000,10000,7.499999991736717,6,4,-0.634742577
82,JG074D,42,FAM,#NAME?,FALSE,B18,0,FAM,JG074D.042,UNKNOWN,,14.471426,82,50,0.22879526446935092,0.4658474028110504,31622776,1000000,100000,7.499999991736717,6,5,-0.646516415
84,JG074D,43,FAM,#NAME?,FALSE,B19,0,FAM,JG074D.043,UNKNOWN,,14.244286,84,50,0.2522485831965084,0.5340753793716431,31622776,1000000,1000000,7.499999991736717,6,6,-0.613762258
86,JG074D,44,FAM,#NAME?,FALSE,B20,0,FAM,JG074D.044,UNKNOWN,,11.72403,86,50,0.5826800320550563,1.343999981880188,31622776,1000000,100000000,7.499999991736717,6,8,-0.23633683
88,JG074D,45,FAM,#NAME?,FALSE,B21,0,FAM,JG074D.045,UNKNOWN,,7.564008,88,50,0.4080444370506786,1.0422031879425049,31622776,100000000,100,7.499999991736717,8,2,-0.302941735
90,JG074D,46,FAM,#NAME?,FALSE,B22,0,FAM,JG074D.046,UNKNOWN,,7.5586634,90,50,0.4079514254386924,1.0421547889709473,31622776,100000000,10000,7.499999991736717,8,4,-0.312667847
92,JG074D,47,FAM,#NAME?,FALSE,B23,0,FAM,JG074D.047,UNKNOWN,,7.4174285,92,50,0.40037159529880095,1.024627447128296,31622776,100000000,100000,7.499999991736717,8,5,-0.291673632
94,JG074D,48,FAM,#NAME?,FALSE,B24,0,FAM,JG074D.048,UNKNOWN,,7.719255,94,50,0.4143242663790777,1.0550785064697266,31622776,100000000,1000000,7.499999991736717,8,6,-0.309117214
96,JG074D,49,FAM,#NAME?,FALSE,C1,0,FAM,JG074D.049,UNKNOWN,,19.496153,96,50,0.1482762133164677,0.2975163757801056,10000000,100,100,7,2,2,-0.684273507
98,JG074D,50,FAM,#NAME?,FALSE,C2,0,FAM,JG074D.050,UNKNOWN,,16.8317,98,50,0.20247257048450806,0.41696998476982117,10000000,100,10000,7,2,4,-0.602760639
100,JG074D,51,FAM,#NAME?,FALSE,C3,0,FAM,JG074D.051,UNKNOWN,,17.921675,100,50,0.1715842744501298,0.3452998995780945,10000000,100,100000,7,2,5,-0.66688851
102,JG074D,52,FAM,#NAME?,FALSE,C4,0,FAM,JG074D.052,UNKNOWN,,16.72974,102,50,0.24773532111788713,0.5240728855133057,10000000,100,1000000,7,2,6,-0.595402821
104,JG074D,53,FAM,#NAME?,FALSE,C5,0,FAM,JG074D.053,UNKNOWN,,12.124044,104,50,0.5243486292059897,1.1876875162124634,10000000,100,100000000,7,2,8,-0.200998844
106,JG074D,54,FAM,#NAME?,FALSE,C6,0,FAM,JG074D.054,UNKNOWN,,19.742266,106,50,0.14898601220720142,0.2878989279270172,10000000,10000,100,7,4,2,-0.762703679
108,JG074D,55,FAM,#NAME?,FALSE,C7,0,FAM,JG074D.055,UNKNOWN,,16.377413,108,50,0.2187446984574985,0.46267178654670715,10000000,10000,10000,7,4,4,-0.653676587
110,JG074D,56,FAM,#NAME?,FALSE,C8,0,FAM,JG074D.056,UNKNOWN,,16.839905,110,50,0.21284679356031713,0.4446348249912262,10000000,10000,100000,7,4,5,-0.659589568
112,JG074D,57,FAM,#NAME?,FALSE,C9,0,FAM,JG074D.057,UNKNOWN,,16.632711,112,50,0.26712298714810556,0.5744350552558899,10000000,10000,1000000,7,4,6,-0.632114474
114,JG074D,58,FAM,#NAME?,FALSE,C10,0,FAM,JG074D.058,UNKNOWN,,12.20233,114,50,0.5135611422962314,1.1644083261489868,10000000,10000,100000000,7,4,8,-0.218658791
116,JG074D,59,FAM,#NAME?,FALSE,C11,0,FAM,JG074D.059,UNKNOWN,,17.777058,116,50,0.17865227467344258,0.3583665192127228,10000000,100000,100,7,5,2,-0.688015556
118,JG074D,60,FAM,#NAME?,FALSE,C12,0,FAM,JG074D.060,UNKNOWN,,16.25287,118,50,0.21352061118447935,0.43325573205947876,10000000,100000,10000,7,5,4,-0.636994311
120,JG074D,61,FAM,#NAME?,FALSE,C13,0,FAM,JG074D.061,UNKNOWN,,16.170103,120,50,0.23110702181064618,0.47087234258651733,10000000,100000,100000,7,5,5,-0.614092602
122,JG074D,62,FAM,#NAME?,FALSE,C14,0,FAM,JG074D.062,UNKNOWN,,16.075092,122,50,0.2669186268944112,0.5673916935920715,10000000,100000,1000000,7,5,6,-0.601717917
124,JG074D,63,FAM,#NAME?,FALSE,C15,0,FAM,JG074D.063,UNKNOWN,,12.050929,124,50,0.5802571443700257,1.3188319206237793,10000000,100000,100000000,7,5,8,-0.111439313
126,JG074D,64,FAM,#NAME?,FALSE,C16,0,FAM,JG074D.064,UNKNOWN,,13.9219,126,50,0.30977971022487344,0.6329755783081055,10000000,1000000,100,7,6,2,-0.513777174
128,JG074D,65,FAM,#NAME?,FALSE,C17,0,FAM,JG074D.065,UNKNOWN,,14.138815,128,50,0.28929227265091184,0.6010793447494507,10000000,1000000,10000,7,6,4,-0.52107012
130,JG074D,66,FAM,#NAME?,FALSE,C18,0,FAM,JG074D.066,UNKNOWN,,14.231446,130,50,0.29463069955105914,0.6122314929962158,10000000,1000000,100000,7,6,5,-0.534131639
132,JG074D,67,FAM,#NAME?,FALSE,C19,0,FAM,JG074D.067,UNKNOWN,,14.176552,132,50,0.3339929772541592,0.7180222272872925,10000000,1000000,1000000,7,6,6,-0.470773687
134,JG074D,68,FAM,#NAME?,FALSE,C20,0,FAM,JG074D.068,UNKNOWN,,11.808345,134,50,0.6757486410356175,1.5369237661361694,10000000,1000000,100000000,7,6,8,0.050653202
136,JG074D,69,FAM,#NAME?,FALSE,C21,0,FAM,JG074D.069,UNKNOWN,,7.63666,136,50,0.44757987355693274,1.1384739875793457,10000000,100000000,100,7,8,2,-0.213032424
138,JG074D,70,FAM,#NAME?,FALSE,C22,0,FAM,JG074D.070,UNKNOWN,,7.63458,138,50,0.44279281882561816,1.1268987655639648,10000000,100000000,10000,7,8,4,-0.210214723
140,JG074D,71,FAM,#NAME?,FALSE,C23,0,FAM,JG074D.071,UNKNOWN,,7.6558156,140,50,0.4359065744040997,1.1091395616531372,10000000,100000000,100000,7,8,5,-0.226087249
142,JG074D,72,FAM,#NAME?,FALSE,C24,0,FAM,JG074D.072,UNKNOWN,,7.620988,142,50,0.506234871,1.282235026359558,10000000,100000000,1000000,7,8,6,-0.167725593
144,JG074D,73,FAM,#NAME?,FALSE,D1,0,FAM,JG074D.073,UNKNOWN,,18.76497,144,50,0.18781384493011577,0.3772832453250885,3162277,100,100,6.4999999093351235,2,2,-0.582114236
146,JG074D,74,FAM,#NAME?,FALSE,D2,0,FAM,JG074D.074,UNKNOWN,,16.443453,146,50,0.2519963595963021,0.5362392663955688,3162277,100,10000,6.4999999093351235,2,4,-0.473473773
148,JG074D,75,FAM,#NAME?,FALSE,D3,0,FAM,JG074D.075,UNKNOWN,,17.502834,148,50,0.21308625582485882,0.4079352915287018,3162277,100,100000,6.4999999093351235,2,5,-0.652056949
150,JG074D,76,FAM,#NAME?,FALSE,D4,0,FAM,JG074D.076,UNKNOWN,,16.279453,150,50,0.37108583377907933,0.825600266,3162277,100,1000000,6.4999999093351235,2,6,-0.404481453
152,JG074D,77,FAM,#NAME?,FALSE,D5,0,FAM,JG074D.077,UNKNOWN,,12.140042,152,50,0.5567136337130317,1.2693533897399902,3162277,100,100000000,6.4999999093351235,2,8,0.019711950262836897
154,JG074D,78,FAM,#NAME?,FALSE,D6,0,FAM,JG074D.078,UNKNOWN,,18.509712,154,50,0.1931735255634559,0.3975121080875397,3162277,10000,100,6.4999999093351235,4,2,-0.609999887
156,JG074D,79,FAM,#NAME?,FALSE,D7,0,FAM,JG074D.079,UNKNOWN,,16.115154,156,50,0.2624658409340683,0.5656517148017883,3162277,10000,10000,6.4999999093351235,4,4,-0.484750173
158,JG074D,80,FAM,#NAME?,FALSE,D8,0,FAM,JG074D.080,UNKNOWN,,16.42988,158,50,0.2846562770849136,0.6102516055107117,3162277,10000,100000,6.4999999093351235,4,5,-0.525882559
160,JG074D,81,FAM,#NAME?,FALSE,D9,0,FAM,JG074D.081,UNKNOWN,,16.215586,160,50,0.4059848684425523,0.9150941371917725,3162277,10000,1000000,6.4999999093351235,4,6,-0.421944985
162,JG074D,82,FAM,#NAME?,FALSE,D10,0,FAM,JG074D.082,UNKNOWN,,12.180637,162,50,0.5921595229900655,1.3256384134292603,3162277,10000,100000000,6.4999999093351235,4,8,0.030706684
164,JG074D,83,FAM,#NAME?,FALSE,D11,0,FAM,JG074D.083,UNKNOWN,,17.273256,164,50,0.22938196452679468,0.4777717888355255,3162277,100000,100,6.4999999093351235,5,2,-0.57187862
166,JG074D,84,FAM,#NAME?,FALSE,D12,0,FAM,JG074D.084,UNKNOWN,,15.89293,166,50,0.27161903097411594,0.5771666765213013,3162277,100000,10000,6.4999999093351235,5,4,-0.500646088
168,JG074D,85,FAM,#NAME?,FALSE,D13,0,FAM,JG074D.085,UNKNOWN,,15.948597,168,50,0.2894691319078978,0.6233363747596741,3162277,100000,100000,6.4999999093351235,5,5,-0.501218949
170,JG074D,86,FAM,#NAME?,FALSE,D14,0,FAM,JG074D.086,UNKNOWN,,15.685338,170,50,0.40496375238716226,0.9158494472503662,3162277,100000,1000000,6.4999999093351235,5,6,-0.40681433
172,JG074D,87,FAM,#NAME?,FALSE,D15,0,FAM,JG074D.087,UNKNOWN,,12.055369,172,50,0.6301019103317761,1.4337855577468872,3162277,100000,100000000,6.4999999093351235,5,8,0.092100817
174,JG074D,88,FAM,#NAME?,FALSE,D16,0,FAM,JG074D.088,UNKNOWN,,13.706286,174,50,0.3483405812024959,0.748262882,3162277,1000000,100,6.4999999093351235,6,2,-0.371889135
176,JG074D,89,FAM,#NAME?,FALSE,D17,0,FAM,JG074D.089,UNKNOWN,,14.018626,176,50,0.34213141219919324,0.7293976545333862,3162277,1000000,10000,6.4999999093351235,6,4,-0.380315852
178,JG074D,90,FAM,#NAME?,FALSE,D18,0,FAM,JG074D.090,UNKNOWN,,14.114098,178,50,0.3554709388481449,0.773905337,3162277,1000000,100000,6.4999999093351235,6,5,-0.400960284
180,JG074D,91,FAM,#NAME?,FALSE,D19,0,FAM,JG074D.091,UNKNOWN,,14.099641,180,50,0.47474010409772294,1.068436861038208,3162277,1000000,1000000,6.4999999093351235,6,6,-0.294577716
182,JG074D,92,FAM,#NAME?,FALSE,D20,0,FAM,JG074D.092,UNKNOWN,,11.694658,182,50,0.7257123414936334,1.6764315366744995,3162277,1000000,100000000,6.4999999093351235,6,8,0.2768857263445534
184,JG074D,93,FAM,#NAME?,FALSE,D21,0,FAM,JG074D.093,UNKNOWN,,7.600862,184,50,0.4693829566304431,1.1929806470870972,3162277,100000000,100,6.4999999093351235,8,2,-0.132242438
186,JG074D,94,FAM,#NAME?,FALSE,D22,0,FAM,JG074D.094,UNKNOWN,,7.6684766,186,50,0.4592565578443035,1.166774034500122,3162277,100000000,10000,6.4999999093351235,8,4,-0.165403001
188,JG074D,95,FAM,#NAME?,FALSE,D23,0,FAM,JG074D.095,UNKNOWN,,7.5304966,188,50,0.4960417067009105,1.2591776847839355,3162277,100000000,100000,6.4999999093351235,8,5,-0.102044754
190,JG074D,96,FAM,#NAME?,FALSE,D24,0,FAM,JG074D.096,UNKNOWN,,7.6302915,190,50,0.6358572317856299,1.6012781858444214,3162277,100000000,1000000,6.4999999093351235,8,6,-0.018983232
192,JG074D,97,FAM,#NAME?,FALSE,E1,0,FAM,JG074D.097,UNKNOWN,,18.044262,192,50,0.24724619873836232,0.5404437780380249,1000000,100,100,6,2,2,-0.449924178
194,JG074D,98,FAM,#NAME?,FALSE,E2,0,FAM,JG074D.098,UNKNOWN,,16.32217,194,50,0.2880227092470547,0.6239469647407532,1000000,100,10000,6,2,4,-0.391211676
196,JG074D,99,FAM,#NAME?,FALSE,E3,0,FAM,JG074D.099,UNKNOWN,,16.72119,196,50,0.32693199440109966,0.7268072962760925,1000000,100,100000,6,2,5,-0.360950939
198,JG074D,100,FAM,#NAME?,FALSE,E4,0,FAM,JG074D.100,UNKNOWN,,16.169722,198,50,0.5188978258445119,1.1909352540969849,1000000,100,1000000,6,2,6,-0.218509558
200,JG074D,101,FAM,#NAME?,FALSE,E5,0,FAM,JG074D.101,UNKNOWN,,12.159639,200,50,0.5965517630980554,1.3623050451278687,1000000,100,100000000,6,2,8,0.18235148108380578
202,JG074D,102,FAM,#NAME?,FALSE,E6,0,FAM,JG074D.102,UNKNOWN,,18.114298,202,50,0.2585554920852515,0.5497759580612183,1000000,10000,100,6,4,2,-0.492635293
204,JG074D,103,FAM,#NAME?,FALSE,E7,0,FAM,JG074D.103,UNKNOWN,,16.018671,204,50,0.32023012535705003,0.6966850161552429,1000000,10000,10000,6,4,4,-0.349639111
206,JG074D,104,FAM,#NAME?,FALSE,E8,0,FAM,JG074D.104,UNKNOWN,,16.272877,206,50,0.36407148483047613,0.8101617097854614,1000000,10000,100000,6,4,5,-0.361968489
208,JG074D,105,FAM,#NAME?,FALSE,E9,0,FAM,JG074D.105,UNKNOWN,,16.064713,208,50,0.5699645389647852,1.3125227689743042,1000000,10000,1000000,6,4,6,-0.173629982
210,JG074D,106,FAM,#NAME?,FALSE,E10,0,FAM,JG074D.106,UNKNOWN,,12.217811,210,50,0.6297327320766415,1.417449712753296,1000000,10000,100000000,6,4,8,0.21360671960415556
212,JG074D,107,FAM,#NAME?,FALSE,E11,0,FAM,JG074D.107,UNKNOWN,,17.008898,212,50,0.2853499492129008,0.6238727569580078,1000000,100000,100,6,5,2,-0.428134126
214,JG074D,108,FAM,#NAME?,FALSE,E12,0,FAM,JG074D.108,UNKNOWN,,15.902165,214,50,0.3198430390883486,0.696571946,1000000,100000,10000,6,5,4,-0.403105768
216,JG074D,109,FAM,#NAME?,FALSE,E13,0,FAM,JG074D.109,UNKNOWN,,15.981015,216,50,0.36099003460809653,0.7928929328918457,1000000,100000,100000,6,5,5,-0.350754877
218,JG074D,110,FAM,#NAME?,FALSE,E14,0,FAM,JG074D.110,UNKNOWN,,15.680913,218,50,0.5580009641463483,1.2881784439086914,1000000,100000,1000000,6,5,6,-0.1883516
220,JG074D,111,FAM,#NAME?,FALSE,E15,0,FAM,JG074D.111,UNKNOWN,,12.146821,220,50,0.6616858431758975,1.502433419,1000000,100000,100000000,6,5,8,0.29343635486691116
222,JG074D,112,FAM,#NAME?,FALSE,E16,0,FAM,JG074D.112,UNKNOWN,,13.824208,222,50,0.3944738192580619,0.8442697525024414,1000000,1000000,100,6,6,2,-0.281242071
224,JG074D,113,FAM,#NAME?,FALSE,E17,0,FAM,JG074D.113,UNKNOWN,,14.061049,224,50,0.38660799300240994,0.8370632529258728,1000000,1000000,10000,6,6,4,-0.271231677
226,JG074D,114,FAM,#NAME?,FALSE,E18,0,FAM,JG074D.114,UNKNOWN,,14.23155,226,50,0.42886332977729474,0.922805905,1000000,1000000,100000,6,6,5,-0.235083616
228,JG074D,115,FAM,#NAME?,FALSE,E19,0,FAM,JG074D.115,UNKNOWN,,14.09243,228,50,0.6329649792035783,1.437727689743042,1000000,1000000,1000000,6,6,6,-0.077581316
230,JG074D,116,FAM,#NAME?,FALSE,E20,0,FAM,JG074D.116,UNKNOWN,,11.717497,230,50,0.7703364204764839,1.7886929512023926,1000000,1000000,100000000,6,6,8,0.4465061526573504
232,JG074D,117,FAM,#NAME?,FALSE,E21,0,FAM,JG074D.117,UNKNOWN,,7.564247,232,50,0.49629679243009456,1.2592118978500366,1000000,100000000,100,6,8,2,-0.064896532
234,JG074D,118,FAM,#NAME?,FALSE,E22,0,FAM,JG074D.118,UNKNOWN,,7.591486,234,50,0.4961063896030412,1.258263349533081,1000000,100000000,10000,6,8,4,-0.06096637
236,JG074D,119,FAM,#NAME?,FALSE,E23,0,FAM,JG074D.119,UNKNOWN,,7.668333,236,50,0.5328100360018988,1.3471932411193848,1000000,100000000,100000,6,8,5,-0.052779577
238,JG074D,120,FAM,#NAME?,FALSE,E24,0,FAM,JG074D.120,UNKNOWN,,7.5995836,238,50,0.7788678736344407,1.9532966613769531,1000000,100000000,1000000,6,8,6,0.2202938985204861
240,JG074D,121,FAM,#NAME?,FALSE,F1,0,FAM,JG074D.121,UNKNOWN,,18.01646,240,50,0.29056846533973707,0.637030303,316227,100,100,5.499998947982042,2,2,-0.345405419
242,JG074D,122,FAM,#NAME?,FALSE,F2,0,FAM,JG074D.122,UNKNOWN,,16.24766,242,50,0.37387129165769034,0.8335028886795044,316227,100,10000,5.499998947982042,2,4,-0.270400184
244,JG074D,123,FAM,#NAME?,FALSE,F3,0,FAM,JG074D.123,UNKNOWN,,16.50607,244,50,0.491313682,1.1287468671798706,316227,100,100000,5.499998947982042,2,5,-0.164484673
246,JG074D,124,FAM,#NAME?,FALSE,F4,0,FAM,JG074D.124,UNKNOWN,,16.01628,246,50,0.6886471072420733,1.6079014539718628,316227,100,1000000,5.499998947982042,2,6,0.10079086427290529
248,JG074D,125,FAM,#NAME?,FALSE,F5,0,FAM,JG074D.125,UNKNOWN,,12.210144,248,50,0.6366546682167258,1.4536703824996948,316227,100,100000000,5.499998947982042,2,8,0.319082401
250,JG074D,126,FAM,#NAME?,FALSE,F6,0,FAM,JG074D.126,UNKNOWN,,18.024858,250,50,0.29883246861387924,0.6476067900657654,316227,10000,100,5.499998947982042,4,2,-0.33601994
252,JG074D,127,FAM,#NAME?,FALSE,F7,0,FAM,JG074D.127,UNKNOWN,,16.047264,252,50,0.3989122339351903,0.8884688019752502,316227,10000,10000,5.499998947982042,4,4,-0.217899483
254,JG074D,128,FAM,#NAME?,FALSE,F8,0,FAM,JG074D.128,UNKNOWN,,16.336994,254,50,0.5140050724474957,1.1804641485214233,316227,10000,100000,5.499998947982042,4,5,-0.133562931
256,JG074D,129,FAM,#NAME?,FALSE,F9,0,FAM,JG074D.129,UNKNOWN,,16.020906,256,50,0.6996764592100331,1.6352049112319946,316227,10000,1000000,5.499998947982042,4,6,0.096517005
258,JG074D,130,FAM,#NAME?,FALSE,F10,0,FAM,JG074D.130,UNKNOWN,,12.128096,258,50,0.6750647513855399,1.5481016635894775,316227,10000,100000000,5.499998947982042,4,8,0.3550800706496721
260,JG074D,131,FAM,#NAME?,FALSE,F11,0,FAM,JG074D.131,UNKNOWN,,17.055706,260,50,0.3219896130822907,0.7095644474029541,316227,100000,100,5.499998947982042,5,2,-0.327030726
262,JG074D,132,FAM,#NAME?,FALSE,F12,0,FAM,JG074D.132,UNKNOWN,,15.797158,262,50,0.392002342,0.8785165548324585,316227,100000,10000,5.499998947982042,5,4,-0.261474058
264,JG074D,133,FAM,#NAME?,FALSE,F13,0,FAM,JG074D.133,UNKNOWN,,15.929049,264,50,0.48670475979431715,1.0904934406280518,316227,100000,100000,5.499998947982042,5,5,-0.149698258
266,JG074D,134,FAM,#NAME?,FALSE,F14,0,FAM,JG074D.134,UNKNOWN,,15.826397,266,50,0.6984024070541086,1.6093772649765015,316227,100000,1000000,5.499998947982042,5,6,0.10017676767886996
268,JG074D,135,FAM,#NAME?,FALSE,F15,0,FAM,JG074D.135,UNKNOWN,,12.180922,268,50,0.7247541028342234,1.6516073942184448,316227,100000,100000000,5.499998947982042,5,8,0.44397174963662844
270,JG074D,136,FAM,#NAME?,FALSE,F16,0,FAM,JG074D.136,UNKNOWN,,13.653907,270,50,0.46863903806973994,1.0510332584381104,316227,1000000,100,5.499998947982042,6,2,-0.112402345
272,JG074D,137,FAM,#NAME?,FALSE,F17,0,FAM,JG074D.137,UNKNOWN,,14.041407,272,50,0.4515937411236387,0.9962489008903503,316227,1000000,10000,5.499998947982042,6,4,-0.150360043
274,JG074D,138,FAM,#NAME?,FALSE,F18,0,FAM,JG074D.138,UNKNOWN,,14.133553,274,50,0.5464200944775738,1.2221362590789795,316227,1000000,100000,5.499998947982042,6,5,-0.053090064
276,JG074D,139,FAM,#NAME?,FALSE,F19,0,FAM,JG074D.139,UNKNOWN,,14.0632515,276,50,0.7772527581831387,1.807036042,316227,1000000,1000000,5.499998947982042,6,6,0.21449550240445914
278,JG074D,140,FAM,#NAME?,FALSE,F20,0,FAM,JG074D.140,UNKNOWN,,11.93494,278,50,0.8292585027731249,1.889707326889038,316227,1000000,100000000,5.499998947982042,6,8,0.575640344
280,JG074D,141,FAM,#NAME?,FALSE,F21,0,FAM,JG074D.141,UNKNOWN,,7.5610447,280,50,0.5140795287317872,1.3027617931365967,316227,100000000,100,5.499998947982042,8,2,-0.030542707
282,JG074D,142,FAM,#NAME?,FALSE,F22,0,FAM,JG074D.142,UNKNOWN,,7.7113357,282,50,0.5258794391929321,1.3299850225448608,316227,100000000,10000,5.499998947982042,8,4,-0.002202638
284,JG074D,143,FAM,#NAME?,FALSE,F23,0,FAM,JG074D.143,UNKNOWN,,7.6476507,284,50,0.6507416562205655,1.637607455253601,316227,100000000,100000,5.499998947982042,8,5,0.12011323536417085
286,JG074D,144,FAM,#NAME?,FALSE,F24,0,FAM,JG074D.144,UNKNOWN,,7.4388275,286,50,0.9365257045961602,2.343684196472168,316227,100000000,1000000,5.499998947982042,8,6,0.5426036723186675
288,JG074D,145,FAM,#NAME?,FALSE,G1,0,FAM,JG074D.145,UNKNOWN,,17.991098,288,50,0.3249579152206441,0.7237750291824341,100000,100,100,5,2,2,-0.263474589
290,JG074D,146,FAM,#NAME?,FALSE,G2,0,FAM,JG074D.146,UNKNOWN,,16.221727,290,50,0.4375036590492251,0.9937353134155273,100000,100,10000,5,2,4,-0.126069305
292,JG074D,147,FAM,#NAME?,FALSE,G3,0,FAM,JG074D.147,UNKNOWN,,16.718227,292,50,0.5989072133850057,1.3726931810379028,100000,100,100000,5,2,5,-0.001342017
294,JG074D,148,FAM,#NAME?,FALSE,G4,0,FAM,JG074D.148,UNKNOWN,,16.15989,294,50,0.7564973886506723,1.7647868394851685,100000,100,1000000,5,2,6,0.3409103598810768
296,JG074D,149,FAM,#NAME?,FALSE,G5,0,FAM,JG074D.149,UNKNOWN,,12.239762,296,50,0.6952773654552696,1.583793283,100000,100,100000000,5,2,8,0.42469506758803177
298,JG074D,150,FAM,#NAME?,FALSE,G6,0,FAM,JG074D.150,UNKNOWN,,17.955168,298,50,0.345985167,0.762446404,100000,10000,100,5,4,2,-0.229940971
300,JG074D,151,FAM,#NAME?,FALSE,G7,0,FAM,JG074D.151,UNKNOWN,,16.028105,300,50,0.4474795535107295,1.0054197311401367,100000,10000,10000,5,4,4,-0.1135061
302,JG074D,152,FAM,#NAME?,FALSE,G8,0,FAM,JG074D.152,UNKNOWN,,16.201885,302,50,0.6486497143262527,1.5096421241760254,100000,10000,100000,5,4,5,0.068900204
304,JG074D,153,FAM,#NAME?,FALSE,G9,0,FAM,JG074D.153,UNKNOWN,,16.157948,304,50,0.7622935060541661,1.7776635885238647,100000,10000,1000000,5,4,6,0.3560219563686021
306,JG074D,154,FAM,#NAME?,FALSE,G10,0,FAM,JG074D.154,UNKNOWN,,12.170925,306,50,0.7190814617375977,1.6465983390808105,100000,10000,100000000,5,4,8,0.45711744198736715
308,JG074D,155,FAM,#NAME?,FALSE,G11,0,FAM,JG074D.155,UNKNOWN,,17.061354,308,50,0.3734912075996607,0.823846698,100000,100000,100,5,5,2,-0.243627933
310,JG074D,156,FAM,#NAME?,FALSE,G12,0,FAM,JG074D.156,UNKNOWN,,15.925798,310,50,0.43477689906998834,0.9715285897254944,100000,100000,10000,5,5,4,-0.142012716
312,JG074D,157,FAM,#NAME?,FALSE,G13,0,FAM,JG074D.157,UNKNOWN,,15.739722,312,50,0.6443153853353598,1.4981272220611572,100000,100000,100000,5,5,5,0.022421664849464173
314,JG074D,158,FAM,#NAME?,FALSE,G14,0,FAM,JG074D.158,UNKNOWN,,15.6834345,314,50,0.7829020232051686,1.840575098991394,100000,100000,1000000,5,5,6,0.3565600135118734
316,JG074D,159,FAM,#NAME?,FALSE,G15,0,FAM,JG074D.159,UNKNOWN,,12.047791,316,50,0.7898712799787488,1.8396672010421753,100000,100000,100000000,5,5,8,0.5230809771852001
318,JG074D,160,FAM,#NAME?,FALSE,G16,0,FAM,JG074D.160,UNKNOWN,,13.73032,318,50,0.5566756559295833,1.2470264434814453,100000,1000000,100,5,6,2,-0.009609457
320,JG074D,161,FAM,#NAME?,FALSE,G17,0,FAM,JG074D.161,UNKNOWN,,14.024675,320,50,0.5169780270613962,1.1477136611938477,100000,1000000,10000,5,6,4,-0.063647266
322,JG074D,162,FAM,#NAME?,FALSE,G18,0,FAM,JG074D.162,UNKNOWN,,13.80316,322,50,0.8122921508633824,1.853255271911621,100000,1000000,100000,5,6,5,0.162193116
324,JG074D,163,FAM,#NAME?,FALSE,G19,0,FAM,JG074D.163,UNKNOWN,,14.070171,324,50,0.8236517603770621,1.9160032272338867,100000,1000000,1000000,5,6,6,0.4668815407759183
326,JG074D,164,FAM,#NAME?,FALSE,G20,0,FAM,JG074D.164,UNKNOWN,,11.601946,326,50,0.8483194980145944,1.9681384563446045,100000,1000000,100000000,5,6,8,0.6906181042420818
328,JG074D,165,FAM,#NAME?,FALSE,G21,0,FAM,JG074D.165,UNKNOWN,,7.547202,328,50,0.5362035355967187,1.3569774627685547,100000,100000000,100,5,8,2,0.027545352845194215
330,JG074D,166,FAM,#NAME?,FALSE,G22,0,FAM,JG074D.166,UNKNOWN,,7.529209,330,50,0.5855984303672346,1.4789279699325562,100000,100000000,10000,5,8,4,0.077224485
332,JG074D,168,FAM,#NAME?,FALSE,G24,0,FAM,JG074D.168,UNKNOWN,,7.543974,332,50,0.9465924716527083,2.3661601543426514,100000,100000000,1000000,5,8,6,0.6732589336565984
334,JG074D,169,FAM,#NAME?,FALSE,H1,0,FAM,JG074D.169,UNKNOWN,,17.956963,334,50,0.3800126033425067,0.8511457443237305,31622,100,100,4.499989334334184,2,2,-0.153123512
336,JG074D,170,FAM,#NAME?,FALSE,H2,0,FAM,JG074D.170,UNKNOWN,,16.204498,336,50,0.554074927,1.2811888456344604,31622,100,10000,4.499989334334184,2,4,0.011028897986302688
338,JG074D,171,FAM,#NAME?,FALSE,H3,0,FAM,JG074D.171,UNKNOWN,,16.532957,338,50,0.7511748262525124,1.7641061544418335,31622,100,100000,4.499989334334184,2,5,0.27914822075187534
340,JG074D,172,FAM,#NAME?,FALSE,H4,0,FAM,JG074D.172,UNKNOWN,,16.139502,340,50,0.7949725443228604,1.8603801727294922,31622,100,1000000,4.499989334334184,2,6,0.557091258
342,JG074D,173,FAM,#NAME?,FALSE,H5,0,FAM,JG074D.173,UNKNOWN,,12.239044,342,50,0.7296637803879703,1.678517460823059,31622,100,100000000,4.499989334334184,2,8,0.5171184328359756
344,JG074D,174,FAM,#NAME?,FALSE,H6,0,FAM,JG074D.174,UNKNOWN,,17.980898,344,50,0.3865930077561467,0.8638171553611755,31622,10000,100,4.499989334334184,4,2,-0.126618774
346,JG074D,175,FAM,#NAME?,FALSE,H7,0,FAM,JG074D.175,UNKNOWN,,16.08066,346,50,0.5795999295194676,1.3281950950622559,31622,10000,10000,4.499989334334184,4,4,0.066090661
348,JG074D,176,FAM,#NAME?,FALSE,H8,0,FAM,JG074D.176,UNKNOWN,,16.262722,348,50,0.7648963652582542,1.7961679697036743,31622,10000,100000,4.499989334334184,4,5,0.34306430005767674
350,JG074D,177,FAM,#NAME?,FALSE,H9,0,FAM,JG074D.177,UNKNOWN,,16.098244,350,50,0.8558688589117295,2.011547088623047,31622,10000,1000000,4.499989334334184,4,6,0.6859911317526372
352,JG074D,178,FAM,#NAME?,FALSE,H10,0,FAM,JG074D.178,UNKNOWN,,12.175872,352,50,0.7513207736069637,1.7299249172210693,31622,10000,100000000,4.499989334334184,4,8,0.5307010265018579
354,JG074D,179,FAM,#NAME?,FALSE,H11,0,FAM,JG074D.179,UNKNOWN,,17.058393,354,50,0.40834796977026044,0.9075236916542053,31622,100000,100,4.499989334334184,5,2,-0.173338802
356,JG074D,180,FAM,#NAME?,FALSE,H12,0,FAM,JG074D.180,UNKNOWN,,15.782733,356,50,0.5457174933561125,1.2514185905456543,31622,100000,10000,4.499989334334184,5,4,0.014095298622789909
358,JG074D,181,FAM,#NAME?,FALSE,H13,0,FAM,JG074D.181,UNKNOWN,,15.72478,358,50,0.7799635854422715,1.8350344896316528,31622,100000,100000,4.499989334334184,5,5,0.3481505627290626
360,JG074D,182,FAM,#NAME?,FALSE,H14,0,FAM,JG074D.182,UNKNOWN,,15.803772,360,50,0.8507857208791577,1.9864366054534912,31622,100000,1000000,4.499989334334184,5,6,0.6043229773084506
362,JG074D,183,FAM,#NAME?,FALSE,H15,0,FAM,JG074D.183,UNKNOWN,,12.090645,362,50,0.8000574363190059,1.8365079164505005,31622,100000,100000000,4.499989334334184,5,8,0.6363324054776864
364,JG074D,184,FAM,#NAME?,FALSE,H16,0,FAM,JG074D.184,UNKNOWN,,13.738961,364,50,0.6437506363518556,1.4657621383666992,31622,1000000,100,4.499989334334184,6,2,0.13834933095154756
366,JG074D,185,FAM,#NAME?,FALSE,H17,0,FAM,JG074D.185,UNKNOWN,,14.017348,366,50,0.6285573687959563,1.4314459562301636,31622,1000000,10000,4.499989334334184,6,4,0.13271267676969806
368,JG074D,186,FAM,#NAME?,FALSE,H18,0,FAM,JG074D.186,UNKNOWN,,14.050503,368,50,0.8164165408746074,1.9000452756881714,31622,1000000,100000,4.499989334334184,6,5,0.39864764028877947
370,JG074D,187,FAM,#NAME?,FALSE,H19,0,FAM,JG074D.187,UNKNOWN,,13.993688,370,50,0.8673213754362835,2.0329480171203613,31622,1000000,1000000,4.499989334334184,6,6,0.675460672
372,JG074D,188,FAM,#NAME?,FALSE,H20,0,FAM,JG074D.188,UNKNOWN,,11.86367,372,50,0.864391914,1.9856584072113037,31622,1000000,100000000,4.499989334334184,6,8,0.7388535554931157
374,JG074D,190,FAM,#NAME?,FALSE,H22,0,FAM,JG074D.190,UNKNOWN,,7.445575,374,50,0.6810195896068147,1.7150821685791016,31622,100000000,10000,4.499989334334184,8,4,0.18382256073830472
376,JG074D,191,FAM,#NAME?,FALSE,H23,0,FAM,JG074D.191,UNKNOWN,,7.506981,376,50,0.9143071898685534,2.2879154682159424,31622,100000000,100000,4.499989334334184,8,5,0.5302178891146702
378,JG074D,192,FAM,#NAME?,FALSE,H24,0,FAM,JG074D.192,UNKNOWN,,7.5025215,378,50,0.9908028608173708,2.476086139678955,31622,100000000,1000000,4.499989334334184,8,6,0.848638288
380,JG074D,193,FAM,#NAME?,FALSE,I1,0,FAM,JG074D.193,UNKNOWN,,18.029274,380,50,0.40487305261134715,0.9234742522239685,10000,100,100,4,2,2,-0.108550074
382,JG074D,194,FAM,#NAME?,FALSE,I2,0,FAM,JG074D.194,UNKNOWN,,16.280163,382,50,0.6498037010811354,1.508541226387024,10000,100,10000,4,2,4,0.1748447263988787
384,JG074D,195,FAM,#NAME?,FALSE,I3,0,FAM,JG074D.195,UNKNOWN,,16.525942,384,50,0.7947120511709731,1.8750954866409302,10000,100,100000,4,2,5,0.4903982141976359
386,JG074D,196,FAM,#NAME?,FALSE,I4,0,FAM,JG074D.196,UNKNOWN,,16.1293,386,50,0.8499667957413565,1.999235987663269,10000,100,1000000,4,2,6,0.6783026631442325
388,JG074D,197,FAM,#NAME?,FALSE,I5,0,FAM,JG074D.197,UNKNOWN,,12.155275,388,50,0.7923230542462322,1.8283616304397583,10000,100,100000000,4,2,8,0.6247011784889264
390,JG074D,198,FAM,#NAME?,FALSE,I6,0,FAM,JG074D.198,UNKNOWN,,17.868206,390,50,0.4360860395931369,0.9888054728507996,10000,10000,100,4,4,2,-0.049622985
392,JG074D,199,FAM,#NAME?,FALSE,I7,0,FAM,JG074D.199,UNKNOWN,,16.072197,392,50,0.6879281261928554,1.6071560382843018,10000,10000,10000,4,4,4,0.23399359689371751
394,JG074D,200,FAM,#NAME?,FALSE,I8,0,FAM,JG074D.200,UNKNOWN,,16.392113,394,50,0.8141549132372509,1.906200885772705,10000,10000,100000,4,4,5,0.5465322825196182
396,JG074D,201,FAM,#NAME?,FALSE,I9,0,FAM,JG074D.201,UNKNOWN,,16.205708,396,50,0.8512299951529209,1.9912298917770386,10000,10000,1000000,4,4,6,0.6862756785163749
398,JG074D,202,FAM,#NAME?,FALSE,I10,0,FAM,JG074D.202,UNKNOWN,,12.228161,398,50,0.7885529603290323,1.8212175369262695,10000,10000,100000000,4,4,8,0.6192491105133651
400,JG074D,203,FAM,#NAME?,FALSE,I11,0,FAM,JG074D.203,UNKNOWN,,17.032738,400,50,0.4357694711494663,0.9735497236251831,10000,100000,100,4,5,2,-0.060419896
402,JG074D,204,FAM,#NAME?,FALSE,I12,0,FAM,JG074D.204,UNKNOWN,,15.921747,402,50,0.6860169865626637,1.5782718658447266,10000,100000,10000,4,5,4,0.20193006355949727
404,JG074D,205,FAM,#NAME?,FALSE,I13,0,FAM,JG074D.205,UNKNOWN,,15.695348,404,50,0.8300149855949337,1.9577003717422485,10000,100000,100000,4,5,5,0.5480550152192467
406,JG074D,206,FAM,#NAME?,FALSE,I14,0,FAM,JG074D.206,UNKNOWN,,15.706923,406,50,0.8829302065346379,2.0645344257354736,10000,100000,1000000,4,5,6,0.7566009098511292
408,JG074D,207,FAM,#NAME?,FALSE,I15,0,FAM,JG074D.207,UNKNOWN,,12.259835,408,50,0.8146931738840876,1.8485850095748901,10000,100000,100000000,4,5,8,0.690083423
410,JG074D,208,FAM,#NAME?,FALSE,I16,0,FAM,JG074D.208,UNKNOWN,,13.884613,410,50,0.5155821707004375,1.137869954109192,10000,1000000,100,4,6,2,0.058587179
412,JG074D,209,FAM,#NAME?,FALSE,I17,0,FAM,JG074D.209,UNKNOWN,,14.067532,412,50,0.7564918644991919,1.7383257150650024,10000,1000000,10000,4,6,4,0.3129773444689245
414,JG074D,210,FAM,#NAME?,FALSE,I18,0,FAM,JG074D.210,UNKNOWN,,13.845741,414,50,0.8724699846692214,2.065326690673828,10000,1000000,100000,4,6,5,0.6071657079295358
416,JG074D,211,FAM,#NAME?,FALSE,I19,0,FAM,JG074D.211,UNKNOWN,,14.06408,416,50,0.8779768390671522,2.0473599433898926,10000,1000000,1000000,4,6,6,0.7712149066576465
418,JG074D,212,FAM,#NAME?,FALSE,I20,0,FAM,JG074D.212,UNKNOWN,,11.820258,418,50,0.8653449055898332,1.996281385421753,10000,1000000,100000000,4,6,8,0.7704398429834765
420,JG074D,213,FAM,#NAME?,FALSE,I21,0,FAM,JG074D.213,UNKNOWN,,7.6160283,420,50,0.5984210304483241,1.509662151,10000,100000000,100,4,8,2,0.10115384190539772
422,JG074D,214,FAM,#NAME?,FALSE,I22,0,FAM,JG074D.214,UNKNOWN,,7.5137877,422,50,0.8096465613470613,2.0303640365600586,10000,100000000,10000,4,8,4,0.36710672715535264
424,JG074D,215,FAM,#NAME?,FALSE,I23,0,FAM,JG074D.215,UNKNOWN,,7.5207896,424,50,0.9551133403908967,2.3877179622650146,10000,100000000,100000,4,8,5,0.7013353230247092
426,JG074D,216,FAM,#NAME?,FALSE,I24,0,FAM,JG074D.216,UNKNOWN,,7.5843515,426,50,0.9743561429767374,2.434173107147217,10000,100000000,1000000,4,8,6,0.8837010712721777
428,JG074D,217,FAM,#NAME?,FALSE,J1,0,FAM,JG074D.217,UNKNOWN,,17.9247,428,50,0.45228014574827885,1.0432565212249756,3162,100,100,3.499961866,2,2,0.020461272236503014
430,JG074D,218,FAM,#NAME?,FALSE,J2,0,FAM,JG074D.218,UNKNOWN,,16.229431,430,50,0.7531459326390456,1.7741683721542358,3162,100,10000,3.499961866,2,4,0.38489559588748495
432,JG074D,219,FAM,#NAME?,FALSE,J3,0,FAM,JG074D.219,UNKNOWN,,16.573322,432,50,0.8235296181133617,1.9529577493667603,3162,100,100000,3.499961866,2,5,0.6778056747258806
434,JG074D,220,FAM,#NAME?,FALSE,J4,0,FAM,JG074D.220,UNKNOWN,,16.07366,434,50,0.8571360331655502,2.0249123573303223,3162,100,1000000,3.499961866,2,6,0.7585206102497608
436,JG074D,221,FAM,#NAME?,FALSE,J5,0,FAM,JG074D.221,UNKNOWN,,12.182421,436,50,0.8559216839892501,1.9878557920455933,3162,100,100000000,3.499961866,2,8,0.6885285882766947
438,JG074D,222,FAM,#NAME?,FALSE,J6,0,FAM,JG074D.222,UNKNOWN,,17.950495,438,50,0.4821178509530539,1.087753176689148,3162,10000,100,3.499961866,4,2,0.041756163
440,JG074D,223,FAM,#NAME?,FALSE,J7,0,FAM,JG074D.223,UNKNOWN,,15.930369,440,50,0.8026992162325087,1.8925833702087402,3162,10000,10000,3.499961866,4,4,0.46218937745343236
442,JG074D,224,FAM,#NAME?,FALSE,J8,0,FAM,JG074D.224,UNKNOWN,,16.414629,442,50,0.8507690498874372,2.0015554428100586,3162,10000,100000,3.499961866,4,5,0.7240820002901122
444,JG074D,225,FAM,#NAME?,FALSE,J9,0,FAM,JG074D.225,UNKNOWN,,16.076307,444,50,0.868899286,2.049393653869629,3162,10000,1000000,3.499961866,4,6,0.7814485652319724
446,JG074D,226,FAM,#NAME?,FALSE,J10,0,FAM,JG074D.226,UNKNOWN,,12.205799,446,50,0.815399248,1.8771785497665405,3162,10000,100000000,3.499961866,4,8,0.6807633511402447
448,JG074D,227,FAM,#NAME?,FALSE,J11,0,FAM,JG074D.227,UNKNOWN,,17.080078,448,50,0.478166245,1.072428822517395,3162,100000,100,3.499961866,5,2,0.025911908717049237
450,JG074D,228,FAM,#NAME?,FALSE,J12,0,FAM,JG074D.228,UNKNOWN,,15.815674,450,50,0.7858173926329731,1.8345423936843872,3162,100000,10000,3.499961866,5,4,0.42305694386927517
452,JG074D,229,FAM,#NAME?,FALSE,J13,0,FAM,JG074D.229,UNKNOWN,,15.766526,452,50,0.8701396704842732,2.050790786743164,3162,100000,100000,3.499961866,5,5,0.7190325797112622
454,JG074D,230,FAM,#NAME?,FALSE,J14,0,FAM,JG074D.230,UNKNOWN,,15.553241,454,50,0.8831188038555406,2.080549716949463,3162,100000,1000000,3.499961866,5,6,0.8132328635035913
456,JG074D,231,FAM,#NAME?,FALSE,J15,0,FAM,JG074D.231,UNKNOWN,,12.150827,456,50,0.8572284975166461,1.9758344888687134,3162,100000,100000000,3.499961866,5,8,0.7678575014181709
458,JG074D,232,FAM,#NAME?,FALSE,J16,0,FAM,JG074D.232,UNKNOWN,,13.677641,458,50,0.5445642782239257,1.251333475112915,3162,1000000,100,3.499961866,6,2,0.11429167
460,JG074D,233,FAM,#NAME?,FALSE,J17,0,FAM,JG074D.233,UNKNOWN,,14.050787,460,50,0.8400733299880281,1.9548934698104858,3162,1000000,10000,3.499961866,6,4,0.5104795860027684
462,JG074D,234,FAM,#NAME?,FALSE,J18,0,FAM,JG074D.234,UNKNOWN,,14.130483,462,50,0.8918551978791612,2.0754005908966064,3162,1000000,100000,3.499961866,6,5,0.775361264
464,JG074D,235,FAM,#NAME?,FALSE,J19,0,FAM,JG074D.235,UNKNOWN,,14.051205,464,50,0.8712790449185963,2.0309033393859863,3162,1000000,1000000,3.499961866,6,6,0.8074344725496149
466,JG074D,236,FAM,#NAME?,FALSE,J20,0,FAM,JG074D.236,UNKNOWN,,11.776307,466,50,0.8804107219966083,2.038996934890747,3162,1000000,100000000,3.499961866,6,8,0.8088468540047289
468,JG074D,237,FAM,#NAME?,FALSE,J21,0,FAM,JG074D.237,UNKNOWN,,7.582932,468,50,0.649573756,1.6353520154953003,3162,100000000,100,3.499961866,8,2,0.17298483675437126
470,JG074D,238,FAM,#NAME?,FALSE,J22,0,FAM,JG074D.238,UNKNOWN,,7.604378,470,50,0.880978007,2.2039148807525635,3162,100000000,10000,3.499961866,8,4,0.532161756
472,JG074D,239,FAM,#NAME?,FALSE,J23,0,FAM,JG074D.239,UNKNOWN,,7.5029163,472,50,0.9814690489122213,2.4535086154937744,3162,100000000,100000,3.499961866,8,5,0.8618703915038752
474,JG074D,240,FAM,#NAME?,FALSE,J24,0,FAM,JG074D.240,UNKNOWN,,7.513224,474,50,0.9923138269121953,2.479384660720825,3162,100000000,1000000,3.499961866,8,6,0.9314648883636681
476,JG074D,241,FAM,#NAME?,FALSE,K1,0,FAM,JG074D.241,UNKNOWN,,17.955606,476,50,0.504750466,1.169734239578247,1000,100,100,3,2,2,0.066549141
478,JG074D,242,FAM,#NAME?,FALSE,K2,0,FAM,JG074D.242,UNKNOWN,,16.032896,478,50,0.8382949079455564,1.9944722652435303,1000,100,10000,3,2,4,0.6110859580941618
480,JG074D,243,FAM,#NAME?,FALSE,K3,0,FAM,JG074D.243,UNKNOWN,,16.551071,480,50,0.841128026,1.9955683946609497,1000,100,100000,3,2,5,0.7533074301283388
482,JG074D,244,FAM,#NAME?,FALSE,K4,0,FAM,JG074D.244,UNKNOWN,,16.099098,482,50,0.8660820796527493,2.0365569591522217,1000,100,1000000,3,2,6,0.7982019938348176
484,JG074D,245,FAM,#NAME?,FALSE,K5,0,FAM,JG074D.245,UNKNOWN,,12.19365,484,50,0.8552704632371971,1.972112774848938,1000,100,100000000,3,2,8,0.7616763058338966
486,JG074D,246,FAM,#NAME?,FALSE,K6,0,FAM,JG074D.246,UNKNOWN,,17.793777,486,50,0.5701771520946208,1.3290481567382812,1000,10000,100,3,4,2,0.17141540757867385
488,JG074D,247,FAM,#NAME?,FALSE,K7,0,FAM,JG074D.247,UNKNOWN,,16.11728,488,50,0.8472204420030955,1.980409026145935,1000,10000,10000,3,4,4,0.6081935681661781
490,JG074D,248,FAM,#NAME?,FALSE,K8,0,FAM,JG074D.248,UNKNOWN,,16.34481,490,50,0.8918936168064299,2.095226764678955,1000,10000,100000,3,4,5,0.8178032423119973
492,JG074D,249,FAM,#NAME?,FALSE,K9,0,FAM,JG074D.249,UNKNOWN,,16.20353,492,50,0.8691173780453626,2.0307934284210205,1000,10000,1000000,3,4,6,0.8168169495283071
494,JG074D,250,FAM,#NAME?,FALSE,K10,0,FAM,JG074D.250,UNKNOWN,,12.190783,494,50,0.8368649167550469,1.9198050498962402,1000,10000,100000000,3,4,8,0.7490719931319838
496,JG074D,251,FAM,#NAME?,FALSE,K11,0,FAM,JG074D.251,UNKNOWN,,16.94952,496,50,0.508475291,1.1618276834487915,1000,100000,100,3,5,2,0.075570712
498,JG074D,252,FAM,#NAME?,FALSE,K12,0,FAM,JG074D.252,UNKNOWN,,15.901929,498,50,0.8322131188413452,1.946798324584961,1000,100000,10000,3,5,4,0.6010842817557237
500,JG074D,253,FAM,#NAME?,FALSE,K13,0,FAM,JG074D.253,UNKNOWN,,15.966334,500,50,0.8573024520187915,2.0023725032806396,1000,100000,100000,3,5,5,0.7828452220886253
502,JG074D,254,FAM,#NAME?,FALSE,K14,0,FAM,JG074D.254,UNKNOWN,,15.56268,502,50,0.9026127719028024,2.134321451187134,1000,100000,1000000,3,5,6,0.8481504061309046
504,JG074D,255,FAM,#NAME?,FALSE,K15,0,FAM,JG074D.255,UNKNOWN,,12.045077,504,50,0.8847476068929337,2.0536766052246094,1000,100000,100000000,3,5,8,0.8237987402368618
506,JG074D,256,FAM,#NAME?,FALSE,K16,0,FAM,JG074D.256,UNKNOWN,,13.543931,506,50,0.6236730971847613,1.4381904602050781,1000,1000000,100,3,6,2,0.1819840090313916
508,JG074D,257,FAM,#NAME?,FALSE,K17,0,FAM,JG074D.257,UNKNOWN,,13.868527,508,50,0.8871747028777748,2.094606637954712,1000,1000000,10000,3,6,4,0.6910713873191022
510,JG074D,258,FAM,#NAME?,FALSE,K18,0,FAM,JG074D.258,UNKNOWN,,14.066859,510,50,0.9177390992948932,2.1350021362304688,1000,1000000,100000,3,6,5,0.8404306665763499
512,JG074D,259,FAM,#NAME?,FALSE,K19,0,FAM,JG074D.259,UNKNOWN,,14.04364,512,50,0.8870962581076037,2.0644447803497314,1000,1000000,1000000,3,6,6,0.837936845
514,JG074D,260,FAM,#NAME?,FALSE,K20,0,FAM,JG074D.260,UNKNOWN,,11.855009,514,50,0.8928772553445593,2.063605308532715,1000,1000000,100000000,3,6,8,0.8350285249120853
516,JG074D,261,FAM,#NAME?,FALSE,K21,0,FAM,JG074D.261,UNKNOWN,,7.577499,516,50,0.7606560893425931,1.908516764640808,1000,100000000,100,3,8,2,0.3367216909377972
518,JG074D,262,FAM,#NAME?,FALSE,K22,0,FAM,JG074D.262,UNKNOWN,,7.550929,518,50,0.894103612,2.2363367080688477,1000,100000000,10000,3,8,4,0.6807256528553538
520,JG074D,263,FAM,#NAME?,FALSE,K23,0,FAM,JG074D.263,UNKNOWN,,7.636566,520,50,0.936675671,2.3399293422698975,1000,100000000,100000,3,8,5,0.8429280949715587
522,JG074D,264,FAM,#NAME?,FALSE,K24,0,FAM,JG074D.264,UNKNOWN,,7.6145287,522,50,0.9711694276526857,2.4253573417663574,1000,100000000,1000000,3,8,6,0.9095893984229944
524,JG074D,265,FAM,#NAME?,FALSE,L1,0,FAM,JG074D.265,UNKNOWN,,17.827524,524,50,0.6367952763665905,1.4948253631591797,316,100,100,2.499687082618404,2,2,0.24250067414308396
526,JG074D,266,FAM,#NAME?,FALSE,L2,0,FAM,JG074D.266,UNKNOWN,,16.13103,526,50,0.8735031707833619,2.0654332637786865,316,100,10000,2.499687082618404,2,4,0.7661324328379366
528,JG074D,267,FAM,#NAME?,FALSE,L3,0,FAM,JG074D.267,UNKNOWN,,16.491928,528,50,0.9113466903667723,2.161841393,316,100,100000,2.499687082618404,2,5,0.8397965663767758
530,JG074D,269,FAM,#NAME?,FALSE,L5,0,FAM,JG074D.269,UNKNOWN,,12.1661,530,50,0.848813376,1.982574224472046,316,100,100000000,2.499687082618404,2,8,0.7809292206838169
532,JG074D,270,FAM,#NAME?,FALSE,L6,0,FAM,JG074D.270,UNKNOWN,,17.814388,532,50,0.6262836316849375,1.4515247344970703,316,10000,100,2.499687082618404,4,2,0.24534541977839236
534,JG074D,271,FAM,#NAME?,FALSE,L7,0,FAM,JG074D.271,UNKNOWN,,16.046356,534,50,0.8753971118683985,2.0637006759643555,316,10000,10000,2.499687082618404,4,4,0.7829499221350804
536,JG074D,272,FAM,#NAME?,FALSE,L8,0,FAM,JG074D.272,UNKNOWN,,16.404839,536,50,0.8793903548245419,2.064293861,316,10000,100000,2.499687082618404,4,5,0.8321721453165938
538,JG074D,273,FAM,#NAME?,FALSE,L9,0,FAM,JG074D.273,UNKNOWN,,16.158396,538,50,0.9106742810677267,2.1327216625213623,316,10000,1000000,2.499687082618404,4,6,0.8576926241869526
540,JG074D,274,FAM,#NAME?,FALSE,L10,0,FAM,JG074D.274,UNKNOWN,,12.121904,540,50,0.8812703672861423,2.0385477542877197,316,10000,100000000,2.499687082618404,4,8,0.8189720239222885
542,JG074D,275,FAM,#NAME?,FALSE,L11,0,FAM,JG074D.275,UNKNOWN,,17.084072,542,50,0.6244700985358695,1.4325919151306152,316,100000,100,2.499687082618404,5,2,0.22727620487382255
544,JG074D,276,FAM,#NAME?,FALSE,L12,0,FAM,JG074D.276,UNKNOWN,,15.748467,544,50,0.8509982369876721,2.0043654441833496,316,100000,10000,2.499687082618404,5,4,0.7347959105608206
546,JG074D,277,FAM,#NAME?,FALSE,L13,0,FAM,JG074D.277,UNKNOWN,,15.908843,546,50,0.8734524134727512,2.055083990097046,316,100000,100000,2.499687082618404,5,5,0.8230596044282105
548,JG074D,278,FAM,#NAME?,FALSE,L14,0,FAM,JG074D.278,UNKNOWN,,15.606687,548,50,0.8967644767359161,2.0963656902313232,316,100000,1000000,2.499687082618404,5,6,0.8594982855545119
550,JG074D,279,FAM,#NAME?,FALSE,L15,0,FAM,JG074D.279,UNKNOWN,,12.146739,550,50,0.8894799704022512,2.0533409118652344,316,100000,100000000,2.499687082618404,5,8,0.8424893661724122
552,JG074D,280,FAM,#NAME?,FALSE,L16,0,FAM,JG074D.280,UNKNOWN,,13.844781,552,50,0.6947207708106273,1.5840362310409546,316,1000000,100,2.499687082618404,6,2,0.29390304262530337
554,JG074D,282,FAM,#NAME?,FALSE,L18,0,FAM,JG074D.282,UNKNOWN,,14.065677,554,50,0.9061727600849385,2.127692461013794,316,1000000,100000,2.499687082618404,6,5,0.8495273842016803
556,JG074D,283,FAM,#NAME?,FALSE,L19,0,FAM,JG074D.283,UNKNOWN,,14.011328,556,50,0.8920144947610373,2.0971288681030273,316,1000000,1000000,2.499687082618404,6,6,0.8495176320742102
558,JG074D,284,FAM,#NAME?,FALSE,L20,0,FAM,JG074D.284,UNKNOWN,,11.666669,558,50,0.8969642360566403,2.125211000442505,316,1000000,100000000,2.499687082618404,6,8,0.8452670233361911
560,JG074D,285,FAM,#NAME?,FALSE,L21,0,FAM,JG074D.285,UNKNOWN,,7.7022614,560,50,0.8426393150261973,2.108285903930664,316,100000000,100,2.499687082618404,8,2,0.5220042377922873
562,JG074D,286,FAM,#NAME?,FALSE,L22,0,FAM,JG074D.286,UNKNOWN,,8.564253,562,50,0.9047708944658931,1.9566410779953003,316,100000000,10000,2.499687082618404,8,4,0.7829664629631796
564,JG074D,287,FAM,#NAME?,FALSE,L23,0,FAM,JG074D.287,UNKNOWN,,7.71974,564,50,0.909760606,2.271831512451172,316,100000000,100000,2.499687082618404,8,5,0.8346826764953937
566,JG074D,288,FAM,#NAME?,FALSE,L24,0,FAM,JG074D.288,UNKNOWN,,7.606907,566,50,0.9647537320914994,2.4092137813568115,316,100000000,1000000,2.499687082618404,8,6,0.8835482413865496
568,JG074D,289,FAM,#NAME?,FALSE,M1,0,FAM,JG074D.289,UNKNOWN,,18.063046,568,50,0.7140502725587385,1.6668250560760498,100,100,100,2,2,2,0.4014036987052782
570,JG074D,290,FAM,#NAME?,FALSE,M2,0,FAM,JG074D.290,UNKNOWN,,16.235804,570,50,0.8778275899558611,2.072298049926758,100,100,10000,2,2,4,0.8282415211894407
572,JG074D,291,FAM,#NAME?,FALSE,M3,0,FAM,JG074D.291,UNKNOWN,,16.487154,572,50,0.8952224865576542,2.1164870262145996,100,100,100000,2,2,5,0.8549224221337971
574,JG074D,292,FAM,#NAME?,FALSE,M4,0,FAM,JG074D.292,UNKNOWN,,16.025078,574,50,0.9135652829843086,2.148129940032959,100,100,1000000,2,2,6,0.8589226289240244
576,JG074D,293,FAM,#NAME?,FALSE,M5,0,FAM,JG074D.293,UNKNOWN,,12.181015,576,50,0.8519372790690921,1.9821244478225708,100,100,100000000,2,2,8,0.7970968630264075
578,JG074D,294,FAM,#NAME?,FALSE,M6,0,FAM,JG074D.294,UNKNOWN,,17.991499,578,50,0.7356684329938897,1.709438443183899,100,10000,100,2,4,2,0.4375574848189447
580,JG074D,295,FAM,#NAME?,FALSE,M7,0,FAM,JG074D.295,UNKNOWN,,16.152433,580,50,0.8874566453214555,2.072330951690674,100,10000,10000,2,4,4,0.8110242161240411
582,JG074D,296,FAM,#NAME?,FALSE,M8,0,FAM,JG074D.296,UNKNOWN,,16.38887,582,50,0.8735177315613446,2.0512428283691406,100,10000,100000,2,4,5,0.8334816210775595
584,JG074D,297,FAM,#NAME?,FALSE,M9,0,FAM,JG074D.297,UNKNOWN,,16.085524,584,50,0.9022865953164088,2.115180492401123,100,10000,1000000,2,4,6,0.8673804124203343
586,JG074D,298,FAM,#NAME?,FALSE,M10,0,FAM,JG074D.298,UNKNOWN,,12.173169,586,50,0.8654461245992164,2.0001113414764404,100,10000,100000000,2,4,8,0.8197634982535968
588,JG074D,299,FAM,#NAME?,FALSE,M11,0,FAM,JG074D.299,UNKNOWN,,17.027052,588,50,0.706094097,1.6377655267715454,100,100000,100,2,5,2,0.3753966671469721
590,JG074D,300,FAM,#NAME?,FALSE,M12,0,FAM,JG074D.300,UNKNOWN,,15.992325,590,50,0.8588584451024387,1.9962913990020752,100,100000,10000,2,5,4,0.7787835981859055
592,JG074D,301,FAM,#NAME?,FALSE,M13,0,FAM,JG074D.301,UNKNOWN,,15.920087,592,50,0.8617966478918232,2.0105020999908447,100,100000,100000,2,5,5,0.8124301625901224
594,JG074D,302,FAM,#NAME?,FALSE,M14,0,FAM,JG074D.302,UNKNOWN,,15.772611,594,50,0.9056650050638535,2.118490695953369,100,100000,1000000,2,5,6,0.860361174
596,JG074D,303,FAM,#NAME?,FALSE,M15,0,FAM,JG074D.303,UNKNOWN,,12.046221,596,50,0.9416900191554803,2.1768693923950195,100,100000,100000000,2,5,8,0.8765231317584159
598,JG074D,304,FAM,#NAME?,FALSE,M16,0,FAM,JG074D.304,UNKNOWN,,13.825934,598,50,0.7025466576329912,1.5911715030670166,100,1000000,100,2,6,2,0.3288163166736928
600,JG074D,305,FAM,#NAME?,FALSE,M17,0,FAM,JG074D.305,UNKNOWN,,13.984585,600,50,0.891501141,2.0751490592956543,100,1000000,10000,2,6,4,0.830392533
602,JG074D,306,FAM,#NAME?,FALSE,M18,0,FAM,JG074D.306,UNKNOWN,,14.113991,602,50,0.9044344760662718,2.080293655395508,100,1000000,100000,2,6,5,0.854623539
604,JG074D,307,FAM,#NAME?,FALSE,M19,0,FAM,JG074D.307,UNKNOWN,,14.049255,604,50,0.899597756,2.1037280559539795,100,1000000,1000000,2,6,6,0.8576429036658845
606,JG074D,308,FAM,#NAME?,FALSE,M20,0,FAM,JG074D.308,UNKNOWN,,11.651916,606,50,0.900664403,2.108562946,100,1000000,100000000,2,6,8,0.8455812156607877
608,JG074D,309,FAM,#NAME?,FALSE,M21,0,FAM,JG074D.309,UNKNOWN,,7.6188374,608,50,0.9138223440069556,2.284806013,100,100000000,100,2,8,2,0.7125243351310293
610,JG074D,310,FAM,#NAME?,FALSE,M22,0,FAM,JG074D.310,UNKNOWN,,7.470823,610,50,0.9700399706165471,2.425220489501953,100,100000000,10000,2,8,4,0.9020365035884162
612,JG074D,311,FAM,#NAME?,FALSE,M23,0,FAM,JG074D.311,UNKNOWN,,7.6288414,612,50,0.9530660813629077,2.380822182,100,100000000,100000,2,8,5,0.887303169
614,JG074D,312,FAM,#NAME?,FALSE,M24,0,FAM,JG074D.312,UNKNOWN,,7.595794,614,50,0.9583063666487062,2.3940939903259277,100,100000000,1000000,2,8,6,0.8895230618824534
616,JG074D,313,FAM,#NAME?,FALSE,N1,0,FAM,JG074D.313,UNKNOWN,,18.03463,616,50,0.7882852163493376,1.855921745300293,31,100,100,1.4913616938342726,2,2,0.5744326683322244
618,JG074D,314,FAM,#NAME?,FALSE,N2,0,FAM,JG074D.314,UNKNOWN,,16.246346,618,50,0.893194306,2.0968267917633057,31,100,10000,1.4913616938342726,2,4,0.8507998321510138
620,JG074D,315,FAM,#NAME?,FALSE,N3,0,FAM,JG074D.315,UNKNOWN,,16.543888,620,50,0.8759675365991977,2.0765461921691895,31,100,100000,1.4913616938342726,2,5,0.8418923705722788
622,JG074D,316,FAM,#NAME?,FALSE,N4,0,FAM,JG074D.316,UNKNOWN,,16.123016,622,50,0.8893951601238295,2.071915388,31,100,1000000,1.4913616938342726,2,6,0.8528689490750866
624,JG074D,317,FAM,#NAME?,FALSE,N5,0,FAM,JG074D.317,UNKNOWN,,12.176668,624,50,0.8833114563644812,2.064688205718994,31,100,100000000,1.4913616938342726,2,8,0.8358004381907203
626,JG074D,318,FAM,#NAME?,FALSE,N6,0,FAM,JG074D.318,UNKNOWN,,17.946238,626,50,0.7980580603449848,1.8656179904937744,31,10000,100,1.4913616938342726,4,2,0.6458059233748803
628,JG074D,319,FAM,#NAME?,FALSE,N7,0,FAM,JG074D.319,UNKNOWN,,16.017645,628,50,0.866003924,2.0435402393341064,31,10000,10000,1.4913616938342726,4,4,0.8287462368704566
630,JG074D,320,FAM,#NAME?,FALSE,N8,0,FAM,JG074D.320,UNKNOWN,,16.277576,630,50,0.875701018,2.0749471187591553,31,10000,100000,1.4913616938342726,4,5,0.8246075791798618
632,JG074D,321,FAM,#NAME?,FALSE,N9,0,FAM,JG074D.321,UNKNOWN,,16.122355,632,50,0.8952590150851161,2.113199234008789,31,10000,1000000,1.4913616938342726,4,6,0.8554146718186644
634,JG074D,322,FAM,#NAME?,FALSE,N10,0,FAM,JG074D.322,UNKNOWN,,12.159892,634,50,0.8768004600945097,2.0135464668273926,31,10000,100000000,1.4913616938342726,4,8,0.8359978105381118
636,JG074D,323,FAM,#NAME?,FALSE,N11,0,FAM,JG074D.323,UNKNOWN,,16.98421,636,50,0.8407054405717052,1.973773479,31,100000,100,1.4913616938342726,5,2,0.68570782
638,JG074D,324,FAM,#NAME?,FALSE,N12,0,FAM,JG074D.324,UNKNOWN,,15.7347765,638,50,0.869275432,2.0391597747802734,31,100000,10000,1.4913616938342726,5,4,0.8286551820822178
640,JG074D,325,FAM,#NAME?,FALSE,N13,0,FAM,JG074D.325,UNKNOWN,,15.716654,640,50,0.8781126871084416,2.0749716758728027,31,100000,100000,1.4913616938342726,5,5,0.8248465888948445
642,JG074D,326,FAM,#NAME?,FALSE,N14,0,FAM,JG074D.326,UNKNOWN,,15.59139,642,50,0.8980356228000766,2.117393970489502,31,100000,1000000,1.4913616938342726,5,6,0.8528877110707291
644,JG074D,327,FAM,#NAME?,FALSE,N15,0,FAM,JG074D.327,UNKNOWN,,12.115504,644,50,0.8910482700341195,2.0704662799835205,31,100000,100000000,1.4913616938342726,5,8,0.8517412423787095
646,JG074D,328,FAM,#NAME?,FALSE,N16,0,FAM,JG074D.328,UNKNOWN,,13.751698,646,50,0.8094855711399371,1.8916902542114258,31,1000000,100,1.4913616938342726,6,2,0.5732809513075424
648,JG074D,329,FAM,#NAME?,FALSE,N17,0,FAM,JG074D.329,UNKNOWN,,14.014726,648,50,0.8887042606832894,2.0860915184020996,31,1000000,10000,1.4913616938342726,6,4,0.8406009374540817
650,JG074D,330,FAM,#NAME?,FALSE,N18,0,FAM,JG074D.330,UNKNOWN,,13.990771,650,50,0.8918764516123541,2.0949411392211914,31,1000000,100000,1.4913616938342726,6,5,0.8425349992057029
652,JG074D,331,FAM,#NAME?,FALSE,N19,0,FAM,JG074D.331,UNKNOWN,,14.080137,652,50,0.9024019627631593,2.114185094833374,31,1000000,1000000,1.4913616938342726,6,6,0.8527926482058448
654,JG074D,332,FAM,#NAME?,FALSE,N20,0,FAM,JG074D.332,UNKNOWN,,11.821838,654,50,0.8937626006725254,2.0821259021759033,31,1000000,100000000,1.4913616938342726,6,8,0.8493524884632501
656,JG074D,333,FAM,#NAME?,FALSE,N21,0,FAM,JG074D.333,UNKNOWN,,7.6047034,656,50,0.9374818830684513,2.343078136444092,31,100000000,100,1.4913616938342726,8,2,0.8305358962069147
658,JG074D,334,FAM,#NAME?,FALSE,N22,0,FAM,JG074D.334,UNKNOWN,,7.5794215,658,50,0.9560577262247778,2.388852358,31,100000000,10000,1.4913616938342726,8,4,0.8914298321283705
660,JG074D,335,FAM,#NAME?,FALSE,N23,0,FAM,JG074D.335,UNKNOWN,,7.640452,660,50,0.9618587962635312,2.4025981426239014,31,100000000,100000,1.4913616938342726,8,5,0.9018027464962547
662,JG074D,336,FAM,#NAME?,FALSE,N24,0,FAM,JG074D.336,UNKNOWN,,7.60064,662,50,0.9692470350651837,2.4208693504333496,31,100000000,1000000,1.4913616938342726,8,6,0.9076554290093254
664,JG074D,337,FAM,#NAME?,FALSE,O1,0,FAM,JG074D.337,UNKNOWN,,17.886055,664,50,0.8358491004893317,1.9873583316802979,10,100,100,1,2,2,0.7569250757058787
666,JG074D,338,FAM,#NAME?,FALSE,O2,0,FAM,JG074D.338,UNKNOWN,,16.210552,666,50,0.9113442618018239,2.1576461791992188,10,100,10000,1,2,4,0.872589131
668,JG074D,339,FAM,#NAME?,FALSE,O3,0,FAM,JG074D.339,UNKNOWN,,16.583921,668,50,0.8852203660202415,2.1031672954559326,10,100,100000,1,2,5,0.8430919155269031
670,JG074D,340,FAM,#NAME?,FALSE,O4,0,FAM,JG074D.340,UNKNOWN,,16.323978,670,50,0.8886674835386918,2.1014583110809326,10,100,1000000,1,2,6,0.8542464831046175
672,JG074D,341,FAM,#NAME?,FALSE,O5,0,FAM,JG074D.341,UNKNOWN,,12.217405,672,50,0.879061154,2.0273752212524414,10,100,100000000,1,2,8,0.831387002
674,JG074D,342,FAM,#NAME?,FALSE,O6,0,FAM,JG074D.342,UNKNOWN,,17.694042,674,50,0.8636886470344761,2.050712823867798,10,10000,100,1,4,2,0.7977787446909267
676,JG074D,343,FAM,#NAME?,FALSE,O7,0,FAM,JG074D.343,UNKNOWN,,16.129654,676,50,0.8638428957757294,2.0185060501098633,10,10000,10000,1,4,4,0.8288918010902617
678,JG074D,344,FAM,#NAME?,FALSE,O8,0,FAM,JG074D.344,UNKNOWN,,16.345484,678,50,0.8660323592575098,2.031904458999634,10,10000,100000,1,4,5,0.8231806997690032
680,JG074D,345,FAM,#NAME?,FALSE,O9,0,FAM,JG074D.345,UNKNOWN,,16.14758,680,50,0.883563581,2.075366497039795,10,10000,1000000,1,4,6,0.8474684636667748
682,JG074D,346,FAM,#NAME?,FALSE,O10,0,FAM,JG074D.346,UNKNOWN,,12.092848,682,50,0.8850683336097961,2.051011562347412,10,10000,100000000,1,4,8,0.8498147595488109
684,JG074D,347,FAM,#NAME?,FALSE,O11,0,FAM,JG074D.347,UNKNOWN,,17.000437,684,50,0.8136237427266583,1.8997199535369873,10,100000,100,1,5,2,0.7021698115469797
686,JG074D,348,FAM,#NAME?,FALSE,O12,0,FAM,JG074D.348,UNKNOWN,,15.824782,686,50,0.8768373918668382,2.0494019985198975,10,100000,10000,1,5,4,0.8340542354782192
688,JG074D,349,FAM,#NAME?,FALSE,O13,0,FAM,JG074D.349,UNKNOWN,,15.611536,688,50,0.9107682886642142,2.153903007507324,10,100000,100000,1,5,5,0.8616942185198924
690,JG074D,350,FAM,#NAME?,FALSE,O14,0,FAM,JG074D.350,UNKNOWN,,15.628496,690,50,0.8840785145103095,2.074383497238159,10,100000,1000000,1,5,6,0.8287230688708094
692,JG074D,351,FAM,#NAME?,FALSE,O15,0,FAM,JG074D.351,UNKNOWN,,12.065739,692,50,0.8832000743716938,2.0555272102355957,10,100000,100000000,1,5,8,0.8386885464010385
694,JG074D,352,FAM,#NAME?,FALSE,O16,0,FAM,JG074D.352,UNKNOWN,,13.720351,694,50,0.8629964650933454,2.0144331455230713,10,1000000,100,1,6,2,0.7417745988324539
696,JG074D,353,FAM,#NAME?,FALSE,O17,0,FAM,JG074D.353,UNKNOWN,,14.116457,696,50,0.8819408058395993,2.0506412982940674,10,1000000,10000,1,6,4,0.8414387717724302
698,JG074D,354,FAM,#NAME?,FALSE,O18,0,FAM,JG074D.354,UNKNOWN,,14.193608,698,50,0.8772948686200862,2.042058229446411,10,1000000,100000,1,6,5,0.8250633635850988
700,JG074D,355,FAM,#NAME?,FALSE,O19,0,FAM,JG074D.355,UNKNOWN,,13.989123,700,50,0.8947840168876282,2.096986770629883,10,1000000,1000000,1,6,6,0.8423442038442145
702,JG074D,356,FAM,#NAME?,FALSE,O20,0,FAM,JG074D.356,UNKNOWN,,11.837998,702,50,0.9138094447190999,2.1107826232910156,10,1000000,100000000,1,6,8,0.8561939860861816
704,JG074D,357,FAM,#NAME?,FALSE,O21,0,FAM,JG074D.357,UNKNOWN,,7.4913583,704,50,0.9309907124991003,2.328631878,10,100000000,100,1,8,2,0.8459822238407417
706,JG074D,358,FAM,#NAME?,FALSE,O22,0,FAM,JG074D.358,UNKNOWN,,7.473258,706,50,1,2.499065637588501,10,100000000,10000,1,8,4,0.9391883986834038
708,JG074D,359,FAM,#NAME?,FALSE,O23,0,FAM,JG074D.359,UNKNOWN,,7.5664024,708,50,0.9548868623078669,2.386321783065796,10,100000000,100000,1,8,5,0.8922166918651403
710,JG074D,360,FAM,#NAME?,FALSE,O24,0,FAM,JG074D.360,UNKNOWN,,7.7258143,710,50,0.9696730617507556,2.4207515716552734,10,100000000,1000000,1,8,6,0.8930358334884125
712,JG074D,361,FAM,#NAME?,FALSE,P1,0,FAM,JG074D.361,UNKNOWN,,17.94452,712,50,0.8349195422420669,1.9748011827468872,3,100,100,0.47712125471966244,2,2,0.750872794
714,JG074D,362,FAM,#NAME?,FALSE,P2,0,FAM,JG074D.362,UNKNOWN,,16.654343,714,50,0.8574658359238266,2.032315731048584,3,100,10000,0.47712125471966244,2,4,0.8181353263724622
716,JG074D,363,FAM,#NAME?,FALSE,P3,0,FAM,JG074D.363,UNKNOWN,,16.509245,716,50,0.9099279672931545,2.1577413082122803,3,100,100000,0.47712125471966244,2,5,0.8754445545019264
718,JG074D,364,FAM,#NAME?,FALSE,P4,0,FAM,JG074D.364,UNKNOWN,,16.44378,718,50,0.879461127,2.0644209384918213,3,100,1000000,0.47712125471966244,2,6,0.843272871
720,JG074D,365,FAM,#NAME?,FALSE,P5,0,FAM,JG074D.365,UNKNOWN,,12.386768,720,50,0.8772257924712513,2.025097608566284,3,100,100000000,0.47712125471966244,2,8,0.8429771544898407
722,JG074D,366,FAM,#NAME?,FALSE,P6,0,FAM,JG074D.366,UNKNOWN,,17.947714,722,50,0.8132535457476503,1.899783968925476,3,10000,100,0.47712125471966244,4,2,0.718698007
724,JG074D,367,FAM,#NAME?,FALSE,P7,0,FAM,JG074D.367,UNKNOWN,,15.989769,724,50,0.8939867532757608,2.104287624359131,3,10000,10000,0.47712125471966244,4,4,0.85648963
726,JG074D,368,FAM,#NAME?,FALSE,P8,0,FAM,JG074D.368,UNKNOWN,,16.37805,726,50,0.8715851714425642,2.0461037158966064,3,10000,100000,0.47712125471966244,4,5,0.8367748088098963
728,JG074D,369,FAM,#NAME?,FALSE,P9,0,FAM,JG074D.369,UNKNOWN,,16.08391,728,50,0.8758131241344647,2.068880081176758,3,10000,1000000,0.47712125471966244,4,6,0.8416585500251585
730,JG074D,370,FAM,#NAME?,FALSE,P10,0,FAM,JG074D.370,UNKNOWN,,12.176208,730,50,0.8709563565518943,2.0081911087036133,3,10000,100000000,0.47712125471966244,4,8,0.8358217314524564
732,JG074D,371,FAM,#NAME?,FALSE,P11,0,FAM,JG074D.371,UNKNOWN,,16.959019,732,50,0.8300353054979092,1.9565372467041016,3,100000,100,0.47712125471966244,5,2,0.7971564492594644
734,JG074D,372,FAM,#NAME?,FALSE,P12,0,FAM,JG074D.372,UNKNOWN,,15.965933,734,50,0.8777937901530602,2.047426939,3,100000,10000,0.47712125471966244,5,4,0.8342087998646468
736,JG074D,373,FAM,#NAME?,FALSE,P13,0,FAM,JG074D.373,UNKNOWN,,15.971969,736,50,0.8566476096427302,1.997910499572754,3,100000,100000,0.47712125471966244,5,5,0.8191598002700707
738,JG074D,374,FAM,#NAME?,FALSE,P14,0,FAM,JG074D.374,UNKNOWN,,15.817981,738,50,0.8697019633411941,2.0238656997680664,3,100000,1000000,0.47712125471966244,5,6,0.8243188545002952
740,JG074D,375,FAM,#NAME?,FALSE,P15,0,FAM,JG074D.375,UNKNOWN,,12.051224,740,50,0.903718601,2.0942351818084717,3,100000,100000000,0.47712125471966244,5,8,0.8651634280494784
742,JG074D,376,FAM,#NAME?,FALSE,P16,0,FAM,JG074D.376,UNKNOWN,,13.764158,742,50,0.8829073276943137,2.0656323432922363,3,1000000,100,0.47712125471966244,6,2,0.8385049397676607
744,JG074D,377,FAM,#NAME?,FALSE,P17,0,FAM,JG074D.377,UNKNOWN,,14.032384,744,50,0.894088694,2.085050344467163,3,1000000,10000,0.47712125471966244,6,4,0.8436671529623531
746,JG074D,378,FAM,#NAME?,FALSE,P18,0,FAM,JG074D.378,UNKNOWN,,14.0426,746,50,0.9049085404335424,2.1264095306396484,3,1000000,100000,0.47712125471966244,6,5,0.8485276214133302
748,JG074D,379,FAM,#NAME?,FALSE,P19,0,FAM,JG074D.379,UNKNOWN,,13.936531,748,50,0.895394075,2.109628677368164,3,1000000,1000000,0.47712125471966244,6,6,0.84458588
750,JG074D,380,FAM,#NAME?,FALSE,P20,0,FAM,JG074D.380,UNKNOWN,,11.768093,750,50,0.9130093295899617,2.1215438842773438,3,1000000,100000000,0.47712125471966244,6,8,0.86550827
752,JG074D,381,FAM,#NAME?,FALSE,P21,0,FAM,JG074D.381,UNKNOWN,,7.641526,752,50,0.9312117558721802,2.327241897583008,3,100000000,100,0.47712125471966244,8,2,0.8614820422075555
754,JG074D,382,FAM,#NAME?,FALSE,P22,0,FAM,JG074D.382,UNKNOWN,,7.4894943,754,50,0.941660458,2.3548758029937744,3,100000000,10000,0.47712125471966244,8,4,0.8692197783266904
756,JG074D,383,FAM,#NAME?,FALSE,P23,0,FAM,JG074D.383,UNKNOWN,,7.6045012,756,50,0.962480062,2.4042956829071045,3,100000000,100000,0.47712125471966244,8,5,0.8868732650072739
758,JG074D,384,FAM,#NAME?,FALSE,P24,0,FAM,JG074D.384,UNKNOWN,,7.6645913,758,50,0.9603823545995009,2.3983805179595947,3,100000000,1000000,0.47712125471966244,8,6,0.8941938540434822