Experiment,Well,Target,lg10_Copies,Outlier,WellPosition,Copies,Reporter,Sample,Task,Comments,CT,Reaction,col,row,Material,ng RNA,IFI44L Copies,EMRI Copies,WellName,MasterMix,Cycle,Fluorescence,Corr_Fluorescence,SignalDifference
JG073N,1,FAM,-inf,False,A1,0.0,FAM,JG073N_001,UNKNOWN,,13.207853,0,0,0,RNA,100,8.035439548834928,6.049177958632402,A1,TaqMan Fast Virus,40,0.44060765227149273,0.7859682440757751,-0.23927209784508113
JG073N,2,FAM,-inf,False,A2,0.0,FAM,JG073N_002,UNKNOWN,,13.239576,2,1,0,RNA,100,8.035439548834928,5.663911998866674,A2,TaqMan Fast Virus,40,0.4046128768247446,0.7284495830535889,-0.2855890680402596
JG073N,3,FAM,-inf,False,A3,0.0,FAM,JG073N_003,UNKNOWN,,14.053524,4,2,0,RNA,100,8.035439548834928,5.278646039100947,A3,TaqMan Fast Virus,40,0.3536470756623208,0.6212586164474487,-0.39878360028449344
JG073N,4,FAM,-inf,False,A4,0.0,FAM,JG073N_004,UNKNOWN,,14.407451,6,3,0,RNA,100,8.035439548834928,4.89338007933522,A4,TaqMan Fast Virus,40,0.28334431990961045,0.501017689704895,-0.5291504167095822
JG073N,5,FAM,-inf,False,A5,0.0,FAM,JG073N_005,UNKNOWN,,16.077196,8,4,0,RNA,100,8.035439548834928,4.508114119569492,A5,TaqMan Fast Virus,40,0.20963378362175822,0.29165342450141907,-0.6917674318617819
JG073N,6,FAM,-inf,False,A6,0.0,FAM,JG073N_006,UNKNOWN,,16.034868,10,5,0,RNA,100,8.035439548834928,4.122848159803764,A6,TaqMan Fast Virus,40,0.17618989509509184,0.23273058235645294,-0.7292029147464505
JG073N,7,FAM,-inf,False,A7,0.0,FAM,JG073N_007,UNKNOWN,,63.24934,12,6,0,RNA,100,8.035439548834928,3.7375822000380374,A7,TaqMan Fast Virus,40,0.11590732066668445,0.013784760609269142,-0.8540982102309577
JG073N,8,FAM,-inf,False,A8,0.0,FAM,JG073N_008,UNKNOWN,,60.312195,14,7,0,RNA,100,8.035439548834928,,A8,TaqMan Fast Virus,40,0.06770704558060525,-0.00010171390022151172,-0.9322929544193947
JG073N,9,FAM,-inf,False,A9,0.0,FAM,JG073N_009,UNKNOWN,,18.24689,16,8,0,RNA,10,6.926774234491026,4.904823622694598,A9,TaqMan Fast Virus,40,0.15921829299657772,0.30502423644065857,-0.6769227357221975
JG073N,10,FAM,-inf,False,A10,0.0,FAM,JG073N_010,UNKNOWN,,19.149607,18,9,0,RNA,10,6.926774234491026,4.51955766292887,A10,TaqMan Fast Virus,40,0.1192183448167903,0.21458062529563904,-0.7479313566502107
JG073N,11,FAM,-inf,False,A11,0.0,FAM,JG073N_011,UNKNOWN,,70.29238,20,10,0,RNA,10,6.926774234491026,4.134291703163142,A11,TaqMan Fast Virus,40,0.0540284640092127,0.009245793335139751,-0.8591532593381302
JG073N,12,FAM,-inf,False,A12,0.0,FAM,JG073N_012,UNKNOWN,,73.42533,22,11,0,RNA,10,6.926774234491026,3.7490257433974143,A12,TaqMan Fast Virus,40,0.043256154593129606,0.008511675521731377,-0.8810051605239211
JG073N,13,FAM,-inf,False,A13,0.0,FAM,JG073N_013,UNKNOWN,,65.40773,24,12,0,RNA,10,6.926774234491026,3.3637597836316866,A13,TaqMan Fast Virus,40,0.024435008215505465,-0.002469372469931841,-0.9125438323141609
JG073N,14,FAM,-inf,False,A14,0.0,FAM,JG073N_014,UNKNOWN,,73.53167,26,13,0,RNA,10,6.926774234491026,2.9784938238659593,A14,TaqMan Fast Virus,40,0.025691911167237538,0.0001288331113755703,-0.9148809505507158
JG073N,15,FAM,-inf,False,A15,0.0,FAM,JG073N_015,UNKNOWN,,67.78644,28,14,0,RNA,10,6.926774234491026,2.593227864100233,A15,TaqMan Fast Virus,40,0.014470519248035909,-0.009484529495239258,-0.9370474936855004
JG073N,16,FAM,-inf,False,A16,0.0,FAM,JG073N_016,UNKNOWN,,inf,30,15,0,RNA,10,6.926774234491026,,A16,TaqMan Fast Virus,40,0.01591564618744663,-0.004364887718111277,-0.9268480746949744
JG073N,17,FAM,-inf,False,A17,0.0,FAM,JG073N_017,UNKNOWN,,21.21184,32,16,0,RNA,1,5.8181089201471226,3.760469286756793,A17,TaqMan Fast Virus,40,0.2498101381527894,0.4415537118911743,-0.32270738019315404
JG073N,18,FAM,-inf,False,A18,0.0,FAM,JG073N_018,UNKNOWN,,22.71887,34,17,0,RNA,1,5.8181089201471226,3.3752033269910653,A18,TaqMan Fast Virus,40,0.2028278721156239,0.35717764496803284,-0.4099306657456786
JG073N,19,FAM,-inf,False,A19,0.0,FAM,JG073N_019,UNKNOWN,,23.796013,36,18,0,RNA,1,5.8181089201471226,2.989937367225337,A19,TaqMan Fast Virus,40,0.1598090269952121,0.27522265911102295,-0.4973563967846469
JG073N,20,FAM,-inf,False,A20,0.0,FAM,JG073N_020,UNKNOWN,,26.695591,38,19,0,RNA,1,5.8181089201471226,2.6046714074596102,A20,TaqMan Fast Virus,40,0.09277653932921827,0.1436052769422531,-0.6243229576638989
JG073N,21,FAM,-inf,False,A21,0.0,FAM,JG073N_021,UNKNOWN,,76.047356,40,20,0,RNA,1,5.8181089201471226,2.219405447693882,A21,TaqMan Fast Virus,40,0.0614102820347714,0.02344762720167637,-0.6842988403902198
JG073N,22,FAM,-inf,False,A22,0.0,FAM,JG073N_022,UNKNOWN,,78.95837,42,21,0,RNA,1,5.8181089201471226,1.8341394879281543,A22,TaqMan Fast Virus,40,0.04248639654233861,0.018277306109666824,-0.6887223650759942
JG073N,23,FAM,-inf,False,A23,0.0,FAM,JG073N_023,UNKNOWN,,inf,44,22,0,RNA,1,5.8181089201471226,1.448873528162427,A23,TaqMan Fast Virus,40,0.025878981313415768,0.008940826170146465,-0.7461965960957837
JG073N,24,FAM,-inf,False,A24,0.0,FAM,JG073N_024,UNKNOWN,,inf,46,23,0,RNA,1,5.8181089201471226,,A24,TaqMan Fast Virus,40,0.005094509976767524,0.002196270739659667,-0.7725909710860526
JG073N,25,FAM,-inf,False,B1,0.0,FAM,JG073N_025,UNKNOWN,,12.004047,48,0,1,RNA,100,7.296329339272326,6.049177958632402,B1,TaqMan Fast Virus,40,0.5559299917222549,0.9781761169433594,-0.06385456844210768
JG073N,26,FAM,-inf,False,B2,0.0,FAM,JG073N_026,UNKNOWN,,12.086879,50,1,1,RNA,100,7.296329339272326,5.663911998866674,B2,TaqMan Fast Virus,40,0.5097517848567834,0.9049182534217834,-0.14941555546523
JG073N,27,FAM,-inf,False,B3,0.0,FAM,JG073N_027,UNKNOWN,,12.364902,52,2,1,RNA,100,7.296329339272326,5.278646039100947,B3,TaqMan Fast Virus,40,0.45386454378335855,0.7727556824684143,-0.2467095467874864
JG073N,28,FAM,-inf,False,B4,0.0,FAM,JG073N_028,UNKNOWN,,12.471697,54,3,1,RNA,100,7.296329339272326,4.89338007933522,B4,TaqMan Fast Virus,40,0.3761699816796455,0.6810773611068726,-0.4286272901503759
JG073N,29,FAM,-inf,False,B5,0.0,FAM,JG073N_029,UNKNOWN,,12.3497715,56,4,1,RNA,100,7.296329339272326,4.508114119569492,B5,TaqMan Fast Virus,40,0.3198912926913579,0.54268878698349,-0.5599328920183393
JG073N,30,FAM,-inf,False,B6,0.0,FAM,JG073N_030,UNKNOWN,,12.325085,58,5,1,RNA,100,7.296329339272326,4.122848159803764,B6,TaqMan Fast Virus,40,0.3165141936640136,0.5493793487548828,-0.5669859189826008
JG073N,31,FAM,-inf,False,B7,0.0,FAM,JG073N_031,UNKNOWN,,12.158281,60,6,1,RNA,100,7.296329339272326,3.7375822000380374,B7,TaqMan Fast Virus,40,0.2516407343834877,0.4387224614620209,-0.636719601650823
JG073N,32,FAM,-inf,False,B8,0.0,FAM,JG073N_032,UNKNOWN,,12.165942,62,7,1,RNA,100,7.296329339272326,,B8,TaqMan Fast Virus,40,0.2290913782948999,0.3904736340045929,-0.6759252046229397
JG073N,33,FAM,-inf,False,B9,0.0,FAM,JG073N_033,UNKNOWN,,17.09094,64,8,1,RNA,10,6.187664024928424,4.904823622694598,B9,TaqMan Fast Virus,40,0.22761525367048324,0.40042442083358765,-0.5801790782532368
JG073N,34,FAM,-inf,False,B10,0.0,FAM,JG073N_034,UNKNOWN,,17.333754,66,9,1,RNA,10,6.187664024928424,4.51955766292887,B10,TaqMan Fast Virus,40,0.18674385129926382,0.3322220742702484,-0.6592614371762306
JG073N,35,FAM,-inf,False,B11,0.0,FAM,JG073N_035,UNKNOWN,,17.817423,68,10,1,RNA,10,6.187664024928424,4.134291703163142,B11,TaqMan Fast Virus,40,0.13968049196746568,0.24465957283973694,-0.7403271570775314
JG073N,36,FAM,-inf,False,B12,0.0,FAM,JG073N_036,UNKNOWN,,18.035662,70,11,1,RNA,10,6.187664024928424,3.7490257433974143,B12,TaqMan Fast Virus,40,0.12551304705147395,0.21213719248771667,-0.7649309612763489
JG073N,37,FAM,-inf,False,B13,0.0,FAM,JG073N_037,UNKNOWN,,17.882332,72,12,1,RNA,10,6.187664024928424,3.3637597836316866,B13,TaqMan Fast Virus,40,0.1151408824765806,0.20201623439788818,-0.7783171903570969
JG073N,38,FAM,-inf,False,B14,0.0,FAM,JG073N_038,UNKNOWN,,79.1498,74,13,1,RNA,10,6.187664024928424,2.9784938238659593,B14,TaqMan Fast Virus,40,0.1259147358229276,0.036085523664951324,-0.7790351248439418
JG073N,39,FAM,-inf,False,B15,0.0,FAM,JG073N_039,UNKNOWN,,17.716753,76,14,1,RNA,10,6.187664024928424,2.593227864100233,B15,TaqMan Fast Virus,40,0.12396301497806785,0.21234749257564545,-0.799240948360197
JG073N,40,FAM,-inf,False,B16,0.0,FAM,JG073N_040,UNKNOWN,,17.817846,78,15,1,RNA,10,6.187664024928424,,B16,TaqMan Fast Virus,40,0.13480604954006983,0.221867173910141,-0.7863015683300834
JG073N,41,FAM,-inf,False,B17,0.0,FAM,JG073N_041,UNKNOWN,,20.481462,80,16,1,RNA,1,5.0789987105845205,3.760469286756793,B17,TaqMan Fast Virus,40,0.304896785685219,0.5460208058357239,-0.22875547843596783
JG073N,42,FAM,-inf,False,B18,0.0,FAM,JG073N_042,UNKNOWN,,21.078882,82,17,1,RNA,1,5.0789987105845205,3.3752033269910653,B18,TaqMan Fast Virus,40,0.2703998874441988,0.4760975241661072,-0.29608082881862235
JG073N,43,FAM,-inf,False,B19,0.0,FAM,JG073N_043,UNKNOWN,,73.48348,84,18,1,RNA,1,5.0789987105845205,2.989937367225337,B19,TaqMan Fast Virus,40,0.21907642826622517,0.07821117341518402,-0.3928113427618921
JG073N,44,FAM,-inf,False,B20,0.0,FAM,JG073N_044,UNKNOWN,,76.28133,86,19,1,RNA,1,5.0789987105845205,2.6046714074596102,B20,TaqMan Fast Virus,40,0.16465018869178624,0.06229211017489433,-0.4893017826573448
JG073N,45,FAM,-inf,False,B21,0.0,FAM,JG073N_045,UNKNOWN,,21.666288,88,20,1,RNA,1,5.0789987105845205,2.219405447693882,B21,TaqMan Fast Virus,40,0.11566036162981722,0.2030707448720932,-0.5801161906140656
JG073N,46,FAM,-inf,False,B22,0.0,FAM,JG073N_046,UNKNOWN,,21.605373,90,21,1,RNA,1,5.0789987105845205,1.8341394879281543,B22,TaqMan Fast Virus,40,0.13087339841436021,0.2282145917415619,-0.5577828032653536
JG073N,47,FAM,-inf,False,B23,0.0,FAM,JG073N_047,UNKNOWN,,21.691452,92,22,1,RNA,1,5.0789987105845205,1.448873528162427,B23,TaqMan Fast Virus,40,0.09242475317610836,0.15063190460205078,-0.6031767455454666
JG073N,48,FAM,-inf,False,B24,0.0,FAM,JG073N_048,UNKNOWN,,21.688309,94,23,1,RNA,1,5.0789987105845205,,B24,TaqMan Fast Virus,40,0.07389732310640222,0.13348104059696198,-0.6466375711155844
JG073N,49,FAM,-inf,False,C1,0.0,FAM,JG073N_049,UNKNOWN,,11.93776,96,0,2,RNA,100,6.557219129709725,6.049177958632402,C1,TaqMan Fast Virus,40,0.6482559703172508,1.1513714790344238,0.11006203142300719
JG073N,50,FAM,-inf,False,C2,0.0,FAM,JG073N_050,UNKNOWN,,11.72112,98,1,2,RNA,100,6.557219129709725,5.663911998866674,C2,TaqMan Fast Virus,40,0.6272732394462086,1.1279233694076538,0.0716635850705416
JG073N,51,FAM,-inf,False,C3,0.0,FAM,JG073N_051,UNKNOWN,,11.952082,100,2,2,RNA,100,6.557219129709725,5.278646039100947,C3,TaqMan Fast Virus,40,0.549364303035972,0.9779525995254517,-0.08028948125158142
JG073N,52,FAM,-inf,False,C4,0.0,FAM,JG073N_052,UNKNOWN,,11.808136,102,3,2,RNA,100,6.557219129709725,4.89338007933522,C4,TaqMan Fast Virus,40,0.5091984870608511,0.9228168725967407,-0.17060692736332284
JG073N,53,FAM,-inf,False,C5,0.0,FAM,JG073N_053,UNKNOWN,,11.948467,104,4,2,RNA,100,6.557219129709725,4.508114119569492,C5,TaqMan Fast Virus,40,0.45406407623898076,0.7996561527252197,-0.28756593698769156
JG073N,54,FAM,-inf,False,C6,0.0,FAM,JG073N_054,UNKNOWN,,12.009312,106,5,2,RNA,100,6.557219129709725,4.122848159803764,C6,TaqMan Fast Virus,40,0.44353707311526697,0.7615867853164673,-0.34111835198282475
JG073N,55,FAM,-inf,False,C7,0.0,FAM,JG073N_055,UNKNOWN,,11.799426,108,6,2,RNA,100,6.557219129709725,3.7375822000380374,C7,TaqMan Fast Virus,40,0.39587203676846927,0.7104375958442688,-0.4268476311629912
JG073N,56,FAM,-inf,False,C8,0.0,FAM,JG073N_056,UNKNOWN,,11.993195,110,7,2,RNA,100,6.557219129709725,,C8,TaqMan Fast Virus,40,0.38157370270063645,0.6530153155326843,-0.44275205434366044
JG073N,57,FAM,-inf,False,C9,0.0,FAM,JG073N_057,UNKNOWN,,16.481789,112,8,2,RNA,10,5.4485538153658215,4.904823622694598,C9,TaqMan Fast Virus,40,0.38719460050795185,0.696915864944458,-0.36594714278819707
JG073N,58,FAM,-inf,False,C10,0.0,FAM,JG073N_058,UNKNOWN,,16.946888,114,9,2,RNA,10,5.4485538153658215,4.51955766292887,C10,TaqMan Fast Virus,40,0.3184653334819257,0.5553999543190002,-0.4433165691198426
JG073N,59,FAM,-inf,False,C11,0.0,FAM,JG073N_059,UNKNOWN,,17.027098,116,10,2,RNA,10,5.4485538153658215,4.134291703163142,C11,TaqMan Fast Virus,40,0.27989236695475056,0.49403348565101624,-0.5119658770600315
JG073N,60,FAM,-inf,False,C12,0.0,FAM,JG073N_060,UNKNOWN,,17.15844,118,11,2,RNA,10,5.4485538153658215,3.7490257433974143,C12,TaqMan Fast Virus,40,0.2633843032276903,0.45313119888305664,-0.5420714306211474
JG073N,61,FAM,-inf,False,C13,0.0,FAM,JG073N_061,UNKNOWN,,17.054708,120,12,2,RNA,10,5.4485538153658215,3.3637597836316866,C13,TaqMan Fast Virus,40,0.2653093871693002,0.4636189937591553,-0.5401269660471438
JG073N,62,FAM,-inf,False,C14,0.0,FAM,JG073N_062,UNKNOWN,,16.90686,122,13,2,RNA,10,5.4485538153658215,2.9784938238659593,C14,TaqMan Fast Virus,40,0.2662004813034244,0.4756479859352112,-0.5393718595269199
JG073N,63,FAM,-inf,False,C15,0.0,FAM,JG073N_063,UNKNOWN,,17.178902,124,14,2,RNA,10,5.4485538153658215,2.593227864100233,C15,TaqMan Fast Virus,40,0.27022179139267954,0.4662311375141144,-0.5395890110910148
JG073N,64,FAM,-inf,False,C16,0.0,FAM,JG073N_064,UNKNOWN,,16.844412,126,15,2,RNA,10,5.4485538153658215,,C16,TaqMan Fast Virus,40,0.2886296941590558,0.517206072807312,-0.5323518812544048
JG073N,65,FAM,-inf,False,C17,0.0,FAM,JG073N_065,UNKNOWN,,20.24049,128,16,2,RNA,1,4.339888501021918,3.760469286756793,C17,TaqMan Fast Virus,40,0.40994767737362253,0.7265704274177551,-0.06542811655877828
JG073N,66,FAM,-inf,False,C18,0.0,FAM,JG073N_066,UNKNOWN,,20.461472,130,17,2,RNA,1,4.339888501021918,3.3752033269910653,C18,TaqMan Fast Virus,40,0.37954248792507433,0.6795530915260315,-0.12516359108895864
JG073N,67,FAM,-inf,False,C19,0.0,FAM,JG073N_067,UNKNOWN,,20.767593,132,18,2,RNA,1,4.339888501021918,2.989937367225337,C19,TaqMan Fast Virus,40,0.3013330784589164,0.5358097553253174,-0.2454928367484009
JG073N,68,FAM,-inf,False,C20,0.0,FAM,JG073N_068,UNKNOWN,,20.858156,134,19,2,RNA,1,4.339888501021918,2.6046714074596102,C20,TaqMan Fast Virus,40,0.26590402000247065,0.468411386013031,-0.3071726730328586
JG073N,69,FAM,-inf,False,C21,0.0,FAM,JG073N_069,UNKNOWN,,20.848804,136,20,2,RNA,1,4.339888501021918,2.219405447693882,C21,TaqMan Fast Virus,40,0.22317532290434036,0.390701562166214,-0.3938028549327345
JG073N,70,FAM,-inf,False,C22,0.0,FAM,JG073N_070,UNKNOWN,,20.767498,138,21,2,RNA,1,4.339888501021918,1.8341394879281543,C22,TaqMan Fast Virus,40,0.22300019152742356,0.39708054065704346,-0.3872175019822437
JG073N,71,FAM,-inf,False,C23,0.0,FAM,JG073N_071,UNKNOWN,,20.751654,140,22,2,RNA,1,4.339888501021918,1.448873528162427,C23,TaqMan Fast Virus,40,0.19111911150771688,0.3395903408527374,-0.4451465837382177
JG073N,72,FAM,-inf,False,C24,0.0,FAM,JG073N_072,UNKNOWN,,20.691818,142,23,2,RNA,1,4.339888501021918,,C24,TaqMan Fast Virus,40,0.19200818949886345,0.3393845558166504,-0.4536818495199444
JG073N,73,FAM,-inf,False,D1,0.0,FAM,JG073N_073,UNKNOWN,,11.939755,144,0,3,RNA,100,5.8181089201471226,6.049177958632402,D1,TaqMan Fast Virus,40,0.7560470179406812,1.3161550760269165,0.3179678390928835
JG073N,74,FAM,-inf,False,D2,0.0,FAM,JG073N_074,UNKNOWN,,11.886062,146,1,3,RNA,100,5.8181089201471226,5.663911998866674,D2,TaqMan Fast Virus,40,0.7061431266757148,1.2528862953186035,0.23209991281394898
JG073N,75,FAM,-inf,False,D3,0.0,FAM,JG073N_075,UNKNOWN,,11.939214,148,2,3,RNA,100,5.8181089201471226,5.278646039100947,D3,TaqMan Fast Virus,40,0.631875966571947,1.139290452003479,0.03281549067548528
JG073N,76,FAM,-inf,False,D4,0.0,FAM,JG073N_076,UNKNOWN,,11.96434,150,3,3,RNA,100,5.8181089201471226,4.89338007933522,D4,TaqMan Fast Virus,40,0.5920344683416905,1.0530827045440674,-0.0018293013149689452
JG073N,77,FAM,-inf,False,D5,0.0,FAM,JG073N_077,UNKNOWN,,11.952085,152,4,3,RNA,100,5.8181089201471226,4.508114119569492,D5,TaqMan Fast Virus,40,0.5294202389313797,0.9283711910247803,-0.12156830762879622
JG073N,78,FAM,-inf,False,D6,0.0,FAM,JG073N_078,UNKNOWN,,12.098393,154,5,3,RNA,100,5.8181089201471226,4.122848159803764,D6,TaqMan Fast Virus,40,0.5126056968345392,0.8828775882720947,-0.1557911345518027
JG073N,79,FAM,-inf,False,D7,0.0,FAM,JG073N_079,UNKNOWN,,11.988549,156,6,3,RNA,100,5.8181089201471226,3.7375822000380374,D7,TaqMan Fast Virus,40,0.4963246503961369,0.8652287125587463,-0.17728745194731382
JG073N,80,FAM,-inf,False,D8,0.0,FAM,JG073N_080,UNKNOWN,,11.840809,158,7,3,RNA,100,5.8181089201471226,,D8,TaqMan Fast Virus,40,0.49393230786812875,0.8850563168525696,-0.21265728092502528
JG073N,81,FAM,-inf,False,D9,0.0,FAM,JG073N_081,UNKNOWN,,16.608461,160,8,3,RNA,10,4.709443605803219,4.904823622694598,D9,TaqMan Fast Virus,40,0.506047717534082,0.8880202174186707,-0.11330801567420934
JG073N,82,FAM,-inf,False,D10,0.0,FAM,JG073N_082,UNKNOWN,,16.697983,162,9,3,RNA,10,4.709443605803219,4.51955766292887,D10,TaqMan Fast Virus,40,0.4538889181717802,0.8117519021034241,-0.23354150884146024
JG073N,83,FAM,-inf,False,D11,0.0,FAM,JG073N_083,UNKNOWN,,16.894547,164,10,3,RNA,10,4.709443605803219,4.134291703163142,D11,TaqMan Fast Virus,40,0.41208677632947377,0.7335215210914612,-0.27218970442382306
JG073N,84,FAM,-inf,False,D12,0.0,FAM,JG073N_084,UNKNOWN,,16.95732,166,11,3,RNA,10,4.709443605803219,3.7490257433974143,D12,TaqMan Fast Virus,40,0.39499917209819246,0.7025855183601379,-0.30171959517957114
JG073N,85,FAM,-inf,False,D13,0.0,FAM,JG073N_085,UNKNOWN,,16.971298,168,12,3,RNA,10,4.709443605803219,3.3637597836316866,D13,TaqMan Fast Virus,40,0.3869344071965086,0.682400107383728,-0.31011311028355815
JG073N,86,FAM,-inf,False,D14,0.0,FAM,JG073N_086,UNKNOWN,,17.01124,170,13,3,RNA,10,4.709443605803219,2.9784938238659593,D14,TaqMan Fast Virus,40,0.393084517898259,0.6882379651069641,-0.2978468841944392
JG073N,87,FAM,-inf,False,D15,0.0,FAM,JG073N_087,UNKNOWN,,17.040545,172,14,3,RNA,10,4.709443605803219,2.593227864100233,D15,TaqMan Fast Virus,40,0.3941013602249413,0.7015340328216553,-0.3326323693990562
JG073N,88,FAM,-inf,False,D16,0.0,FAM,JG073N_088,UNKNOWN,,16.860355,174,15,3,RNA,10,4.709443605803219,,D16,TaqMan Fast Virus,40,0.4193267539744312,0.7510985732078552,-0.27280526187078813
JG073N,89,FAM,-inf,False,D17,0.0,FAM,JG073N_089,UNKNOWN,,19.837027,176,16,3,RNA,1,3.6007782914593163,3.760469286756793,D17,TaqMan Fast Virus,40,0.5266119509141618,0.9437704086303711,0.15742348427233888
JG073N,90,FAM,-inf,False,D18,0.0,FAM,JG073N_090,UNKNOWN,,20.375254,178,17,3,RNA,1,3.6007782914593163,3.3752033269910653,D18,TaqMan Fast Virus,40,0.4885499103308092,0.8721034526824951,0.08885859061141466
JG073N,91,FAM,-inf,False,D19,0.0,FAM,JG073N_091,UNKNOWN,,20.61328,180,18,3,RNA,1,3.6007782914593163,2.989937367225337,D19,TaqMan Fast Virus,40,0.4188179981559929,0.7505848407745361,-0.023565980480255988
JG073N,92,FAM,-inf,False,D20,0.0,FAM,JG073N_092,UNKNOWN,,20.783772,182,19,3,RNA,1,3.6007782914593163,2.6046714074596102,D20,TaqMan Fast Virus,40,0.3863370724853763,0.6800877451896667,-0.07885905222949119
JG073N,93,FAM,-inf,False,D21,0.0,FAM,JG073N_093,UNKNOWN,,20.642986,184,20,3,RNA,1,3.6007782914593163,2.219405447693882,D21,TaqMan Fast Virus,40,0.31248722523458916,0.5615081787109375,-0.21469229708114146
JG073N,94,FAM,-inf,False,D22,0.0,FAM,JG073N_094,UNKNOWN,,20.641281,186,21,3,RNA,1,3.6007782914593163,1.8341394879281543,D22,TaqMan Fast Virus,40,0.3174082237293578,0.5701842904090881,-0.2152921509362012
JG073N,95,FAM,-inf,False,D23,0.0,FAM,JG073N_095,UNKNOWN,,20.611568,188,22,3,RNA,1,3.6007782914593163,1.448873528162427,D23,TaqMan Fast Virus,40,0.269412394164222,0.47574949264526367,-0.3005780444235686
JG073N,96,FAM,-inf,False,D24,0.0,FAM,JG073N_096,UNKNOWN,,20.45906,190,23,3,RNA,1,3.6007782914593163,,D24,TaqMan Fast Virus,40,0.3005521289668108,0.5425726175308228,-0.2599845452216216
JG073N,97,FAM,-inf,False,E1,0.0,FAM,JG073N_097,UNKNOWN,,11.833112,192,0,4,RNA,100,5.078998710584521,6.049177958632402,E1,TaqMan Fast Virus,40,0.8370771305122297,1.494091272354126,0.4918453480828328
JG073N,98,FAM,-inf,False,E2,0.0,FAM,JG073N_098,UNKNOWN,,11.901242,194,1,4,RNA,100,5.078998710584521,5.663911998866674,E2,TaqMan Fast Virus,40,0.7900081929111136,1.4115363359451294,0.39729959371551365
JG073N,99,FAM,-inf,False,E3,0.0,FAM,JG073N_099,UNKNOWN,,11.988424,196,2,4,RNA,100,5.078998710584521,5.278646039100947,E3,TaqMan Fast Virus,40,0.7219504185232574,1.2825229167938232,0.27021027005818254
JG073N,100,FAM,-inf,False,E4,0.0,FAM,JG073N_100,UNKNOWN,,11.741615,198,3,4,RNA,100,5.078998710584521,4.89338007933522,E4,TaqMan Fast Virus,40,0.665703722972872,1.2070738077163696,0.16291605900923833
JG073N,101,FAM,-inf,False,E5,0.0,FAM,JG073N_101,UNKNOWN,,11.96077,200,4,4,RNA,100,5.078998710584521,4.508114119569492,E5,TaqMan Fast Virus,40,0.6106500050913769,1.0730732679367065,0.04968148135234596
JG073N,102,FAM,-inf,False,E6,0.0,FAM,JG073N_102,UNKNOWN,,11.936315,202,5,4,RNA,100,5.078998710584521,4.122848159803764,E6,TaqMan Fast Virus,40,0.6299900721793763,1.1105825901031494,0.07614463549894612
JG073N,103,FAM,-inf,False,E7,0.0,FAM,JG073N_103,UNKNOWN,,11.627461,204,6,4,RNA,100,5.078998710584521,3.7375822000380374,E7,TaqMan Fast Virus,40,0.6039537434304613,1.10506010055542,0.042291175297776595
JG073N,104,FAM,-inf,False,E8,0.0,FAM,JG073N_104,UNKNOWN,,11.963681,206,7,4,RNA,100,5.078998710584521,,E8,TaqMan Fast Virus,40,0.5903125713714871,1.0382587909698486,-0.009325895593787936
JG073N,105,FAM,-inf,False,E9,0.0,FAM,JG073N_105,UNKNOWN,,16.344364,208,8,4,RNA,10,3.9703333962406178,4.904823622694598,E9,TaqMan Fast Virus,40,0.5649721999855088,1.0124287605285645,-0.006432855226220058
JG073N,106,FAM,-inf,False,E10,0.0,FAM,JG073N_106,UNKNOWN,,16.783054,210,9,4,RNA,10,3.9703333962406178,4.51955766292887,E10,TaqMan Fast Virus,40,0.5114918722819577,0.9098277688026428,-0.10255426170811599
JG073N,107,FAM,-inf,False,E11,0.0,FAM,JG073N_107,UNKNOWN,,16.981686,212,10,4,RNA,10,3.9703333962406178,4.134291703163142,E11,TaqMan Fast Virus,40,0.4636938361977986,0.8230910897254944,-0.1656028368909499
JG073N,108,FAM,-inf,False,E12,0.0,FAM,JG073N_108,UNKNOWN,,17.053295,214,11,4,RNA,10,3.9703333962406178,3.7490257433974143,E12,TaqMan Fast Virus,40,0.43929517604265506,0.7788019776344299,-0.20027741775315527
JG073N,109,FAM,-inf,False,E13,0.0,FAM,JG073N_109,UNKNOWN,,16.96463,216,12,4,RNA,10,3.9703333962406178,3.3637597836316866,E13,TaqMan Fast Virus,40,0.43566626239988754,0.7762369513511658,-0.21764020620512242
JG073N,110,FAM,-inf,False,E14,0.0,FAM,JG073N_110,UNKNOWN,,16.940334,218,13,4,RNA,10,3.9703333962406178,2.9784938238659593,E14,TaqMan Fast Virus,40,0.44795366014856336,0.7979070544242859,-0.19496746505916457
JG073N,111,FAM,-inf,False,E15,0.0,FAM,JG073N_111,UNKNOWN,,17.003895,220,14,4,RNA,10,3.9703333962406178,2.593227864100233,E15,TaqMan Fast Virus,40,0.4386835250739028,0.7825729250907898,-0.21160601802429774
JG073N,112,FAM,-inf,False,E16,0.0,FAM,JG073N_112,UNKNOWN,,16.982443,222,15,4,RNA,10,3.9703333962406178,,E16,TaqMan Fast Virus,40,0.4460634008680391,0.7906777262687683,-0.21337630144671893
JG073N,113,FAM,-inf,False,E17,0.0,FAM,JG073N_113,UNKNOWN,,20.017591,224,16,4,RNA,1,2.8616680818967146,3.760469286756793,E17,TaqMan Fast Virus,40,0.6027038353861881,1.082555890083313,0.3167495794324279
JG073N,114,FAM,-inf,False,E18,0.0,FAM,JG073N_114,UNKNOWN,,20.435984,226,17,4,RNA,1,2.8616680818967146,3.3752033269910653,E18,TaqMan Fast Virus,40,0.5664479242556681,1.018662452697754,0.25157787603174864
JG073N,115,FAM,-inf,False,E19,0.0,FAM,JG073N_115,UNKNOWN,,20.629961,228,18,4,RNA,1,2.8616680818967146,2.989937367225337,E19,TaqMan Fast Virus,40,0.5304812885804588,0.9464738965034485,0.18125907738604136
JG073N,116,FAM,-inf,False,E20,0.0,FAM,JG073N_116,UNKNOWN,,20.715761,230,19,4,RNA,1,2.8616680818967146,2.6046714074596102,E20,TaqMan Fast Virus,40,0.47324193004743104,0.8429712653160095,0.08096999642070346
JG073N,117,FAM,-inf,False,E21,0.0,FAM,JG073N_117,UNKNOWN,,20.602196,232,20,4,RNA,1,2.8616680818967146,2.219405447693882,E21,TaqMan Fast Virus,40,0.4129001914721952,0.7406427264213562,-0.018755083916074278
JG073N,118,FAM,-inf,False,E22,0.0,FAM,JG073N_118,UNKNOWN,,20.672817,234,21,4,RNA,1,2.8616680818967146,1.8341394879281543,E22,TaqMan Fast Virus,40,0.4113049296332122,0.7343379259109497,-0.016109404567546615
JG073N,119,FAM,-inf,False,E23,0.0,FAM,JG073N_119,UNKNOWN,,20.586903,236,22,4,RNA,1,2.8616680818967146,1.448873528162427,E23,TaqMan Fast Virus,40,0.382193754949495,0.683390200138092,-0.0770213651480931
JG073N,120,FAM,-inf,False,E24,0.0,FAM,JG073N_120,UNKNOWN,,20.680992,238,23,4,RNA,1,2.8616680818967146,,E24,TaqMan Fast Virus,40,0.3825299396051642,0.682937502861023,-0.06877586388070162
JG073N,121,FAM,-inf,False,F1,0.0,FAM,JG073N_121,UNKNOWN,,11.821448,240,0,5,RNA,100,4.339888501021918,6.049177958632402,F1,TaqMan Fast Virus,40,0.9078792163069931,1.615079402923584,0.6375719838518152
JG073N,122,FAM,-inf,False,F2,0.0,FAM,JG073N_122,UNKNOWN,,11.821859,242,1,5,RNA,100,4.339888501021918,5.663911998866674,F2,TaqMan Fast Virus,40,0.874297667508791,1.5654889345169067,0.555293451712623
JG073N,123,FAM,-inf,False,F3,0.0,FAM,JG073N_123,UNKNOWN,,11.826476,244,2,5,RNA,100,4.339888501021918,5.278646039100947,F3,TaqMan Fast Virus,40,0.8066124956423235,1.4414547681808472,0.4102970166485899
JG073N,124,FAM,-inf,False,F4,0.0,FAM,JG073N_124,UNKNOWN,,11.862649,246,3,5,RNA,100,4.339888501021918,4.89338007933522,F4,TaqMan Fast Virus,40,0.7576673748057489,1.3362555503845215,0.3232587515708533
JG073N,125,FAM,-inf,False,F5,0.0,FAM,JG073N_125,UNKNOWN,,11.794135,248,4,5,RNA,100,4.339888501021918,4.508114119569492,F5,TaqMan Fast Virus,40,0.6660775368225264,1.1962628364562988,0.19272134200762542
JG073N,126,FAM,-inf,False,F6,0.0,FAM,JG073N_126,UNKNOWN,,11.97508,250,5,5,RNA,100,4.339888501021918,4.122848159803764,F6,TaqMan Fast Virus,40,0.6636770126959788,1.175489902496338,0.19434837343163663
JG073N,127,FAM,-inf,False,F7,0.0,FAM,JG073N_127,UNKNOWN,,11.991015,252,6,5,RNA,100,4.339888501021918,3.7375822000380374,F7,TaqMan Fast Virus,40,0.6736958122848195,1.1762235164642334,0.18848457523309387
JG073N,128,FAM,-inf,False,F8,0.0,FAM,JG073N_128,UNKNOWN,,11.95716,254,7,5,RNA,100,4.339888501021918,,F8,TaqMan Fast Virus,40,0.6629259624810451,1.1682342290878296,0.1613030967764988
JG073N,129,FAM,-inf,False,F9,0.0,FAM,JG073N_129,UNKNOWN,,16.435942,256,8,5,RNA,10,3.2312231866780157,4.904823622694598,F9,TaqMan Fast Virus,40,0.5496410504826783,0.9807778596878052,-0.03758146706136367
JG073N,130,FAM,-inf,False,F10,0.0,FAM,JG073N_130,UNKNOWN,,16.768993,258,9,5,RNA,10,3.2312231866780157,4.51955766292887,F10,TaqMan Fast Virus,40,0.50019198218495,0.8969668745994568,-0.11287485237090411
JG073N,131,FAM,-inf,False,F11,0.0,FAM,JG073N_131,UNKNOWN,,16.786617,260,10,5,RNA,10,3.2312231866780157,4.134291703163142,F11,TaqMan Fast Virus,40,0.4523023306750379,0.816119372844696,-0.19829454220535447
JG073N,132,FAM,-inf,False,F12,0.0,FAM,JG073N_132,UNKNOWN,,16.78405,262,11,5,RNA,10,3.2312231866780157,3.7490257433974143,F12,TaqMan Fast Virus,40,0.44187306737066384,0.7996411323547363,-0.20827274221845876
JG073N,133,FAM,-inf,False,F13,0.0,FAM,JG073N_133,UNKNOWN,,16.992174,264,12,5,RNA,10,3.2312231866780157,3.3637597836316866,F13,TaqMan Fast Virus,40,0.4272036192780397,0.760819673538208,-0.22398482382940138
JG073N,134,FAM,-inf,False,F14,0.0,FAM,JG073N_134,UNKNOWN,,16.85684,266,13,5,RNA,10,3.2312231866780157,2.9784938238659593,F14,TaqMan Fast Virus,40,0.4334057493429504,0.7830018997192383,-0.21947293604152185
JG073N,135,FAM,-inf,False,F15,0.0,FAM,JG073N_135,UNKNOWN,,16.8944,268,14,5,RNA,10,3.2312231866780157,2.593227864100233,F15,TaqMan Fast Virus,40,0.4403751634746521,0.7893701791763306,-0.2359916615853278
JG073N,136,FAM,-inf,False,F16,0.0,FAM,JG073N_136,UNKNOWN,,16.874893,270,15,5,RNA,10,3.2312231866780157,,F16,TaqMan Fast Virus,40,0.45999060448629053,0.8176138401031494,-0.19717379675063457
JG073N,137,FAM,-inf,False,F17,0.0,FAM,JG073N_137,UNKNOWN,,20.119493,272,16,5,RNA,1,2.122557872334112,3.760469286756793,F17,TaqMan Fast Virus,40,0.6773530566373099,1.211862564086914,0.4791205840867995
JG073N,138,FAM,-inf,False,F18,0.0,FAM,JG073N_138,UNKNOWN,,20.294,274,17,5,RNA,1,2.122557872334112,3.3752033269910653,F18,TaqMan Fast Virus,40,0.6427633685980487,1.1565574407577515,0.4130641611520034
JG073N,139,FAM,-inf,False,F19,0.0,FAM,JG073N_139,UNKNOWN,,20.60809,276,18,5,RNA,1,2.122557872334112,2.989937367225337,F19,TaqMan Fast Virus,40,0.5825518642361511,1.0458239316940308,0.3028369056553123
JG073N,140,FAM,-inf,False,F20,0.0,FAM,JG073N_140,UNKNOWN,,20.542444,278,19,5,RNA,1,2.122557872334112,2.6046714074596102,F20,TaqMan Fast Virus,40,0.5451805374015146,0.9807092547416687,0.23407898638984903
JG073N,141,FAM,-inf,False,F21,0.0,FAM,JG073N_141,UNKNOWN,,20.634531,280,20,5,RNA,1,2.122557872334112,2.219405447693882,F21,TaqMan Fast Virus,40,0.47812485793198206,0.8576006293296814,0.11425500001230943
JG073N,142,FAM,-inf,False,F22,0.0,FAM,JG073N_142,UNKNOWN,,20.688816,282,21,5,RNA,1,2.122557872334112,1.8341394879281543,F22,TaqMan Fast Virus,40,0.47448757791178714,0.849539577960968,0.12538566650936794
JG073N,143,FAM,-inf,False,F23,0.0,FAM,JG073N_143,UNKNOWN,,20.665596,284,22,5,RNA,1,2.122557872334112,1.448873528162427,F23,TaqMan Fast Virus,40,0.44507298192233613,0.7893622517585754,0.06305832216404017
JG073N,144,FAM,-inf,False,F24,0.0,FAM,JG073N_144,UNKNOWN,,20.540548,286,23,5,RNA,1,2.122557872334112,,F24,TaqMan Fast Virus,40,0.4655361597285866,0.8298014402389526,0.10550573330132157
JG073N,145,FAM,-inf,False,G1,0.0,FAM,JG073N_145,UNKNOWN,,11.832276,288,0,6,RNA,100,3.6007782914593163,6.049177958632402,G1,TaqMan Fast Virus,40,0.9413918220489959,1.6815356016159058,0.7173377430062893
JG073N,146,FAM,-inf,False,G2,0.0,FAM,JG073N_146,UNKNOWN,,11.872333,290,1,6,RNA,100,3.6007782914593163,5.663911998866674,G2,TaqMan Fast Virus,40,0.9101533147183933,1.6142877340316772,0.6415809455588413
JG073N,147,FAM,-inf,False,G3,0.0,FAM,JG073N_147,UNKNOWN,,11.964634,292,2,6,RNA,100,3.6007782914593163,5.278646039100947,G3,TaqMan Fast Virus,40,0.816894562031444,1.4459658861160278,0.4705111498945767
JG073N,148,FAM,-inf,False,G4,0.0,FAM,JG073N_148,UNKNOWN,,11.982829,294,3,6,RNA,100,3.6007782914593163,4.89338007933522,G4,TaqMan Fast Virus,40,0.7696562581547157,1.3643336296081543,0.3844589547074549
JG073N,149,FAM,-inf,False,G5,0.0,FAM,JG073N_149,UNKNOWN,,11.943713,296,4,6,RNA,100,3.6007782914593163,4.508114119569492,G5,TaqMan Fast Virus,40,0.7109585035050224,1.2555559873580933,0.28139270453349824
JG073N,150,FAM,-inf,False,G6,0.0,FAM,JG073N_150,UNKNOWN,,11.9029455,298,5,6,RNA,100,3.6007782914593163,4.122848159803764,G6,TaqMan Fast Virus,40,0.713814614351545,1.2648156881332397,0.2993128490053439
JG073N,151,FAM,-inf,False,G7,0.0,FAM,JG073N_151,UNKNOWN,,11.772411,300,6,6,RNA,100,3.6007782914593163,3.7375822000380374,G7,TaqMan Fast Virus,40,0.6897630798153371,1.2499938011169434,0.2522307918963444
JG073N,152,FAM,-inf,False,G8,0.0,FAM,JG073N_152,UNKNOWN,,11.984573,302,7,6,RNA,100,3.6007782914593163,,G8,TaqMan Fast Virus,40,0.689389582142891,1.2123682498931885,0.242067748977298
JG073N,153,FAM,-inf,False,G9,0.0,FAM,JG073N_153,UNKNOWN,,16.396513,304,8,6,RNA,10,2.492112977115413,4.904823622694598,G9,TaqMan Fast Virus,40,0.47882728050289897,0.8547205328941345,-0.15846023712848295
JG073N,154,FAM,-inf,False,G10,0.0,FAM,JG073N_154,UNKNOWN,,16.6812,306,9,6,RNA,10,2.492112977115413,4.51955766292887,G10,TaqMan Fast Virus,40,0.4444649854693681,0.7920984029769897,-0.23635222724061167
JG073N,155,FAM,-inf,False,G11,0.0,FAM,JG073N_155,UNKNOWN,,16.908323,308,10,6,RNA,10,2.492112977115413,4.134291703163142,G11,TaqMan Fast Virus,40,0.3941296437133928,0.7022911906242371,-0.32358642282715283
JG073N,156,FAM,-inf,False,G12,0.0,FAM,JG073N_156,UNKNOWN,,16.981422,310,11,6,RNA,10,2.492112977115413,3.7490257433974143,G12,TaqMan Fast Virus,40,0.39677072942108643,0.706193208694458,-0.3041824411271912
JG073N,157,FAM,-inf,False,G13,0.0,FAM,JG073N_157,UNKNOWN,,16.986086,312,12,6,RNA,10,2.492112977115413,3.3637597836316866,G13,TaqMan Fast Virus,40,0.3668487614017582,0.6502235531806946,-0.3471736204524259
JG073N,158,FAM,-inf,False,G14,0.0,FAM,JG073N_158,UNKNOWN,,16.927952,314,13,6,RNA,10,2.492112977115413,2.9784938238659593,G14,TaqMan Fast Virus,40,0.3918489877045685,0.7014083862304688,-0.2883109259305016
JG073N,159,FAM,-inf,False,G15,0.0,FAM,JG073N_159,UNKNOWN,,17.002056,316,14,6,RNA,10,2.492112977115413,2.593227864100233,G15,TaqMan Fast Virus,40,0.4012042072978418,0.7060778737068176,-0.3180789672175316
JG073N,160,FAM,-inf,False,G16,0.0,FAM,JG073N_160,UNKNOWN,,16.92692,318,15,6,RNA,10,2.492112977115413,,G16,TaqMan Fast Virus,40,0.43130883951341964,0.75523442029953,-0.2747139849905937
JG073N,161,FAM,-inf,False,G17,0.0,FAM,JG073N_161,UNKNOWN,,19.939438,320,16,6,RNA,1,1.3834476627715098,3.760469286756793,G17,TaqMan Fast Virus,40,0.6909573940515171,1.249077320098877,0.5119849627044006
JG073N,162,FAM,-inf,False,G18,0.0,FAM,JG073N_162,UNKNOWN,,19.898783,322,17,6,RNA,1,1.3834476627715098,3.3752033269910653,G18,TaqMan Fast Virus,40,0.8175377342253848,1.466920256614685,0.5595990883802636
JG073N,163,FAM,-inf,False,G19,0.0,FAM,JG073N_163,UNKNOWN,,20.481829,324,18,6,RNA,1,1.3834476627715098,2.989937367225337,G19,TaqMan Fast Virus,40,0.6040768492849214,1.0836622714996338,0.3544753562535595
JG073N,164,FAM,-inf,False,G20,0.0,FAM,JG073N_164,UNKNOWN,,20.609612,326,19,6,RNA,1,1.3834476627715098,2.6046714074596102,G20,TaqMan Fast Virus,40,0.5787239724744253,1.0396579504013062,0.28781308799709276
JG073N,165,FAM,-inf,False,G21,0.0,FAM,JG073N_165,UNKNOWN,,20.551231,328,20,6,RNA,1,1.3834476627715098,2.219405447693882,G21,TaqMan Fast Virus,40,0.5116517758254072,0.9148532152175903,0.1884193158580028
JG073N,166,FAM,-inf,False,G22,0.0,FAM,JG073N_166,UNKNOWN,,20.682049,330,21,6,RNA,1,1.3834476627715098,1.8341394879281543,G22,TaqMan Fast Virus,40,0.4702495817268101,0.8381916880607605,0.12935816026810237
JG073N,167,FAM,-inf,False,G23,0.0,FAM,JG073N_167,UNKNOWN,,19.95844,332,22,6,RNA,1,1.3834476627715098,1.448873528162427,G23,TaqMan Fast Virus,40,0.6022388495801119,1.0846316814422607,0.16466371552274645
JG073N,168,FAM,-inf,False,G24,0.0,FAM,JG073N_168,UNKNOWN,,20.553188,334,23,6,RNA,1,1.3834476627715098,,G24,TaqMan Fast Virus,40,0.46000466821276365,0.825553834438324,0.10721422192570157
JG073N,169,FAM,-inf,False,H1,0.0,FAM,JG073N_169,UNKNOWN,,11.549437,336,0,7,RNA,100,,6.049177958632402,H1,TaqMan Fast Virus,40,1.0,1.8075711727142334,0.8230513003273181
JG073N,170,FAM,-inf,False,H2,0.0,FAM,JG073N_170,UNKNOWN,,11.867876,338,1,7,RNA,100,,5.663911998866674,H2,TaqMan Fast Virus,40,0.9190421482922393,1.6389421224594116,0.6887718082324472
JG073N,171,FAM,-inf,False,H3,0.0,FAM,JG073N_171,UNKNOWN,,11.943933,340,2,7,RNA,100,,5.278646039100947,H3,TaqMan Fast Virus,40,0.8557846625109389,1.5112556219100952,0.5414266619329001
JG073N,172,FAM,-inf,False,H4,0.0,FAM,JG073N_172,UNKNOWN,,11.782676,342,3,7,RNA,100,,4.89338007933522,H4,TaqMan Fast Virus,40,0.7860789499293376,1.4142239093780518,0.43867826386872605
JG073N,173,FAM,-inf,False,H5,0.0,FAM,JG073N_173,UNKNOWN,,11.823192,344,4,7,RNA,100,,4.508114119569492,H5,TaqMan Fast Virus,40,0.7358809522676898,1.3237414360046387,0.36025806533875493
JG073N,174,FAM,-inf,False,H6,0.0,FAM,JG073N_174,UNKNOWN,,11.919935,346,5,7,RNA,100,,4.122848159803764,H6,TaqMan Fast Virus,40,0.7294847427774506,1.288381576538086,0.34953185276091286
JG073N,175,FAM,-inf,False,H7,0.0,FAM,JG073N_175,UNKNOWN,,11.89227,348,6,7,RNA,100,,3.7375822000380374,H7,TaqMan Fast Virus,40,0.7210160019522999,1.271040678024292,0.3151309118622143
JG073N,176,FAM,-inf,False,H8,0.0,FAM,JG073N_176,UNKNOWN,,11.744523,350,7,7,RNA,100,,,H8,TaqMan Fast Virus,40,0.6994240119725551,1.2658334970474243,0.2792221976009833
JG073N,177,FAM,-inf,False,H9,0.0,FAM,JG073N_177,UNKNOWN,,16.499916,352,8,7,RNA,10,,4.904823622694598,H9,TaqMan Fast Virus,40,0.4095061051057505,0.7285997867584229,-0.29754803871743507
JG073N,178,FAM,-inf,False,H10,0.0,FAM,JG073N_178,UNKNOWN,,16.752977,354,9,7,RNA,10,,4.51955766292887,H10,TaqMan Fast Virus,40,0.38605837870105003,0.6844452619552612,-0.3493262707710468
JG073N,179,FAM,-inf,False,H11,0.0,FAM,JG073N_179,UNKNOWN,,17.050436,356,10,7,RNA,10,,4.134291703163142,H11,TaqMan Fast Virus,40,0.3183295743798372,0.5596376061439514,-0.48073976955995423
JG073N,180,FAM,-inf,False,H12,0.0,FAM,JG073N_180,UNKNOWN,,16.88529,358,11,7,RNA,10,,3.7490257433974143,H12,TaqMan Fast Virus,40,0.3273273474267326,0.5911905169487,-0.4432065690216869
JG073N,181,FAM,-inf,False,H13,0.0,FAM,JG073N_181,UNKNOWN,,16.850143,360,12,7,RNA,10,,3.3637597836316866,H13,TaqMan Fast Virus,40,0.3395675711253103,0.6162266731262207,-0.4225617523590662
JG073N,182,FAM,-inf,False,H14,0.0,FAM,JG073N_182,UNKNOWN,,17.02078,362,13,7,RNA,10,,2.9784938238659593,H14,TaqMan Fast Virus,40,0.30843796220578207,0.5459403991699219,-0.46776683430364413
JG073N,183,FAM,-inf,False,H15,0.0,FAM,JG073N_183,UNKNOWN,,17.018532,364,14,7,RNA,10,,2.593227864100233,H15,TaqMan Fast Virus,40,0.29194031590180564,0.5173712372779846,-0.5006962104412236
JG073N,184,FAM,-inf,False,H16,0.0,FAM,JG073N_184,UNKNOWN,,17.04186,366,15,7,RNA,10,,,H16,TaqMan Fast Virus,40,0.2897135783724902,0.5122450590133667,-0.5046905962178467
JG073N,185,FAM,-inf,False,H17,0.0,FAM,JG073N_185,UNKNOWN,,19.83366,368,16,7,RNA,1,,3.760469286756793,H17,TaqMan Fast Virus,40,0.7171718188519515,1.2969505786895752,0.567656518242687
JG073N,186,FAM,-inf,False,H18,0.0,FAM,JG073N_186,UNKNOWN,,20.258707,370,17,7,RNA,1,,3.3752033269910653,H18,TaqMan Fast Virus,40,0.6452424648139576,1.1641770601272583,0.4327588935158986
JG073N,187,FAM,-inf,False,H19,0.0,FAM,JG073N_187,UNKNOWN,,20.377254,372,18,7,RNA,1,,2.989937367225337,H19,TaqMan Fast Virus,40,0.6041285339929846,1.0867035388946533,0.35900265310337376
JG073N,188,FAM,-inf,False,H20,0.0,FAM,JG073N_188,UNKNOWN,,20.526897,374,19,7,RNA,1,,2.6046714074596102,H20,TaqMan Fast Virus,40,0.5750167207955545,1.0339192152023315,0.30634451594805573
JG073N,189,FAM,-inf,False,H21,0.0,FAM,JG073N_189,UNKNOWN,,20.486938,376,20,7,RNA,1,,2.219405447693882,H21,TaqMan Fast Virus,40,0.5113695774015059,0.918769121170044,0.19081186722672
JG073N,190,FAM,-inf,False,H22,0.0,FAM,JG073N_190,UNKNOWN,,20.526285,378,21,7,RNA,1,,1.8341394879281543,H22,TaqMan Fast Virus,40,0.5124418636600722,0.917405366897583,0.1912691998735822
JG073N,191,FAM,-inf,False,H23,0.0,FAM,JG073N_191,UNKNOWN,,20.44238,380,22,7,RNA,1,,1.448873528162427,H23,TaqMan Fast Virus,40,0.49578036570374,0.8913300633430481,0.1558473795648817
JG073N,192,FAM,-inf,False,H24,0.0,FAM,JG073N_192,UNKNOWN,,20.374931,382,23,7,RNA,1,,,H24,TaqMan Fast Virus,40,0.48816229349822365,0.8722017407417297,0.12871061577520998
JG073N,193,FAM,-inf,False,I1,0.0,FAM,JG073N_193,UNKNOWN,,12.2062435,384,0,8,DNA,100,8.035439548834928,6.049177958632402,I1,TaqMan Fast Virus,40,0.5479025603683354,0.9684553742408752,-0.05178376743420798
JG073N,194,FAM,-inf,False,I2,0.0,FAM,JG073N_194,UNKNOWN,,12.044661,386,1,8,DNA,100,8.035439548834928,5.663911998866674,I2,TaqMan Fast Virus,40,0.5282286943254204,0.9345759153366089,-0.1310793966472681
JG073N,195,FAM,-inf,False,I3,0.0,FAM,JG073N_195,UNKNOWN,,12.164999,388,2,8,DNA,100,8.035439548834928,5.278646039100947,I3,TaqMan Fast Virus,40,0.49271885464535287,0.8627317547798157,-0.2053210142612522
JG073N,196,FAM,-inf,False,I4,0.0,FAM,JG073N_196,UNKNOWN,,12.23447,390,3,8,DNA,100,8.035439548834928,4.89338007933522,I4,TaqMan Fast Virus,40,0.45772387259322395,0.7956292033195496,-0.26897984566057304
JG073N,197,FAM,-inf,False,I5,0.0,FAM,JG073N_197,UNKNOWN,,12.06171,392,4,8,DNA,100,8.035439548834928,4.508114119569492,I5,TaqMan Fast Virus,40,0.4383569756106917,0.767609179019928,-0.3251697905446694
JG073N,198,FAM,-inf,False,I6,0.0,FAM,JG073N_198,UNKNOWN,,12.085133,394,5,8,DNA,100,8.035439548834928,4.122848159803764,I6,TaqMan Fast Virus,40,0.4122954799772355,0.7044641971588135,-0.3749269861747523
JG073N,199,FAM,-inf,False,I7,0.0,FAM,JG073N_199,UNKNOWN,,11.979911,396,6,8,DNA,100,8.035439548834928,3.7375822000380374,I7,TaqMan Fast Virus,40,0.3618746964634641,0.6271044015884399,-0.44888731201451887
JG073N,200,FAM,-inf,False,I8,0.0,FAM,JG073N_200,UNKNOWN,,12.024149,398,7,8,DNA,100,8.035439548834928,,I8,TaqMan Fast Virus,40,0.2979012889869313,0.5059261918067932,-0.5825381539780901
JG073N,201,FAM,-inf,False,I9,0.0,FAM,JG073N_201,UNKNOWN,,16.741617,400,8,8,DNA,10,6.926774234491026,4.904823622694598,I9,TaqMan Fast Virus,40,0.3035007360184524,0.5413892269134521,-0.4794952237554715
JG073N,202,FAM,-inf,False,I10,0.0,FAM,JG073N_202,UNKNOWN,,16.834211,402,9,8,DNA,10,6.926774234491026,4.51955766292887,I10,TaqMan Fast Virus,40,0.2505538280086857,0.4485543370246887,-0.5972161894335126
JG073N,203,FAM,-inf,False,I11,0.0,FAM,JG073N_203,UNKNOWN,,17.284607,404,10,8,DNA,10,6.926774234491026,4.134291703163142,I11,TaqMan Fast Virus,40,0.210028015538533,0.3677200376987457,-0.6713759397242918
JG073N,204,FAM,-inf,False,I12,0.0,FAM,JG073N_204,UNKNOWN,,17.542305,406,11,8,DNA,10,6.926774234491026,3.7490257433974143,I12,TaqMan Fast Virus,40,0.19768448606989023,0.33886227011680603,-0.6907679794933141
JG073N,205,FAM,-inf,False,I13,0.0,FAM,JG073N_205,UNKNOWN,,17.409332,408,12,8,DNA,10,6.926774234491026,3.3637597836316866,I13,TaqMan Fast Virus,40,0.185435661940627,0.31896182894706726,-0.700127150273056
JG073N,206,FAM,-inf,False,I14,0.0,FAM,JG073N_206,UNKNOWN,,17.24542,410,13,8,DNA,10,6.926774234491026,2.9784938238659593,I14,TaqMan Fast Virus,40,0.20956118604977458,0.3586573302745819,-0.6900874093886953
JG073N,207,FAM,-inf,False,I15,0.0,FAM,JG073N_207,UNKNOWN,,17.497639,412,14,8,DNA,10,6.926774234491026,2.593227864100233,I15,TaqMan Fast Virus,40,0.17237402833277515,0.30196812748908997,-0.6893710568954101
JG073N,208,FAM,-inf,False,I16,0.0,FAM,JG073N_208,UNKNOWN,,17.017305,414,15,8,DNA,10,6.926774234491026,,I16,TaqMan Fast Virus,40,0.1997323945914308,0.35996901988983154,-0.6920640353784634
JG073N,209,FAM,-inf,False,I17,0.0,FAM,JG073N_209,UNKNOWN,,20.3127,416,16,8,DNA,1,5.8181089201471226,3.760469286756793,I17,TaqMan Fast Virus,40,0.33362354637040875,0.5982890129089355,-0.20715380751004714
JG073N,210,FAM,-inf,False,I18,0.0,FAM,JG073N_210,UNKNOWN,,20.429304,418,17,8,DNA,1,5.8181089201471226,3.3752033269910653,I18,TaqMan Fast Virus,40,0.3133205184794584,0.5730235576629639,-0.25394888302897045
JG073N,211,FAM,-inf,False,I19,0.0,FAM,JG073N_211,UNKNOWN,,20.77459,420,18,8,DNA,1,5.8181089201471226,2.989937367225337,I19,TaqMan Fast Virus,40,0.2764147030441794,0.4896378517150879,-0.32163005658461336
JG073N,212,FAM,-inf,False,I20,0.0,FAM,JG073N_212,UNKNOWN,,21.209873,422,19,8,DNA,1,5.8181089201471226,2.6046714074596102,I20,TaqMan Fast Virus,40,0.22230081370196061,0.3924526572227478,-0.41293539273559776
JG073N,213,FAM,-inf,False,I21,0.0,FAM,JG073N_213,UNKNOWN,,20.951427,424,20,8,DNA,1,5.8181089201471226,2.219405447693882,I21,TaqMan Fast Virus,40,0.2084784926336182,0.36537814140319824,-0.44377268517292345
JG073N,214,FAM,-inf,False,I22,0.0,FAM,JG073N_214,UNKNOWN,,21.075932,426,21,8,DNA,1,5.8181089201471226,1.8341394879281543,I22,TaqMan Fast Virus,40,0.18155915690657565,0.3135961592197418,-0.47939978459851673
JG073N,215,FAM,-inf,False,I23,0.0,FAM,JG073N_215,UNKNOWN,,20.635,428,22,8,DNA,1,5.8181089201471226,1.448873528162427,I23,TaqMan Fast Virus,40,0.18010877403435163,0.3146425485610962,-0.49095422149266943
JG073N,216,FAM,-inf,False,I24,0.0,FAM,JG073N_216,UNKNOWN,,20.738836,430,23,8,DNA,1,5.8181089201471226,,I24,TaqMan Fast Virus,40,0.13031310160477158,0.22970639169216156,-0.5662882321800983
JG073N,217,FAM,-inf,False,J1,0.0,FAM,JG073N_217,UNKNOWN,,11.886597,432,0,9,DNA,100,7.296329339272326,6.049177958632402,J1,TaqMan Fast Virus,40,0.6738867771593363,1.1949633359909058,0.1572871992873116
JG073N,218,FAM,-inf,False,J2,0.0,FAM,JG073N_218,UNKNOWN,,11.924394,434,1,9,DNA,100,7.296329339272326,5.663911998866674,J2,TaqMan Fast Virus,40,0.6326563329840061,1.1168100833892822,0.06747517872154196
JG073N,219,FAM,-inf,False,J3,0.0,FAM,JG073N_219,UNKNOWN,,11.976768,436,2,9,DNA,100,7.296329339272326,5.278646039100947,J3,TaqMan Fast Virus,40,0.5981881062671022,1.058221697807312,-0.004029939823845696
JG073N,220,FAM,-inf,False,J4,0.0,FAM,JG073N_220,UNKNOWN,,11.858701,438,3,9,DNA,100,7.296329339272326,4.89338007933522,J4,TaqMan Fast Virus,40,0.5555563215895133,1.0042024850845337,-0.09160499776658704
JG073N,221,FAM,-inf,False,J5,0.0,FAM,JG073N_221,UNKNOWN,,11.994043,440,4,9,DNA,100,7.296329339272326,4.508114119569492,J5,TaqMan Fast Virus,40,0.5417932488450483,0.9451711177825928,-0.14340668089512598
JG073N,222,FAM,-inf,False,J6,0.0,FAM,JG073N_222,UNKNOWN,,11.935765,442,5,9,DNA,100,7.296329339272326,4.122848159803764,J6,TaqMan Fast Virus,40,0.5070839287944208,0.8870089650154114,-0.19607559535775454
JG073N,223,FAM,-inf,False,J7,0.0,FAM,JG073N_223,UNKNOWN,,11.974968,444,6,9,DNA,100,7.296329339272326,3.7375822000380374,J7,TaqMan Fast Virus,40,0.46756603383066153,0.8186565041542053,-0.2446765113823326
JG073N,224,FAM,-inf,False,J8,0.0,FAM,JG073N_224,UNKNOWN,,11.78998,446,7,9,DNA,100,7.296329339272326,,J8,TaqMan Fast Virus,40,0.4218381598054505,0.7621448636054993,-0.3222184696606627
JG073N,225,FAM,-inf,False,J9,0.0,FAM,JG073N_225,UNKNOWN,,16.47754,448,8,9,DNA,10,6.187664024928424,4.904823622694598,J9,TaqMan Fast Virus,40,0.4298598855979292,0.7760992646217346,-0.25622206689492744
JG073N,226,FAM,-inf,False,J10,0.0,FAM,JG073N_226,UNKNOWN,,16.54172,450,9,9,DNA,10,6.187664024928424,4.51955766292887,J10,TaqMan Fast Virus,40,0.36617831379085464,0.6777327060699463,-0.3792403322668283
JG073N,227,FAM,-inf,False,J11,0.0,FAM,JG073N_227,UNKNOWN,,16.906202,452,10,9,DNA,10,6.187664024928424,4.134291703163142,J11,TaqMan Fast Virus,40,0.3422050967597624,0.6102480292320251,-0.4291754534489738
JG073N,228,FAM,-inf,False,J12,0.0,FAM,JG073N_228,UNKNOWN,,16.811623,454,11,9,DNA,10,6.187664024928424,3.7490257433974143,J12,TaqMan Fast Virus,40,0.3290734032099883,0.591827929019928,-0.44737821291143637
JG073N,229,FAM,-inf,False,J13,0.0,FAM,JG073N_229,UNKNOWN,,16.983765,456,12,9,DNA,10,6.187664024928424,3.3637597836316866,J13,TaqMan Fast Virus,40,0.31220464698741807,0.5557153820991516,-0.46264838485052645
JG073N,230,FAM,-inf,False,J14,0.0,FAM,JG073N_230,UNKNOWN,,16.864147,458,13,9,DNA,10,6.187664024928424,2.9784938238659593,J14,TaqMan Fast Virus,40,0.32709835095087453,0.5835552215576172,-0.44984522488102335
JG073N,231,FAM,-inf,False,J15,0.0,FAM,JG073N_231,UNKNOWN,,16.963966,460,14,9,DNA,10,6.187664024928424,2.593227864100233,J15,TaqMan Fast Virus,40,0.31730810847475827,0.5714910626411438,-0.4535311774403841
JG073N,232,FAM,-inf,False,J16,0.0,FAM,JG073N_232,UNKNOWN,,17.020203,462,15,9,DNA,10,6.187664024928424,,J16,TaqMan Fast Virus,40,0.3376881111442383,0.5702396035194397,-0.4377101533015873
JG073N,233,FAM,-inf,False,J17,0.0,FAM,JG073N_233,UNKNOWN,,20.165012,464,16,9,DNA,1,5.0789987105845205,3.760469286756793,J17,TaqMan Fast Virus,40,0.40330240031409453,0.721422016620636,-0.07304617897720384
JG073N,234,FAM,-inf,False,J18,0.0,FAM,JG073N_234,UNKNOWN,,20.458302,466,17,9,DNA,1,5.0789987105845205,3.3752033269910653,J18,TaqMan Fast Virus,40,0.3699004956038731,0.6656728982925415,-0.12120871081056944
JG073N,235,FAM,-inf,False,J19,0.0,FAM,JG073N_235,UNKNOWN,,20.631433,468,18,9,DNA,1,5.0789987105845205,2.989937367225337,J19,TaqMan Fast Virus,40,0.3342085850730962,0.5948946475982666,-0.2114056644409747
JG073N,236,FAM,-inf,False,J20,0.0,FAM,JG073N_236,UNKNOWN,,20.626514,470,19,9,DNA,1,5.0789987105845205,2.6046714074596102,J20,TaqMan Fast Virus,40,0.30466821420080326,0.5474088191986084,-0.25876740364302875
JG073N,237,FAM,-inf,False,J21,0.0,FAM,JG073N_237,UNKNOWN,,20.497856,472,20,9,DNA,1,5.0789987105845205,2.219405447693882,J21,TaqMan Fast Virus,40,0.26061149891625845,0.47720304131507874,-0.33619184855658313
JG073N,238,FAM,-inf,False,J22,0.0,FAM,JG073N_238,UNKNOWN,,20.548162,474,21,9,DNA,1,5.0789987105845205,1.8341394879281543,J22,TaqMan Fast Virus,40,0.24735879161965577,0.44093582034111023,-0.3728043981793966
JG073N,239,FAM,-inf,False,J23,0.0,FAM,JG073N_239,UNKNOWN,,20.521547,476,22,9,DNA,1,5.0789987105845205,1.448873528162427,J23,TaqMan Fast Virus,40,0.2234426219905753,0.410830020904541,-0.3977180107570848
JG073N,240,FAM,-inf,False,J24,0.0,FAM,JG073N_240,UNKNOWN,,20.530348,478,23,9,DNA,1,5.0789987105845205,,J24,TaqMan Fast Virus,40,0.21085762347113665,0.3707098960876465,-0.42276097832474224
JG073N,241,FAM,-inf,False,K1,0.0,FAM,JG073N_241,UNKNOWN,,11.922219,480,0,10,DNA,100,6.557219129709725,6.049177958632402,K1,TaqMan Fast Virus,40,0.7755371870786727,1.3730286359786987,0.33319320417614157
JG073N,242,FAM,-inf,False,K2,0.0,FAM,JG073N_242,UNKNOWN,,11.888926,482,1,10,DNA,100,6.557219129709725,5.663911998866674,K2,TaqMan Fast Virus,40,0.7217833168155722,1.281274676322937,0.2262686749040942
JG073N,243,FAM,-inf,False,K3,0.0,FAM,JG073N_243,UNKNOWN,,11.952842,484,2,10,DNA,100,6.557219129709725,5.278646039100947,K3,TaqMan Fast Virus,40,0.6676397766211308,1.1831064224243164,0.14860238486981725
JG073N,244,FAM,-inf,False,K4,0.0,FAM,JG073N_244,UNKNOWN,,12.007184,486,3,10,DNA,100,6.557219129709725,4.89338007933522,K4,TaqMan Fast Virus,40,0.6319815451223341,1.1088614463806152,0.07575133963957648
JG073N,245,FAM,-inf,False,K5,0.0,FAM,JG073N_245,UNKNOWN,,11.881478,488,4,10,DNA,100,6.557219129709725,4.508114119569492,K5,TaqMan Fast Virus,40,0.6245598292286657,1.1040955781936646,0.015455428013674943
JG073N,246,FAM,-inf,False,K6,0.0,FAM,JG073N_246,UNKNOWN,,11.912463,490,5,10,DNA,100,6.557219129709725,4.122848159803764,K6,TaqMan Fast Virus,40,0.5796609492595305,1.0239763259887695,-0.04189632153438472
JG073N,247,FAM,-inf,False,K7,0.0,FAM,JG073N_247,UNKNOWN,,12.022591,492,6,10,DNA,100,6.557219129709725,3.7375822000380374,K7,TaqMan Fast Virus,40,0.5553542720348172,0.972129762172699,-0.0834323465190675
JG073N,248,FAM,-inf,False,K8,0.0,FAM,JG073N_248,UNKNOWN,,11.928539,494,7,10,DNA,100,6.557219129709725,,K8,TaqMan Fast Virus,40,0.5242489204770816,0.9224405884742737,-0.1372633624543388
JG073N,249,FAM,-inf,False,K9,0.0,FAM,JG073N_249,UNKNOWN,,16.436394,496,8,10,DNA,10,5.4485538153658215,4.904823622694598,K9,TaqMan Fast Virus,40,0.5386209279406458,0.9799581170082092,-0.030489991270298056
JG073N,250,FAM,-inf,False,K10,0.0,FAM,JG073N_250,UNKNOWN,,16.59553,498,9,10,DNA,10,5.4485538153658215,4.51955766292887,K10,TaqMan Fast Virus,40,0.4680484709761569,0.8650720715522766,-0.14801561705586758
JG073N,251,FAM,-inf,False,K11,0.0,FAM,JG073N_251,UNKNOWN,,16.991655,500,10,10,DNA,10,5.4485538153658215,4.134291703163142,K11,TaqMan Fast Virus,40,0.42965447306747206,0.7695233225822449,-0.2369754067782761
JG073N,252,FAM,-inf,False,K12,0.0,FAM,JG073N_252,UNKNOWN,,16.86698,502,11,10,DNA,10,5.4485538153658215,3.7490257433974143,K12,TaqMan Fast Virus,40,0.43845733518404306,0.7823745012283325,-0.22227342560045638
JG073N,253,FAM,-inf,False,K13,0.0,FAM,JG073N_253,UNKNOWN,,16.8868,504,12,10,DNA,10,5.4485538153658215,3.3637597836316866,K13,TaqMan Fast Virus,40,0.4263452063699007,0.7612360119819641,-0.24056782779997143
JG073N,254,FAM,-inf,False,K14,0.0,FAM,JG073N_254,UNKNOWN,,16.9503,506,13,10,DNA,10,5.4485538153658215,2.9784938238659593,K14,TaqMan Fast Virus,40,0.43570430631982127,0.7750519514083862,-0.23222644416931315
JG073N,255,FAM,-inf,False,K15,0.0,FAM,JG073N_255,UNKNOWN,,16.933832,508,14,10,DNA,10,5.4485538153658215,2.593227864100233,K15,TaqMan Fast Virus,40,0.4414520712585163,0.7826778292655945,-0.2283922279303195
JG073N,256,FAM,-inf,False,K16,0.0,FAM,JG073N_256,UNKNOWN,,16.878464,510,15,10,DNA,10,5.4485538153658215,,K16,TaqMan Fast Virus,40,0.4445281634242629,0.7789915204048157,-0.23949207760648455
JG073N,257,FAM,-inf,False,K17,0.0,FAM,JG073N_257,UNKNOWN,,20.080017,512,16,10,DNA,1,4.339888501021918,3.760469286756793,K17,TaqMan Fast Virus,40,0.518077769619288,0.9294219613075256,0.1372669051525378
JG073N,258,FAM,-inf,False,K18,0.0,FAM,JG073N_258,UNKNOWN,,20.339302,514,17,10,DNA,1,4.339888501021918,3.3752033269910653,K18,TaqMan Fast Virus,40,0.4766237676267023,0.8626227974891663,0.06222199691294544
JG073N,259,FAM,-inf,False,K19,0.0,FAM,JG073N_259,UNKNOWN,,20.580307,516,18,10,DNA,1,4.339888501021918,2.989937367225337,K19,TaqMan Fast Virus,40,0.4271463912033374,0.759261965751648,-0.006657442920468382
JG073N,260,FAM,-inf,False,K20,0.0,FAM,JG073N_260,UNKNOWN,,20.460825,518,19,10,DNA,1,4.339888501021918,2.6046714074596102,K20,TaqMan Fast Virus,40,0.40235122429799836,0.7250159978866577,-0.06895699185937632
JG073N,261,FAM,-inf,False,K21,0.0,FAM,JG073N_261,UNKNOWN,,20.440449,520,20,10,DNA,1,4.339888501021918,2.219405447693882,K21,TaqMan Fast Virus,40,0.3710306730880396,0.6641969084739685,-0.11967544478262482
JG073N,262,FAM,-inf,False,K22,0.0,FAM,JG073N_262,UNKNOWN,,20.541859,522,21,10,DNA,1,4.339888501021918,1.8341394879281543,K22,TaqMan Fast Virus,40,0.3299489533334369,0.5917007923126221,-0.19199192258775444
JG073N,263,FAM,-inf,False,K23,0.0,FAM,JG073N_263,UNKNOWN,,20.55916,524,22,10,DNA,1,4.339888501021918,1.448873528162427,K23,TaqMan Fast Virus,40,0.31492689168890453,0.5660132169723511,-0.21745613439297096
JG073N,264,FAM,-inf,False,K24,0.0,FAM,JG073N_264,UNKNOWN,,20.476639,526,23,10,DNA,1,4.339888501021918,,K24,TaqMan Fast Virus,40,0.30542708466889545,0.5474215745925903,-0.24528751363245094
JG073N,265,FAM,-inf,False,L1,0.0,FAM,JG073N_265,UNKNOWN,,11.623539,528,0,11,DNA,100,5.8181089201471226,6.049177958632402,L1,TaqMan Fast Virus,40,0.849892796729913,1.5499337911605835,0.4842199174650169
JG073N,266,FAM,-inf,False,L2,0.0,FAM,JG073N_266,UNKNOWN,,11.975662,530,1,11,DNA,100,5.8181089201471226,5.663911998866674,L2,TaqMan Fast Virus,40,0.8148214702005722,1.4307661056518555,0.4208174495087748
JG073N,267,FAM,-inf,False,L3,0.0,FAM,JG073N_267,UNKNOWN,,11.69271,532,2,11,DNA,100,5.8181089201471226,5.278646039100947,L3,TaqMan Fast Virus,40,0.7644240509506349,1.3887375593185425,0.3010621218950981
JG073N,268,FAM,-inf,False,L4,0.0,FAM,JG073N_268,UNKNOWN,,12.1234,534,3,11,DNA,100,5.8181089201471226,4.89338007933522,L4,TaqMan Fast Virus,40,0.6439487190050636,1.140087366104126,0.20897322286895398
JG073N,269,FAM,-inf,False,L5,0.0,FAM,JG073N_269,UNKNOWN,,11.972651,536,4,11,DNA,100,5.8181089201471226,4.508114119569492,L5,TaqMan Fast Virus,40,0.6638148105251311,1.1755919456481934,0.1444968261051781
JG073N,270,FAM,-inf,False,L6,0.0,FAM,JG073N_270,UNKNOWN,,11.770922,538,5,11,DNA,100,5.8181089201471226,4.122848159803764,L6,TaqMan Fast Virus,40,0.6465107953133611,1.1764103174209595,0.10880154176975576
JG073N,271,FAM,-inf,False,L7,0.0,FAM,JG073N_271,UNKNOWN,,11.948454,540,6,11,DNA,100,5.8181089201471226,3.7375822000380374,L7,TaqMan Fast Virus,40,0.6331118827482035,1.1186068058013916,0.08052046517145028
JG073N,272,FAM,-inf,False,L8,0.0,FAM,JG073N_272,UNKNOWN,,11.919516,542,7,11,DNA,100,5.8181089201471226,,L8,TaqMan Fast Virus,40,0.6043222069047596,1.074381709098816,0.03441283530883743
JG073N,273,FAM,-inf,False,L9,0.0,FAM,JG073N_273,UNKNOWN,,16.420746,544,8,11,DNA,10,4.709443605803219,4.904823622694598,L9,TaqMan Fast Virus,40,0.6251099878366012,1.1281490325927734,0.15093099033970686
JG073N,274,FAM,-inf,False,L10,0.0,FAM,JG073N_274,UNKNOWN,,16.631723,546,9,11,DNA,10,4.709443605803219,4.51955766292887,L10,TaqMan Fast Virus,40,0.5617855813013751,1.0165023803710938,0.03580651379366817
JG073N,275,FAM,-inf,False,L11,0.0,FAM,JG073N_275,UNKNOWN,,16.880974,548,10,11,DNA,10,4.709443605803219,4.134291703163142,L11,TaqMan Fast Virus,40,0.5169888717386935,0.9343802332878113,-0.04027338685699977
JG073N,276,FAM,-inf,False,L12,0.0,FAM,JG073N_276,UNKNOWN,,16.702944,550,11,11,DNA,10,4.709443605803219,3.7490257433974143,L12,TaqMan Fast Virus,40,0.5086886944275416,0.9289935827255249,-0.06309223273184561
JG073N,277,FAM,-inf,False,L13,0.0,FAM,JG073N_277,UNKNOWN,,16.921873,552,12,11,DNA,10,4.709443605803219,3.3637597836316866,L13,TaqMan Fast Virus,40,0.5073156025110556,0.9039497971534729,-0.06855556525962458
JG073N,278,FAM,-inf,False,L14,0.0,FAM,JG073N_278,UNKNOWN,,16.991669,554,13,11,DNA,10,4.709443605803219,2.9784938238659593,L14,TaqMan Fast Virus,40,0.511180836032941,0.9184914231300354,-0.05326458004510348
JG073N,279,FAM,-inf,False,L15,0.0,FAM,JG073N_279,UNKNOWN,,16.903288,556,14,11,DNA,10,4.709443605803219,2.593227864100233,L15,TaqMan Fast Virus,40,0.5055217854914578,0.9149239659309387,-0.0699945016015322
JG073N,280,FAM,-inf,False,L16,0.0,FAM,JG073N_280,UNKNOWN,,16.778399,558,15,11,DNA,10,4.709443605803219,,L16,TaqMan Fast Virus,40,0.5168981699418865,0.9361228346824646,-0.05778265189081022
JG073N,282,FAM,-inf,False,L18,0.0,FAM,JG073N_282,UNKNOWN,,20.306664,560,17,11,DNA,1,3.6007782914593163,3.3752033269910653,L18,TaqMan Fast Virus,40,0.562324876963797,1.0122265815734863,0.23877766980431797
JG073N,283,FAM,-inf,False,L19,0.0,FAM,JG073N_283,UNKNOWN,,20.527672,562,18,11,DNA,1,3.6007782914593163,2.989937367225337,L19,TaqMan Fast Virus,40,0.5209514590973525,0.9388489127159119,0.17097810004948388
JG073N,284,FAM,-inf,False,L20,0.0,FAM,JG073N_284,UNKNOWN,,20.572147,564,19,11,DNA,1,3.6007782914593163,2.6046714074596102,L20,TaqMan Fast Virus,40,0.47064895870906537,0.85028076171875,0.09634364749020274
JG073N,285,FAM,-inf,False,L21,0.0,FAM,JG073N_285,UNKNOWN,,20.522346,566,20,11,DNA,1,3.6007782914593163,2.219405447693882,L21,TaqMan Fast Virus,40,0.43720012837369526,0.793745756149292,0.03073594784868877
JG073N,286,FAM,-inf,False,L22,0.0,FAM,JG073N_286,UNKNOWN,,20.48728,568,21,11,DNA,1,3.6007782914593163,1.8341394879281543,L22,TaqMan Fast Virus,40,0.3793844978696647,0.7124602794647217,-0.048634055891067784
JG073N,287,FAM,-inf,False,L23,0.0,FAM,JG073N_287,UNKNOWN,,20.4458,570,22,11,DNA,1,3.6007782914593163,1.448873528162427,L23,TaqMan Fast Virus,40,0.3756224161354378,0.6829710602760315,-0.08553169967589935
JG073N,288,FAM,-inf,False,L24,0.0,FAM,JG073N_288,UNKNOWN,,20.540401,572,23,11,DNA,1,3.6007782914593163,,L24,TaqMan Fast Virus,40,0.3480121469781124,0.6239402294158936,-0.1962912660725798
JG073N,289,FAM,-inf,False,M1,0.0,FAM,JG073N_289,UNKNOWN,,11.832833,574,0,12,DNA,100,5.078998710584521,6.049177958632402,M1,TaqMan Fast Virus,40,0.9009278037451769,1.6150622367858887,0.6113322777021766
JG073N,290,FAM,-inf,False,M2,0.0,FAM,JG073N_290,UNKNOWN,,11.909297,576,1,12,DNA,100,5.078998710584521,5.663911998866674,M2,TaqMan Fast Virus,40,0.8626886916065839,1.540706753730774,0.5439144075695562
JG073N,291,FAM,-inf,False,M3,0.0,FAM,JG073N_291,UNKNOWN,,11.939421,578,2,12,DNA,100,5.078998710584521,5.278646039100947,M3,TaqMan Fast Virus,40,0.8231214873700212,1.4664620161056519,0.45170231682728545
JG073N,292,FAM,-inf,False,M4,0.0,FAM,JG073N_292,UNKNOWN,,11.944642,580,3,12,DNA,100,5.078998710584521,4.89338007933522,M4,TaqMan Fast Virus,40,0.7788674857198923,1.3708977699279785,0.3567018591003637
JG073N,293,FAM,-inf,False,M5,0.0,FAM,JG073N_293,UNKNOWN,,11.966803,582,4,12,DNA,100,5.078998710584521,4.508114119569492,M5,TaqMan Fast Virus,40,0.7079041084869208,1.2609106302261353,0.25421818002712915
JG073N,294,FAM,-inf,False,M6,0.0,FAM,JG073N_294,UNKNOWN,,11.721712,584,5,12,DNA,100,5.078998710584521,4.122848159803764,M6,TaqMan Fast Virus,40,0.6999759916790864,1.267876386642456,0.2343155741926083
JG073N,295,FAM,-inf,False,M7,0.0,FAM,JG073N_295,UNKNOWN,,11.741637,586,6,12,DNA,100,5.078998710584521,3.7375822000380374,M7,TaqMan Fast Virus,40,0.6586462267983749,1.2083349227905273,0.17725966324246523
JG073N,296,FAM,-inf,False,M8,0.0,FAM,JG073N_296,UNKNOWN,,11.910393,588,7,12,DNA,100,5.078998710584521,,M8,TaqMan Fast Virus,40,0.6483910806401326,1.1505317687988281,0.1462108760551465
JG073N,297,FAM,-inf,False,M9,0.0,FAM,JG073N_297,UNKNOWN,,16.488485,590,8,12,DNA,10,3.9703333962406178,4.904823622694598,M9,TaqMan Fast Virus,40,0.6474536727042888,1.1687064170837402,0.21779679323755435
JG073N,298,FAM,-inf,False,M10,0.0,FAM,JG073N_298,UNKNOWN,,16.804024,592,9,12,DNA,10,3.9703333962406178,4.51955766292887,M10,TaqMan Fast Virus,40,0.5804467748611797,1.0458707809448242,0.1143735122878527
JG073N,299,FAM,-inf,False,M11,0.0,FAM,JG073N_299,UNKNOWN,,16.980576,594,10,12,DNA,10,3.9703333962406178,4.134291703163142,M11,TaqMan Fast Virus,40,0.5517810158462042,0.9855002760887146,0.051116190749338486
JG073N,300,FAM,-inf,False,M12,0.0,FAM,JG073N_300,UNKNOWN,,16.865028,596,11,12,DNA,10,3.9703333962406178,3.7490257433974143,M12,TaqMan Fast Virus,40,0.5363928805343245,0.9656678438186646,0.02065558715746918
JG073N,301,FAM,-inf,False,M13,0.0,FAM,JG073N_301,UNKNOWN,,16.847958,598,12,12,DNA,10,3.9703333962406178,3.3637597836316866,M13,TaqMan Fast Virus,40,0.5292925218171154,0.9517507553100586,0.004405206975600318
JG073N,302,FAM,-inf,False,M14,0.0,FAM,JG073N_302,UNKNOWN,,16.903982,600,13,12,DNA,10,3.9703333962406178,2.9784938238659593,M14,TaqMan Fast Virus,40,0.5398955901966103,0.9790412783622742,0.02826896179897498
JG073N,303,FAM,-inf,False,M15,0.0,FAM,JG073N_303,UNKNOWN,,16.69016,602,14,12,DNA,10,3.9703333962406178,2.593227864100233,M15,TaqMan Fast Virus,40,0.5676527955256474,1.0264116525650024,0.028694537577260926
JG073N,304,FAM,-inf,False,M16,0.0,FAM,JG073N_304,UNKNOWN,,16.783644,604,15,12,DNA,10,3.9703333962406178,,M16,TaqMan Fast Virus,40,0.541256675591576,0.9778372645378113,0.017387977754809048
JG073N,305,FAM,-inf,False,M17,0.0,FAM,JG073N_305,UNKNOWN,,20.077576,606,16,12,DNA,1,2.8616680818967146,3.760469286756793,M17,TaqMan Fast Virus,40,0.641871247914547,1.1583207845687866,0.4049796906960458
JG073N,306,FAM,-inf,False,M18,0.0,FAM,JG073N_306,UNKNOWN,,20.358997,608,17,12,DNA,1,2.8616680818967146,3.3752033269910653,M18,TaqMan Fast Virus,40,0.6085780917391906,1.096297264099121,0.34198786642630563
JG073N,307,FAM,-inf,False,M19,0.0,FAM,JG073N_307,UNKNOWN,,20.497599,610,18,12,DNA,1,2.8616680818967146,2.989937367225337,M19,TaqMan Fast Virus,40,0.5703477381198873,1.0270715951919556,0.28107479788176265
JG073N,308,FAM,-inf,False,M20,0.0,FAM,JG073N_308,UNKNOWN,,20.713923,612,19,12,DNA,1,2.8616680818967146,2.6046714074596102,M20,TaqMan Fast Virus,40,0.5267454680324096,0.9485237002372742,0.19932479936361097
JG073N,309,FAM,-inf,False,M21,0.0,FAM,JG073N_309,UNKNOWN,,20.62246,614,20,12,DNA,1,2.8616680818967146,2.219405447693882,M21,TaqMan Fast Virus,40,0.49665086725734964,0.8929275274276733,0.13935030462720688
JG073N,310,FAM,-inf,False,M22,0.0,FAM,JG073N_310,UNKNOWN,,20.49678,616,21,12,DNA,1,2.8616680818967146,1.8341394879281543,M22,TaqMan Fast Virus,40,0.48242794761299257,0.8715928196907043,0.11246328081583956
JG073N,311,FAM,-inf,False,M23,0.0,FAM,JG073N_311,UNKNOWN,,20.445032,618,22,12,DNA,1,2.8616680818967146,1.448873528162427,M23,TaqMan Fast Virus,40,0.4394195527652447,0.8035414218902588,0.03972815622267639
JG073N,312,FAM,-inf,False,M24,0.0,FAM,JG073N_312,UNKNOWN,,20.52348,620,23,12,DNA,1,2.8616680818967146,,M24,TaqMan Fast Virus,40,0.39370019704676895,0.7238079905509949,-0.034793876265246715
JG073N,313,FAM,-inf,False,N1,0.0,FAM,JG073N_313,UNKNOWN,,11.6415415,622,0,13,DNA,100,4.339888501021918,6.049177958632402,N1,TaqMan Fast Virus,40,0.9526357487801345,1.7355339527130127,0.7102234425257283
JG073N,314,FAM,-inf,False,N2,0.0,FAM,JG073N_314,UNKNOWN,,11.918122,624,1,13,DNA,100,4.339888501021918,5.663911998866674,N2,TaqMan Fast Virus,40,0.9052085557117309,1.6127419471740723,0.6347809916756552
JG073N,315,FAM,-inf,False,N3,0.0,FAM,JG073N_315,UNKNOWN,,11.934521,626,2,13,DNA,100,4.339888501021918,5.278646039100947,N3,TaqMan Fast Virus,40,0.8382035980469454,1.494592547416687,0.5204045391668517
JG073N,316,FAM,-inf,False,N4,0.0,FAM,JG073N_316,UNKNOWN,,11.927437,628,3,13,DNA,100,4.339888501021918,4.89338007933522,N4,TaqMan Fast Virus,40,0.8091521418467206,1.4365880489349365,0.4537280329196405
JG073N,317,FAM,-inf,False,N5,0.0,FAM,JG073N_317,UNKNOWN,,11.963324,630,4,13,DNA,100,4.339888501021918,4.508114119569492,N5,TaqMan Fast Virus,40,0.7712928488716408,1.3646466732025146,0.36786257972207537
JG073N,318,FAM,-inf,False,N6,0.0,FAM,JG073N_318,UNKNOWN,,11.941532,632,5,13,DNA,100,4.339888501021918,4.122848159803764,N6,TaqMan Fast Virus,40,0.7253746792821072,1.2859611511230469,0.2968534476536208
JG073N,319,FAM,-inf,False,N7,0.0,FAM,JG073N_319,UNKNOWN,,11.719193,634,6,13,DNA,100,4.339888501021918,3.7375822000380374,N7,TaqMan Fast Virus,40,0.70152210233387,1.2801764011383057,0.28139791380579615
JG073N,320,FAM,-inf,False,N8,0.0,FAM,JG073N_320,UNKNOWN,,12.113169,636,7,13,DNA,100,4.339888501021918,,N8,TaqMan Fast Virus,40,0.6199066143514382,1.1476107835769653,0.15855888030048676
JG073N,321,FAM,-inf,False,N9,0.0,FAM,JG073N_321,UNKNOWN,,16.49105,638,8,13,DNA,10,3.2312231866780157,4.904823622694598,N9,TaqMan Fast Virus,40,0.6527228233673705,1.1798855066299438,0.24946369240732474
JG073N,322,FAM,-inf,False,N10,0.0,FAM,JG073N_322,UNKNOWN,,16.757488,640,9,13,DNA,10,3.2312231866780157,4.51955766292887,N10,TaqMan Fast Virus,40,0.5959589132316756,1.0707403421401978,0.1462885267675077
JG073N,323,FAM,-inf,False,N11,0.0,FAM,JG073N_323,UNKNOWN,,16.920195,642,10,13,DNA,10,3.2312231866780157,4.134291703163142,N11,TaqMan Fast Virus,40,0.5747917155436766,1.0300825834274292,0.09958512067792613
JG073N,324,FAM,-inf,False,N12,0.0,FAM,JG073N_324,UNKNOWN,,16.897654,644,11,13,DNA,10,3.2312231866780157,3.7490257433974143,N12,TaqMan Fast Virus,40,0.5582911743704554,1.0026150941848755,0.0737161735986474
JG073N,325,FAM,-inf,False,N13,0.0,FAM,JG073N_325,UNKNOWN,,16.755201,646,12,13,DNA,10,3.2312231866780157,3.3637597836316866,N13,TaqMan Fast Virus,40,0.5341788393677112,0.9886530041694641,0.016534985550894055
JG073N,326,FAM,-inf,False,N14,0.0,FAM,JG073N_326,UNKNOWN,,16.90024,648,13,13,DNA,10,3.2312231866780157,2.9784938238659593,N14,TaqMan Fast Virus,40,0.5502767227068663,0.9922933578491211,0.0528683630708236
JG073N,327,FAM,-inf,False,N15,0.0,FAM,JG073N_327,UNKNOWN,,16.966194,650,14,13,DNA,10,3.2312231866780157,2.593227864100233,N15,TaqMan Fast Virus,40,0.5474322693550757,0.9762786626815796,0.044944848898121004
JG073N,328,FAM,-inf,False,N16,0.0,FAM,JG073N_328,UNKNOWN,,16.901129,652,15,13,DNA,10,3.2312231866780157,,N16,TaqMan Fast Virus,40,0.5429894498789843,0.9803207516670227,0.042152943532232534
JG073N,329,FAM,-inf,False,N17,0.0,FAM,JG073N_329,UNKNOWN,,20.18508,654,16,13,DNA,1,2.122557872334112,3.760469286756793,N17,TaqMan Fast Virus,40,0.6762498691893792,1.2193201780319214,0.4967061303895688
JG073N,330,FAM,-inf,False,N18,0.0,FAM,JG073N_330,UNKNOWN,,20.328444,656,17,13,DNA,1,2.122557872334112,3.3752033269910653,N18,TaqMan Fast Virus,40,0.6363511593092104,1.1462923288345337,0.4109635862650083
JG073N,331,FAM,-inf,False,N19,0.0,FAM,JG073N_331,UNKNOWN,,20.544308,658,18,13,DNA,1,2.122557872334112,2.989937367225337,N19,TaqMan Fast Virus,40,0.6016803615505265,1.0859135389328003,0.3554143532369134
JG073N,332,FAM,-inf,False,N20,0.0,FAM,JG073N_332,UNKNOWN,,20.600536,660,19,13,DNA,1,2.122557872334112,2.6046714074596102,N20,TaqMan Fast Virus,40,0.567003330584022,1.020862102508545,0.2974257831769845
JG073N,333,FAM,-inf,False,N21,0.0,FAM,JG073N_333,UNKNOWN,,20.587063,662,20,13,DNA,1,2.122557872334112,2.219405447693882,N21,TaqMan Fast Virus,40,0.5124587421849386,0.9345642328262329,0.1971787866982988
JG073N,334,FAM,-inf,False,N22,0.0,FAM,JG073N_334,UNKNOWN,,20.67815,664,21,13,DNA,1,2.122557872334112,1.8341394879281543,N22,TaqMan Fast Virus,40,0.4992945891438449,0.8999600410461426,0.15423713703929232
JG073N,335,FAM,-inf,False,N23,0.0,FAM,JG073N_335,UNKNOWN,,20.548668,666,22,13,DNA,1,2.122557872334112,1.448873528162427,N23,TaqMan Fast Virus,40,0.48534912526526475,0.8738304376602173,0.13219624843688182
JG073N,336,FAM,-inf,False,N24,0.0,FAM,JG073N_336,UNKNOWN,,20.537045,668,23,13,DNA,1,2.122557872334112,,N24,TaqMan Fast Virus,40,0.43767532629297984,0.7910084128379822,0.05592115007531623
JG073N,337,FAM,-inf,False,O1,0.0,FAM,JG073N_337,UNKNOWN,,11.818688,670,0,14,DNA,100,3.6007782914593163,6.049177958632402,O1,TaqMan Fast Virus,40,0.972214656952523,1.7462961673736572,0.7807486556388255
JG073N,338,FAM,-inf,False,O2,0.0,FAM,JG073N_338,UNKNOWN,,11.828744,672,1,14,DNA,100,3.6007782914593163,5.663911998866674,O2,TaqMan Fast Virus,40,0.9543332015565584,1.7001057863235474,0.7009544057877817
JG073N,339,FAM,-inf,False,O3,0.0,FAM,JG073N_339,UNKNOWN,,11.81524,674,2,14,DNA,100,3.6007782914593163,5.278646039100947,O3,TaqMan Fast Virus,40,0.8629921478149966,1.5508040189743042,0.5778495048506067
JG073N,340,FAM,-inf,False,O4,0.0,FAM,JG073N_340,UNKNOWN,,11.666871,676,3,14,DNA,100,3.6007782914593163,4.89338007933522,O4,TaqMan Fast Virus,40,0.8207297299751583,1.4903652667999268,0.4957214917493997
JG073N,341,FAM,-inf,False,O5,0.0,FAM,JG073N_341,UNKNOWN,,11.870121,678,4,14,DNA,100,3.6007782914593163,4.508114119569492,O5,TaqMan Fast Virus,40,0.7886322266563703,1.4011751413345337,0.41103618949025134
JG073N,342,FAM,-inf,False,O6,0.0,FAM,JG073N_342,UNKNOWN,,11.817167,680,5,14,DNA,100,3.6007782914593163,4.122848159803764,O6,TaqMan Fast Virus,40,0.7781664223003514,1.3903093338012695,0.3855290752739001
JG073N,343,FAM,-inf,False,O7,0.0,FAM,JG073N_343,UNKNOWN,,11.97723,682,6,14,DNA,100,3.6007782914593163,3.7375822000380374,O7,TaqMan Fast Virus,40,0.7140222503879541,1.2695053815841675,0.3175069967044034
JG073N,344,FAM,-inf,False,O8,0.0,FAM,JG073N_344,UNKNOWN,,11.8707,684,7,14,DNA,100,3.6007782914593163,,O8,TaqMan Fast Virus,40,0.6925629501276587,1.2385014295578003,0.2708392448417194
JG073N,345,FAM,-inf,False,O9,0.0,FAM,JG073N_345,UNKNOWN,,16.307508,686,8,14,DNA,10,2.492112977115413,4.904823622694598,O9,TaqMan Fast Virus,40,0.6604691690769139,1.1946779489517212,0.26614873492489327
JG073N,346,FAM,-inf,False,O10,0.0,FAM,JG073N_346,UNKNOWN,,16.838877,688,9,14,DNA,10,2.492112977115413,4.51955766292887,O10,TaqMan Fast Virus,40,0.6115763139753502,1.089388132095337,0.17046490856378488
JG073N,347,FAM,-inf,False,O11,0.0,FAM,JG073N_347,UNKNOWN,,16.900501,690,10,14,DNA,10,2.492112977115413,4.134291703163142,O11,TaqMan Fast Virus,40,0.572281486138244,1.0199384689331055,0.09553299719311731
JG073N,348,FAM,-inf,False,O12,0.0,FAM,JG073N_348,UNKNOWN,,16.803087,692,11,14,DNA,10,2.492112977115413,3.7490257433974143,O12,TaqMan Fast Virus,40,0.5656574627570298,1.017544150352478,0.08940090438255177
JG073N,349,FAM,-inf,False,O13,0.0,FAM,JG073N_349,UNKNOWN,,16.902706,694,12,14,DNA,10,2.492112977115413,3.3637597836316866,O13,TaqMan Fast Virus,40,0.5776775183043968,1.0261186361312866,0.06654553577924227
JG073N,350,FAM,-inf,False,O14,0.0,FAM,JG073N_350,UNKNOWN,,16.782135,696,13,14,DNA,10,2.492112977115413,2.9784938238659593,O14,TaqMan Fast Virus,40,0.5431359795371424,0.9948171377182007,0.02595068589372651
JG073N,351,FAM,-inf,False,O15,0.0,FAM,JG073N_351,UNKNOWN,,16.919888,698,14,14,DNA,10,2.492112977115413,2.593227864100233,O15,TaqMan Fast Virus,40,0.5489893558758047,0.9865060448646545,0.03383752395914452
JG073N,352,FAM,-inf,False,O16,0.0,FAM,JG073N_352,UNKNOWN,,16.980175,700,15,14,DNA,10,2.492112977115413,,O16,TaqMan Fast Virus,40,0.5432622410043894,0.9724814295768738,0.04591919696051411
JG073N,353,FAM,-inf,False,O17,0.0,FAM,JG073N_353,UNKNOWN,,20.236519,702,16,14,DNA,1,1.3834476627715098,3.760469286756793,O17,TaqMan Fast Virus,40,0.6838402040307129,1.2269731760025024,0.5140796209087037
JG073N,354,FAM,-inf,False,O18,0.0,FAM,JG073N_354,UNKNOWN,,20.435488,704,17,14,DNA,1,1.3834476627715098,3.3752033269910653,O18,TaqMan Fast Virus,40,0.6342925007625876,1.1550352573394775,0.43253448826053265
JG073N,355,FAM,-inf,False,O19,0.0,FAM,JG073N_355,UNKNOWN,,20.636715,706,18,14,DNA,1,1.3834476627715098,2.989937367225337,O19,TaqMan Fast Virus,40,0.6014403132440693,1.0855400562286377,0.36402396897821376
JG073N,356,FAM,-inf,False,O20,0.0,FAM,JG073N_356,UNKNOWN,,20.6295,708,19,14,DNA,1,1.3834476627715098,2.6046714074596102,O20,TaqMan Fast Virus,40,0.5751339835309575,1.0352342128753662,0.31538473998623257
JG073N,357,FAM,-inf,False,O21,0.0,FAM,JG073N_357,UNKNOWN,,20.77811,710,20,14,DNA,1,1.3834476627715098,2.219405447693882,O21,TaqMan Fast Virus,40,0.523926477211381,0.9424676895141602,0.2180479112631023
JG073N,358,FAM,-inf,False,O22,0.0,FAM,JG073N_358,UNKNOWN,,20.543766,712,21,14,DNA,1,1.3834476627715098,1.8341394879281543,O22,TaqMan Fast Virus,40,0.5285350105003991,0.955498456954956,0.194283561651104
JG073N,359,FAM,-inf,False,O23,0.0,FAM,JG073N_359,UNKNOWN,,20.456297,714,22,14,DNA,1,1.3834476627715098,1.448873528162427,O23,TaqMan Fast Virus,40,0.4811284921364603,0.8629564642906189,0.13565764128839258
JG073N,360,FAM,-inf,False,O24,0.0,FAM,JG073N_360,UNKNOWN,,20.591751,716,23,14,DNA,1,1.3834476627715098,,O24,TaqMan Fast Virus,40,0.45450728687965947,0.815028727054596,0.07542588954284551
JG073N,361,FAM,-inf,False,P1,0.0,FAM,JG073N_361,UNKNOWN,,11.843664,718,0,15,DNA,100,,6.049177958632402,P1,TaqMan Fast Virus,40,0.9939588944704592,1.7703943252563477,0.8099333791314701
JG073N,362,FAM,-inf,False,P2,0.0,FAM,JG073N_362,UNKNOWN,,11.881051,720,1,15,DNA,100,,5.663911998866674,P2,TaqMan Fast Virus,40,0.9220176981588453,1.6410638093948364,0.6892536858251973
JG073N,363,FAM,-inf,False,P3,0.0,FAM,JG073N_363,UNKNOWN,,11.668742,722,2,15,DNA,100,,5.278646039100947,P3,TaqMan Fast Virus,40,0.8939645181132595,1.614159345626831,0.6037714084430557
JG073N,364,FAM,-inf,False,P4,0.0,FAM,JG073N_364,UNKNOWN,,11.872694,724,3,15,DNA,100,,4.89338007933522,P4,TaqMan Fast Virus,40,0.8219100112813466,1.4643694162368774,0.5008818836736468
JG073N,365,FAM,-inf,False,P5,0.0,FAM,JG073N_365,UNKNOWN,,11.758359,726,4,15,DNA,100,,4.508114119569492,P5,TaqMan Fast Virus,40,0.7787989943454191,1.4136334657669067,0.430241181746799
JG073N,366,FAM,-inf,False,P6,0.0,FAM,JG073N_366,UNKNOWN,,12.021552,728,5,15,DNA,100,,4.122848159803764,P6,TaqMan Fast Virus,40,0.7506320849473881,1.3251354694366455,0.3694221638289461
JG073N,367,FAM,-inf,False,P7,0.0,FAM,JG073N_367,UNKNOWN,,11.704874,730,6,15,DNA,100,,3.7375822000380374,P7,TaqMan Fast Virus,40,0.7456377456588864,1.3486014604568481,0.3556976205279234
JG073N,368,FAM,-inf,False,P8,0.0,FAM,JG073N_368,UNKNOWN,,11.976288,732,7,15,DNA,100,,,P8,TaqMan Fast Virus,40,0.7039131945247363,1.241992712020874,0.30215168630336664
JG073N,369,FAM,-inf,False,P9,0.0,FAM,JG073N_369,UNKNOWN,,16.374388,734,8,15,DNA,10,,4.904823622694598,P9,TaqMan Fast Virus,40,0.664907061115993,1.200295329093933,0.28136898987430353
JG073N,370,FAM,-inf,False,P10,0.0,FAM,JG073N_370,UNKNOWN,,16.75437,736,9,15,DNA,10,,4.51955766292887,P10,TaqMan Fast Virus,40,0.6108533932664615,1.0917463302612305,0.182181545832156
JG073N,371,FAM,-inf,False,P11,0.0,FAM,JG073N_371,UNKNOWN,,16.78247,738,10,15,DNA,10,,4.134291703163142,P11,TaqMan Fast Virus,40,0.5708282494587503,1.0328458547592163,0.1030215381958251
JG073N,372,FAM,-inf,False,P12,0.0,FAM,JG073N_372,UNKNOWN,,17.008398,740,11,15,DNA,10,,3.7490257433974143,P12,TaqMan Fast Virus,40,0.5618985715382685,0.9960464239120483,0.10303546052111595
JG073N,373,FAM,-inf,False,P13,0.0,FAM,JG073N_373,UNKNOWN,,16.996504,742,12,15,DNA,10,,3.3637597836316866,P13,TaqMan Fast Virus,40,0.5384423699419066,0.9678746461868286,0.052770710417084254
JG073N,374,FAM,-inf,False,P14,0.0,FAM,JG073N_374,UNKNOWN,,17.071045,744,13,15,DNA,10,,2.9784938238659593,P14,TaqMan Fast Virus,40,0.5451817610483727,0.9651216268539429,0.037049214837154176
JG073N,375,FAM,-inf,False,P15,0.0,FAM,JG073N_375,UNKNOWN,,16.643099,746,14,15,DNA,10,,2.593227864100233,P15,TaqMan Fast Virus,40,0.555001683120094,1.0189722776412964,0.04655797656429417
JG073N,376,FAM,-inf,False,P16,0.0,FAM,JG073N_376,UNKNOWN,,16.758146,748,15,15,DNA,10,,,P16,TaqMan Fast Virus,40,0.5534553466244473,1.0087003707885742,0.045620106095779045
JG073N,377,FAM,-inf,False,P17,0.0,FAM,JG073N_377,UNKNOWN,,20.113949,750,16,15,DNA,1,,3.760469286756793,P17,TaqMan Fast Virus,40,0.7003566238697068,1.2581055164337158,0.535226120450257
JG073N,378,FAM,-inf,False,P18,0.0,FAM,JG073N_378,UNKNOWN,,20.476164,752,17,15,DNA,1,,3.3752033269910653,P18,TaqMan Fast Virus,40,0.6558601882123671,1.1856968402862549,0.4527968625682211
JG073N,379,FAM,-inf,False,P19,0.0,FAM,JG073N_379,UNKNOWN,,20.52703,754,18,15,DNA,1,,2.989937367225337,P19,TaqMan Fast Virus,40,0.6234733806948861,1.1255990266799927,0.39286780549729333
JG073N,380,FAM,-inf,False,P20,0.0,FAM,JG073N_380,UNKNOWN,,20.675686,756,19,15,DNA,1,,2.6046714074596102,P20,TaqMan Fast Virus,40,0.6009888778897773,1.0750478506088257,0.34517388417743616
JG073N,381,FAM,-inf,False,P21,0.0,FAM,JG073N_381,UNKNOWN,,20.605553,758,20,15,DNA,1,,2.219405447693882,P21,TaqMan Fast Virus,40,0.5274664424036785,0.9568565487861633,0.22998574341812422
JG073N,382,FAM,-inf,False,P22,0.0,FAM,JG073N_382,UNKNOWN,,20.49542,760,21,15,DNA,1,,1.8341394879281543,P22,TaqMan Fast Virus,40,0.5123688698400287,0.9300301671028137,0.1807042426873421
JG073N,383,FAM,-inf,False,P23,0.0,FAM,JG073N_383,UNKNOWN,,20.473091,762,22,15,DNA,1,,1.448873528162427,P23,TaqMan Fast Virus,40,0.4807937672340061,0.8777663111686707,0.11547297387271932
JG073N,384,FAM,-inf,False,P24,0.0,FAM,JG073N_384,UNKNOWN,,20.522392,764,23,15,DNA,1,,,P24,TaqMan Fast Virus,40,0.4550847824975204,0.8199511170387268,0.09547511394400415
