,lg10_Copies,Target,Cycle,Fluorescence,Reaction
0,2.0,GC55 - FAM,1,-0.0012860776668812445,414
1,2.0,GC55 - FAM,2,-0.0012698517892875195,414
2,2.0,GC55 - FAM,3,-0.000677892082827427,414
3,2.0,GC55 - FAM,4,-0.0004167344697334047,414
4,2.0,GC55 - FAM,5,-8.506871130855189e-05,414
5,2.0,GC55 - FAM,6,-8.245934027988941e-05,414
6,2.0,GC55 - FAM,7,0.0004794374717936409,414
7,2.0,GC55 - FAM,8,0.00035269921838036543,414
8,2.0,GC55 - FAM,9,0.00025418627412219954,414
9,2.0,GC55 - FAM,10,0.00017583163985306706,414
10,2.0,GC55 - FAM,11,0.00013064541901165128,414
11,2.0,GC55 - FAM,12,0.0004732631854159607,414
12,2.0,GC55 - FAM,13,0.0006692232744980501,414
13,2.0,GC55 - FAM,14,0.0008242603404756933,414
14,2.0,GC55 - FAM,15,0.0012198005615458333,414
15,2.0,GC55 - FAM,16,0.001078637264065656,414
16,2.0,GC55 - FAM,17,0.001206441316913174,414
17,2.0,GC55 - FAM,18,0.0009205130548991726,414
18,2.0,GC55 - FAM,19,0.0008898437573862313,414
19,2.0,GC55 - FAM,20,0.0008189313433044812,414
20,2.0,GC55 - FAM,21,0.0006181751567683009,414
21,2.0,GC55 - FAM,22,-0.0004569959621545279,414
22,2.0,GC55 - FAM,23,-0.002051799432827481,414
23,2.0,GC55 - FAM,24,-0.0035369725685919806,414
24,2.0,GC55 - FAM,25,-0.005116432202582305,414
25,2.0,GC55 - FAM,26,-0.00614325645406562,414
26,2.0,GC55 - FAM,27,-0.00610576971534399,414
27,2.0,GC55 - FAM,28,-0.004603745923007071,414
28,2.0,GC55 - FAM,29,-0.0016517387520879677,414
29,2.0,GC55 - FAM,30,0.002579246115774356,414
30,2.0,GC55 - FAM,31,0.0070916939135382525,414
31,2.0,GC55 - FAM,32,0.012523301844074663,414
32,2.0,GC55 - FAM,33,0.01570491528966375,414
33,2.0,GC55 - FAM,34,0.019898523673918332,414
34,2.0,GC55 - FAM,35,0.022793381944139265,414
35,2.0,GC55 - FAM,36,0.026541412661471257,414
36,2.0,GC55 - FAM,37,0.029753952666505688,414
37,2.0,GC55 - FAM,38,0.0325857817632878,414
38,2.0,GC55 - FAM,39,0.035596720292579584,414
39,2.0,GC55 - FAM,40,0.03912308310344147,414
40,2.0,GC55 - HEX,1,0.0015766444057767983,415
41,2.0,GC55 - HEX,2,0.0013405359665562304,415
42,2.0,GC55 - HEX,3,0.0006238201983645855,415
43,2.0,GC55 - HEX,4,-1.8760568345384664e-05,415
44,2.0,GC55 - HEX,5,0.0006947325700579439,415
45,2.0,GC55 - HEX,6,0.0008583753880925865,415
46,2.0,GC55 - HEX,7,9.311694417062625e-05,415
47,2.0,GC55 - HEX,8,-0.0005619478838814704,415
48,2.0,GC55 - HEX,9,-0.0006253117533679616,415
49,2.0,GC55 - HEX,10,-0.0010640248950909254,415
50,2.0,GC55 - HEX,11,-0.0009368326329052127,415
51,2.0,GC55 - HEX,12,-0.0007768189024700254,415
52,2.0,GC55 - HEX,13,-0.0016949925814826383,415
53,2.0,GC55 - HEX,14,-0.002028084757711052,415
54,2.0,GC55 - HEX,15,-0.0024767851485077174,415
55,2.0,GC55 - HEX,16,-0.002940568027367719,415
56,2.0,GC55 - HEX,17,-0.004983816927613095,415
57,2.0,GC55 - HEX,18,-0.008215911376388866,415
58,2.0,GC55 - HEX,19,-0.013797041646540125,415
59,2.0,GC55 - HEX,20,-0.024018918491721362,415
60,2.0,GC55 - HEX,21,-0.042626963543476115,415
61,2.0,GC55 - HEX,22,-0.07343229943524847,415
62,2.0,GC55 - HEX,23,-0.12382070008594605,415
63,2.0,GC55 - HEX,24,-0.19291280853752002,415
64,2.0,GC55 - HEX,25,-0.27803210010362006,415
65,2.0,GC55 - HEX,26,-0.37046394511722114,415
66,2.0,GC55 - HEX,27,-0.46139941569911397,415
67,2.0,GC55 - HEX,28,-0.5434535508460132,415
68,2.0,GC55 - HEX,29,-0.6105703033681524,415
69,2.0,GC55 - HEX,30,-0.6641325008044281,415
70,2.0,GC55 - HEX,31,-0.7048842512762327,415
71,2.0,GC55 - HEX,32,-0.7350300077549792,415
72,2.0,GC55 - HEX,33,-0.756549452042521,415
73,2.0,GC55 - HEX,34,-0.7701671242199143,415
74,2.0,GC55 - HEX,35,-0.7811526336777729,415
75,2.0,GC55 - HEX,36,-0.789905180052037,415
76,2.0,GC55 - HEX,37,-0.798775947583941,415
77,2.0,GC55 - HEX,38,-0.8060294775507245,415
78,2.0,GC55 - HEX,39,-0.8147402168358429,415
79,2.0,GC55 - HEX,40,-0.8234652402097528,415
80,3.0,GC55 - FAM,1,-0.001528115205642004,382
81,3.0,GC55 - FAM,2,-0.001244575804428891,382
82,3.0,GC55 - FAM,3,-0.0009541454585978311,382
83,3.0,GC55 - FAM,4,-0.0008252204787591272,382
84,3.0,GC55 - FAM,5,-0.0008087924667899423,382
85,3.0,GC55 - FAM,6,-0.0003235780864249227,382
86,3.0,GC55 - FAM,7,0.00025072242596091166,382
87,3.0,GC55 - FAM,8,0.0004194678777651902,382
88,3.0,GC55 - FAM,9,0.0011506797930647494,382
89,3.0,GC55 - FAM,10,0.001090866393780972,382
90,3.0,GC55 - FAM,11,0.0012694980541304648,382
91,3.0,GC55 - FAM,12,0.001540321365541927,382
92,3.0,GC55 - FAM,13,0.0014629957790024079,382
93,3.0,GC55 - FAM,14,0.0013500210389727112,382
94,3.0,GC55 - FAM,15,0.0020581161320605986,382
95,3.0,GC55 - FAM,16,0.002726206994659766,382
96,3.0,GC55 - FAM,17,0.0034364888141730815,382
97,3.0,GC55 - FAM,18,0.003699428884941613,382
98,3.0,GC55 - FAM,19,0.0036855367405918323,382
99,3.0,GC55 - FAM,20,0.0039042277589869884,382
100,3.0,GC55 - FAM,21,0.003623757125110401,382
101,3.0,GC55 - FAM,22,0.0026710426860115633,382
102,3.0,GC55 - FAM,23,0.001799476010733666,382
103,3.0,GC55 - FAM,24,0.001457152257966389,382
104,3.0,GC55 - FAM,25,0.0009142560771860771,382
105,3.0,GC55 - FAM,26,0.0013053493419961021,382
106,3.0,GC55 - FAM,27,0.0027805995175107586,382
107,3.0,GC55 - FAM,28,0.006848719206309452,382
108,3.0,GC55 - FAM,29,0.012799500092288123,382
109,3.0,GC55 - FAM,30,0.019828667871344668,382
110,3.0,GC55 - FAM,31,0.026664080663596865,382
111,3.0,GC55 - FAM,32,0.03286616970582897,382
112,3.0,GC55 - FAM,33,0.03911182789389882,382
113,3.0,GC55 - FAM,34,0.04535013574104286,382
114,3.0,GC55 - FAM,35,0.05071327524585535,382
115,3.0,GC55 - FAM,36,0.0556241850252074,382
116,3.0,GC55 - FAM,37,0.05982470272993224,382
117,3.0,GC55 - FAM,38,0.06450558359001107,382
118,3.0,GC55 - FAM,39,0.06901492586873381,382
119,3.0,GC55 - FAM,40,0.07347601315927861,382
120,3.0,GC55 - HEX,1,0.0017488682014403533,383
121,3.0,GC55 - HEX,2,0.0015138630048500197,383
122,3.0,GC55 - HEX,3,0.0005091428447655947,383
123,3.0,GC55 - HEX,4,0.00043285942342504227,383
124,3.0,GC55 - HEX,5,0.0006460029963162565,383
125,3.0,GC55 - HEX,6,0.0005109428722149245,383
126,3.0,GC55 - HEX,7,-0.00015679472973447034,383
127,3.0,GC55 - HEX,8,-0.0005049258449750275,383
128,3.0,GC55 - HEX,9,-0.0006561716997699306,383
129,3.0,GC55 - HEX,10,-0.0007810558622423896,383
130,3.0,GC55 - HEX,11,-0.002338369932920689,383
131,3.0,GC55 - HEX,12,-0.0022567880436849316,383
132,3.0,GC55 - HEX,13,-0.0018848355974415492,383
133,3.0,GC55 - HEX,14,-0.0022446088257011593,383
134,3.0,GC55 - HEX,15,-0.002650050492312316,383
135,3.0,GC55 - HEX,16,-0.0027234596762740998,383
136,3.0,GC55 - HEX,17,-0.0045084917356430255,383
137,3.0,GC55 - HEX,18,-0.008007019279620414,383
138,3.0,GC55 - HEX,19,-0.014114643062350263,383
139,3.0,GC55 - HEX,20,-0.02354241747536907,383
140,3.0,GC55 - HEX,21,-0.04088351901345315,383
141,3.0,GC55 - HEX,22,-0.07138856968089616,383
142,3.0,GC55 - HEX,23,-0.11954592340625175,383
143,3.0,GC55 - HEX,24,-0.18705444319292738,383
144,3.0,GC55 - HEX,25,-0.27167242711438905,383
145,3.0,GC55 - HEX,26,-0.36440847676692684,383
146,3.0,GC55 - HEX,27,-0.45481578445594534,383
147,3.0,GC55 - HEX,28,-0.5369852374904048,383
148,3.0,GC55 - HEX,29,-0.6077604587052047,383
149,3.0,GC55 - HEX,30,-0.6636045683586164,383
150,3.0,GC55 - HEX,31,-0.7018808746297811,383
151,3.0,GC55 - HEX,32,-0.7296886857788561,383
152,3.0,GC55 - HEX,33,-0.7517852420928137,383
153,3.0,GC55 - HEX,34,-0.7682660030918701,383
154,3.0,GC55 - HEX,35,-0.7789473659761936,383
155,3.0,GC55 - HEX,36,-0.786937397496761,383
156,3.0,GC55 - HEX,37,-0.7950983735596131,383
157,3.0,GC55 - HEX,38,-0.8042497131120062,383
158,3.0,GC55 - HEX,39,-0.8136365659332535,383
159,3.0,GC55 - HEX,40,-0.8198212279875446,383
160,4.0,GC55 - FAM,1,-0.001958498339682022,350
161,4.0,GC55 - FAM,2,-0.001540263941003444,350
162,4.0,GC55 - FAM,3,-0.0003597624366137608,350
163,4.0,GC55 - FAM,4,-8.90861320208148e-05,350
164,4.0,GC55 - FAM,5,-0.00012482716477256497,350
165,4.0,GC55 - FAM,6,1.1870800595182832e-05,350
166,4.0,GC55 - FAM,7,1.488444037476485e-06,350
167,4.0,GC55 - FAM,8,-9.753902408549608e-05,350
168,4.0,GC55 - FAM,9,0.0003420297391302446,350
169,4.0,GC55 - FAM,10,0.0003158257737297327,350
170,4.0,GC55 - FAM,11,0.0009429384856675105,350
171,4.0,GC55 - FAM,12,0.0017187302186821062,350
172,4.0,GC55 - FAM,13,0.0016607360287774669,350
173,4.0,GC55 - FAM,14,0.0020579117007035993,350
174,4.0,GC55 - FAM,15,0.0024877045104880133,350
175,4.0,GC55 - FAM,16,0.0026051997101870826,350
176,4.0,GC55 - FAM,17,0.002731993091157302,350
177,4.0,GC55 - FAM,18,0.0033196344723234812,350
178,4.0,GC55 - FAM,19,0.005327067706719082,350
179,4.0,GC55 - FAM,20,0.00607647171581002,350
180,4.0,GC55 - FAM,21,0.009214626270675257,350
181,4.0,GC55 - FAM,22,0.015096626341440664,350
182,4.0,GC55 - FAM,23,0.0240655307149661,350
183,4.0,GC55 - FAM,24,0.040185636902768836,350
184,4.0,GC55 - FAM,25,0.06681663873521802,350
185,4.0,GC55 - FAM,26,0.10378776941675477,350
186,4.0,GC55 - FAM,27,0.14729768988248265,350
187,4.0,GC55 - FAM,28,0.18828716006889806,350
188,4.0,GC55 - FAM,29,0.2229314116994035,350
189,4.0,GC55 - FAM,30,0.2512465052689219,350
190,4.0,GC55 - FAM,31,0.27304809422703397,350
191,4.0,GC55 - FAM,32,0.28948125143486697,350
192,4.0,GC55 - FAM,33,0.30320455845358163,350
193,4.0,GC55 - FAM,34,0.3167840560520828,350
194,4.0,GC55 - FAM,35,0.3293720294113969,350
195,4.0,GC55 - FAM,36,0.34074282306510156,350
196,4.0,GC55 - FAM,37,0.35223897678329585,350
197,4.0,GC55 - FAM,38,0.36396905510145405,350
198,4.0,GC55 - FAM,39,0.3754083906842918,350
199,4.0,GC55 - FAM,40,0.38774931908508947,350
200,4.0,GC55 - HEX,1,0.00017327804561119675,351
201,4.0,GC55 - HEX,2,0.0004650276559066149,351
202,4.0,GC55 - HEX,3,0.0003827780145525578,351
203,4.0,GC55 - HEX,4,-1.4621593938205786e-05,351
204,4.0,GC55 - HEX,5,-4.8749533723484323e-05,351
205,4.0,GC55 - HEX,6,0.0005882279217329266,351
206,4.0,GC55 - HEX,7,0.0006050233391432062,351
207,4.0,GC55 - HEX,8,-0.0001920839775515746,351
208,4.0,GC55 - HEX,9,-0.0008068659332497164,351
209,4.0,GC55 - HEX,10,-0.0005137082369657095,351
210,4.0,GC55 - HEX,11,-0.0002066729097013853,351
211,4.0,GC55 - HEX,12,-0.0004957224788228086,351
212,4.0,GC55 - HEX,13,-0.0021937580502575903,351
213,4.0,GC55 - HEX,14,-0.002300424192980783,351
214,4.0,GC55 - HEX,15,-0.002537766521985166,351
215,4.0,GC55 - HEX,16,-0.0035553046194708674,351
216,4.0,GC55 - HEX,17,-0.005485427601066021,351
217,4.0,GC55 - HEX,18,-0.008038331047428515,351
218,4.0,GC55 - HEX,19,-0.01368732525568959,351
219,4.0,GC55 - HEX,20,-0.025506479684194328,351
220,4.0,GC55 - HEX,21,-0.04529932022271849,351
221,4.0,GC55 - HEX,22,-0.07868609870573544,351
222,4.0,GC55 - HEX,23,-0.12980772021502698,351
223,4.0,GC55 - HEX,24,-0.19738760238025832,351
224,4.0,GC55 - HEX,25,-0.27910510336143207,351
225,4.0,GC55 - HEX,26,-0.3643888361448386,351
226,4.0,GC55 - HEX,27,-0.4409167708914919,351
227,4.0,GC55 - HEX,28,-0.5032050368789062,351
228,4.0,GC55 - HEX,29,-0.5487416667688406,351
229,4.0,GC55 - HEX,30,-0.5770899506759273,351
230,4.0,GC55 - HEX,31,-0.5953604615482319,351
231,4.0,GC55 - HEX,32,-0.61008102796345,351
232,4.0,GC55 - HEX,33,-0.6206832477054046,351
233,4.0,GC55 - HEX,34,-0.6310989613774479,351
234,4.0,GC55 - HEX,35,-0.6397669064615935,351
235,4.0,GC55 - HEX,36,-0.6468896150785919,351
236,4.0,GC55 - HEX,37,-0.6546980180229817,351
237,4.0,GC55 - HEX,38,-0.6616107621478259,351
238,4.0,GC55 - HEX,39,-0.6712830064178944,351
239,4.0,GC55 - HEX,40,-0.6791241582487817,351
240,5.0,GC55 - FAM,1,-0.0016458929340704095,318
241,5.0,GC55 - FAM,2,-0.0017179446509956603,318
242,5.0,GC55 - FAM,3,-0.0016469403576523376,318
243,5.0,GC55 - FAM,4,-0.0008904800212726217,318
244,5.0,GC55 - FAM,5,0.0003896921060710426,318
245,5.0,GC55 - FAM,6,0.00047846584860251044,318
246,5.0,GC55 - FAM,7,0.00023768705572529587,318
247,5.0,GC55 - FAM,8,0.00025319627507875455,318
248,5.0,GC55 - FAM,9,0.0003387358676028661,318
249,5.0,GC55 - FAM,10,0.0008396432258444896,318
250,5.0,GC55 - FAM,11,0.00127226591688534,318
251,5.0,GC55 - FAM,12,0.001791438872327601,318
252,5.0,GC55 - FAM,13,0.0015655445198251511,318
253,5.0,GC55 - FAM,14,0.0013621422105556794,318
254,5.0,GC55 - FAM,15,0.002804297476051877,318
255,5.0,GC55 - FAM,16,0.00411585555914875,318
256,5.0,GC55 - FAM,17,0.005808675826067376,318
257,5.0,GC55 - FAM,18,0.008264443105232746,318
258,5.0,GC55 - FAM,19,0.014231872513408378,318
259,5.0,GC55 - FAM,20,0.02410771707791717,318
260,5.0,GC55 - FAM,21,0.041380172964363734,318
261,5.0,GC55 - FAM,22,0.0701552141173147,318
262,5.0,GC55 - FAM,23,0.11736977991305998,318
263,5.0,GC55 - FAM,24,0.18053151675047602,318
264,5.0,GC55 - FAM,25,0.2512893899142609,318
265,5.0,GC55 - FAM,26,0.3202881059842718,318
266,5.0,GC55 - FAM,27,0.37734939061860734,318
267,5.0,GC55 - FAM,28,0.41884302068912405,318
268,5.0,GC55 - FAM,29,0.4490260931498231,318
269,5.0,GC55 - FAM,30,0.4698166059618854,318
270,5.0,GC55 - FAM,31,0.48891374723145964,318
271,5.0,GC55 - FAM,32,0.5052346647333555,318
272,5.0,GC55 - FAM,33,0.5191536378275152,318
273,5.0,GC55 - FAM,34,0.5340586591568723,318
274,5.0,GC55 - FAM,35,0.5482489333346037,318
275,5.0,GC55 - FAM,36,0.5618544143882777,318
276,5.0,GC55 - FAM,37,0.5753541975394385,318
277,5.0,GC55 - FAM,38,0.5880358877455566,318
278,5.0,GC55 - FAM,39,0.5987907595813831,318
279,5.0,GC55 - FAM,40,0.6109652762636203,318
280,5.0,GC55 - HEX,1,0.0007409943642320015,319
281,5.0,GC55 - HEX,2,0.0008667059586771364,319
282,5.0,GC55 - HEX,3,0.0009016903631358864,319
283,5.0,GC55 - HEX,4,0.0007792304311798635,319
284,5.0,GC55 - HEX,5,0.0008145341953473657,319
285,5.0,GC55 - HEX,6,0.000368156420614352,319
286,5.0,GC55 - HEX,7,-0.0003394866285786544,319
287,5.0,GC55 - HEX,8,-0.0005524995543162883,319
288,5.0,GC55 - HEX,9,-0.0011337342242450643,319
289,5.0,GC55 - HEX,10,-0.0008378910031374606,319
290,5.0,GC55 - HEX,11,-0.0005182845164286228,319
291,5.0,GC55 - HEX,12,-0.0009791350925082646,319
292,5.0,GC55 - HEX,13,-0.0017319820568400873,319
293,5.0,GC55 - HEX,14,-0.0015589181273972584,319
294,5.0,GC55 - HEX,15,-0.0026527251298731147,319
295,5.0,GC55 - HEX,16,-0.003972508158991859,319
296,5.0,GC55 - HEX,17,-0.007272176218869489,319
297,5.0,GC55 - HEX,18,-0.010469620139245659,319
298,5.0,GC55 - HEX,19,-0.016015664390485383,319
299,5.0,GC55 - HEX,20,-0.02701792571670311,319
300,5.0,GC55 - HEX,21,-0.04777897779406117,319
301,5.0,GC55 - HEX,22,-0.0809720065483184,319
302,5.0,GC55 - HEX,23,-0.13164211149483612,319
303,5.0,GC55 - HEX,24,-0.1944542725681077,319
304,5.0,GC55 - HEX,25,-0.26095515440826894,319
305,5.0,GC55 - HEX,26,-0.32215710383001256,319
306,5.0,GC55 - HEX,27,-0.36873060759616266,319
307,5.0,GC55 - HEX,28,-0.4019272944707201,319
308,5.0,GC55 - HEX,29,-0.425249727543073,319
309,5.0,GC55 - HEX,30,-0.4413300695327559,319
310,5.0,GC55 - HEX,31,-0.45335460128668903,319
311,5.0,GC55 - HEX,32,-0.4639190785176092,319
312,5.0,GC55 - HEX,33,-0.47104892917900326,319
313,5.0,GC55 - HEX,34,-0.4803160511421694,319
314,5.0,GC55 - HEX,35,-0.48819529387650057,319
315,5.0,GC55 - HEX,36,-0.4968666067539385,319
316,5.0,GC55 - HEX,37,-0.5036659491494749,319
317,5.0,GC55 - HEX,38,-0.5097880747662522,319
318,5.0,GC55 - HEX,39,-0.5178136423125934,319
319,5.0,GC55 - HEX,40,-0.52518039981248,319
320,6.0,GC55 - FAM,1,-0.0022001821432857268,286
321,6.0,GC55 - FAM,2,-0.0015927132174721756,286
322,6.0,GC55 - FAM,3,-0.0016586641514290041,286
323,6.0,GC55 - FAM,4,-0.0008374656873452185,286
324,6.0,GC55 - FAM,5,-0.0001998787395881617,286
325,6.0,GC55 - FAM,6,0.00023324009946518092,286
326,6.0,GC55 - FAM,7,0.00037896060831936023,286
327,6.0,GC55 - FAM,8,5.9882308729956734e-05,286
328,6.0,GC55 - FAM,9,0.0005843658854911152,286
329,6.0,GC55 - FAM,10,0.0014395596763567711,286
330,6.0,GC55 - FAM,11,0.0018192966644364201,286
331,6.0,GC55 - FAM,12,0.003731028459977977,286
332,6.0,GC55 - FAM,13,0.005701526231221383,286
333,6.0,GC55 - FAM,14,0.007774653137641409,286
334,6.0,GC55 - FAM,15,0.011634298781931823,286
335,6.0,GC55 - FAM,16,0.02087862042994735,286
336,6.0,GC55 - FAM,17,0.03756837803950035,286
337,6.0,GC55 - FAM,18,0.0661951444401254,286
338,6.0,GC55 - FAM,19,0.11301547470031488,286
339,6.0,GC55 - FAM,20,0.1821788567829162,286
340,6.0,GC55 - FAM,21,0.27305586261859993,286
341,6.0,GC55 - FAM,22,0.3735299880908858,286
342,6.0,GC55 - FAM,23,0.46806845600364777,286
343,6.0,GC55 - FAM,24,0.5463222435952781,286
344,6.0,GC55 - FAM,25,0.6045880285971261,286
345,6.0,GC55 - FAM,26,0.6442358410543535,286
346,6.0,GC55 - FAM,27,0.671827183304612,286
347,6.0,GC55 - FAM,28,0.6935892641802478,286
348,6.0,GC55 - FAM,29,0.7111115949064674,286
349,6.0,GC55 - FAM,30,0.7274918296596344,286
350,6.0,GC55 - FAM,31,0.7401898376226079,286
351,6.0,GC55 - FAM,32,0.7520492451893558,286
352,6.0,GC55 - FAM,33,0.7657356534966229,286
353,6.0,GC55 - FAM,34,0.7779986682836069,286
354,6.0,GC55 - FAM,35,0.7924215807516402,286
355,6.0,GC55 - FAM,36,0.8061294520544107,286
356,6.0,GC55 - FAM,37,0.8182029750523273,286
357,6.0,GC55 - FAM,38,0.8304656223222651,286
358,6.0,GC55 - FAM,39,0.8417514092831627,286
359,6.0,GC55 - FAM,40,0.8551170487124274,286
360,6.0,GC55 - HEX,1,0.0008029138568539095,287
361,6.0,GC55 - HEX,2,0.0009982603841573944,287
362,6.0,GC55 - HEX,3,0.0011175557517266923,287
363,6.0,GC55 - HEX,4,1.7695431134944507e-05,287
364,6.0,GC55 - HEX,5,0.00011550660011546631,287
365,6.0,GC55 - HEX,6,-0.00013864566264959393,287
366,6.0,GC55 - HEX,7,3.691507906166028e-05,287
367,6.0,GC55 - HEX,8,0.0002686250641116883,287
368,6.0,GC55 - HEX,9,-0.0003913172576740763,287
369,6.0,GC55 - HEX,10,-0.0010263350058267813,287
370,6.0,GC55 - HEX,11,-0.0010168122799658105,287
371,6.0,GC55 - HEX,12,-0.0010673291793502294,287
372,6.0,GC55 - HEX,13,-0.0021183564972037053,287
373,6.0,GC55 - HEX,14,-0.0023567294870863336,287
374,6.0,GC55 - HEX,15,-0.0032015375311883563,287
375,6.0,GC55 - HEX,16,-0.003463296361561875,287
376,6.0,GC55 - HEX,17,-0.0056755881621898836,287
377,6.0,GC55 - HEX,18,-0.01043230586054806,287
378,6.0,GC55 - HEX,19,-0.018700949694300813,287
379,6.0,GC55 - HEX,20,-0.03123532470690622,287
380,6.0,GC55 - HEX,21,-0.05087764520815537,287
381,6.0,GC55 - HEX,22,-0.07884092646999101,287
382,6.0,GC55 - HEX,23,-0.11020109179031849,287
383,6.0,GC55 - HEX,24,-0.13992166436591283,287
384,6.0,GC55 - HEX,25,-0.16550829970791633,287
385,6.0,GC55 - HEX,26,-0.18381164656482082,287
386,6.0,GC55 - HEX,27,-0.19751653297540417,287
387,6.0,GC55 - HEX,28,-0.20687583376359645,287
388,6.0,GC55 - HEX,29,-0.21457399954306522,287
389,6.0,GC55 - HEX,30,-0.2211597193261473,287
390,6.0,GC55 - HEX,31,-0.22777929123835713,287
391,6.0,GC55 - HEX,32,-0.23295161204860496,287
392,6.0,GC55 - HEX,33,-0.2387426197128079,287
393,6.0,GC55 - HEX,34,-0.2438471491666979,287
394,6.0,GC55 - HEX,35,-0.24924784120140422,287
395,6.0,GC55 - HEX,36,-0.255168015351447,287
396,6.0,GC55 - HEX,37,-0.2603704140397191,287
397,6.0,GC55 - HEX,38,-0.2668076605909323,287
398,6.0,GC55 - HEX,39,-0.2721705810819035,287
399,6.0,GC55 - HEX,40,-0.2776193222364266,287
400,7.0,GC55 - FAM,1,-0.0029888300819758714,254
401,7.0,GC55 - FAM,2,-0.0026991531460897073,254
402,7.0,GC55 - FAM,3,-0.0018120772514583514,254
403,7.0,GC55 - FAM,4,-0.0017888685499851068,254
404,7.0,GC55 - FAM,5,-0.0011758868684771983,254
405,7.0,GC55 - FAM,6,-0.0012399267137933163,254
406,7.0,GC55 - FAM,7,-0.0007217460543760397,254
407,7.0,GC55 - FAM,8,0.0006473651981699232,254
408,7.0,GC55 - FAM,9,0.0021835680758118575,254
409,7.0,GC55 - FAM,10,0.003907572164108232,254
410,7.0,GC55 - FAM,11,0.008154268385699475,254
411,7.0,GC55 - FAM,12,0.014889367400166682,254
412,7.0,GC55 - FAM,13,0.02777416590191729,254
413,7.0,GC55 - FAM,14,0.051894585287746875,254
414,7.0,GC55 - FAM,15,0.09078843652450927,254
415,7.0,GC55 - FAM,16,0.1525484817232257,254
416,7.0,GC55 - FAM,17,0.23852038454888877,254
417,7.0,GC55 - FAM,18,0.3427073877330289,254
418,7.0,GC55 - FAM,19,0.45090433265753993,254
419,7.0,GC55 - FAM,20,0.5501380513468908,254
420,7.0,GC55 - FAM,21,0.6325916767367104,254
421,7.0,GC55 - FAM,22,0.6949140413921034,254
422,7.0,GC55 - FAM,23,0.7370086353367143,254
423,7.0,GC55 - FAM,24,0.7678690417137268,254
424,7.0,GC55 - FAM,25,0.7893199091545638,254
425,7.0,GC55 - FAM,26,0.8075347890028132,254
426,7.0,GC55 - FAM,27,0.8227927002000184,254
427,7.0,GC55 - FAM,28,0.8354741698959088,254
428,7.0,GC55 - FAM,29,0.8467850215193634,254
429,7.0,GC55 - FAM,30,0.858902646562835,254
430,7.0,GC55 - FAM,31,0.8702387833590743,254
431,7.0,GC55 - FAM,32,0.8803365347161334,254
432,7.0,GC55 - FAM,33,0.8911350675770591,254
433,7.0,GC55 - FAM,34,0.9040429277734644,254
434,7.0,GC55 - FAM,35,0.9157438619898518,254
435,7.0,GC55 - FAM,36,0.9279269785709723,254
436,7.0,GC55 - FAM,37,0.9373361499901014,254
437,7.0,GC55 - FAM,38,0.9466555737465264,254
438,7.0,GC55 - FAM,39,0.9577401083728754,254
439,7.0,GC55 - FAM,40,0.9682798357298033,254
440,7.0,GC55 - HEX,1,0.0012758928436909312,255
441,7.0,GC55 - HEX,2,0.001426920953229867,255
442,7.0,GC55 - HEX,3,0.0010288971416719968,255
443,7.0,GC55 - HEX,4,-0.0002670935891447182,255
444,7.0,GC55 - HEX,5,-7.106479337253555e-05,255
445,7.0,GC55 - HEX,6,-0.00026358063234844533,255
446,7.0,GC55 - HEX,7,0.0008744867224903688,255
447,7.0,GC55 - HEX,8,0.0010890674140709674,255
448,7.0,GC55 - HEX,9,-0.0007998291323943723,255
449,7.0,GC55 - HEX,10,-0.0015908831309732615,255
450,7.0,GC55 - HEX,11,-0.0008256101707009034,255
451,7.0,GC55 - HEX,12,-0.0005389267666943251,255
452,7.0,GC55 - HEX,13,-0.0016801296532190687,255
453,7.0,GC55 - HEX,14,-0.004588756266080181,255
454,7.0,GC55 - HEX,15,-0.008221240691528667,255
455,7.0,GC55 - HEX,16,-0.009835734666423984,255
456,7.0,GC55 - HEX,17,-0.014827660790278063,255
457,7.0,GC55 - HEX,18,-0.021589042929524207,255
458,7.0,GC55 - HEX,19,-0.030114176158456067,255
459,7.0,GC55 - HEX,20,-0.03948217224053664,255
460,7.0,GC55 - HEX,21,-0.049621813960714224,255
461,7.0,GC55 - HEX,22,-0.05767046250418799,255
462,7.0,GC55 - HEX,23,-0.06384539860371254,255
463,7.0,GC55 - HEX,24,-0.06986236777820799,255
464,7.0,GC55 - HEX,25,-0.07488929282287121,255
465,7.0,GC55 - HEX,26,-0.07764841554298517,255
466,7.0,GC55 - HEX,27,-0.07936421912730689,255
467,7.0,GC55 - HEX,28,-0.08228130877244992,255
468,7.0,GC55 - HEX,29,-0.08606473420933496,255
469,7.0,GC55 - HEX,30,-0.08822703169919287,255
470,7.0,GC55 - HEX,31,-0.09081387437278547,255
471,7.0,GC55 - HEX,32,-0.0932299176675973,255
472,7.0,GC55 - HEX,33,-0.09442786496782714,255
473,7.0,GC55 - HEX,34,-0.09719116839685565,255
474,7.0,GC55 - HEX,35,-0.10008038664923488,255
475,7.0,GC55 - HEX,36,-0.10196783156066043,255
476,7.0,GC55 - HEX,37,-0.10414592283975117,255
477,7.0,GC55 - HEX,38,-0.1074709509637738,255
478,7.0,GC55 - HEX,39,-0.10895068965792613,255
479,7.0,GC55 - HEX,40,-0.11235817065220839,255
480,8.0,GC55 - FAM,1,-0.011453225430206037,222
481,8.0,GC55 - FAM,2,-0.011219447837060656,222
482,8.0,GC55 - FAM,3,-0.010086760300393365,222
483,8.0,GC55 - FAM,4,-0.009670620748878643,222
484,8.0,GC55 - FAM,5,-0.008451603458037717,222
485,8.0,GC55 - FAM,6,-0.006560250482712968,222
486,8.0,GC55 - FAM,7,-0.003958983204921193,222
487,8.0,GC55 - FAM,8,0.0007368004713847139,222
488,8.0,GC55 - FAM,9,0.010097845533302102,222
489,8.0,GC55 - FAM,10,0.02789357219025707,222
490,8.0,GC55 - FAM,11,0.059356081744207236,222
491,8.0,GC55 - FAM,12,0.11045936378260451,222
492,8.0,GC55 - FAM,13,0.1857739154206744,222
493,8.0,GC55 - FAM,14,0.28317931030813925,222
494,8.0,GC55 - FAM,15,0.3912645668022826,222
495,8.0,GC55 - FAM,16,0.49841291209031763,222
496,8.0,GC55 - FAM,17,0.5906468276126104,222
497,8.0,GC55 - FAM,18,0.6630656940671052,222
498,8.0,GC55 - FAM,19,0.7170116837068549,222
499,8.0,GC55 - FAM,20,0.754999127652351,222
500,8.0,GC55 - FAM,21,0.7822443423484131,222
501,8.0,GC55 - FAM,22,0.8021599440800763,222
502,8.0,GC55 - FAM,23,0.8178943778795018,222
503,8.0,GC55 - FAM,24,0.8312747914940275,222
504,8.0,GC55 - FAM,25,0.8417932028622706,222
505,8.0,GC55 - FAM,26,0.851243462687175,222
506,8.0,GC55 - FAM,27,0.864019090250325,222
507,8.0,GC55 - FAM,28,0.8751431697108548,222
508,8.0,GC55 - FAM,29,0.8847039786632833,222
509,8.0,GC55 - FAM,30,0.8934297888865399,222
510,8.0,GC55 - FAM,31,0.9028381517681673,222
511,8.0,GC55 - FAM,32,0.9130726194664462,222
512,8.0,GC55 - FAM,33,0.9222595165759789,222
513,8.0,GC55 - FAM,34,0.932580277276727,222
514,8.0,GC55 - FAM,35,0.9425028700095239,222
515,8.0,GC55 - FAM,36,0.9531547635689798,222
516,8.0,GC55 - FAM,37,0.9637821069897433,222
517,8.0,GC55 - FAM,38,0.9744207699355326,222
518,8.0,GC55 - FAM,39,0.9842180393555445,222
519,8.0,GC55 - FAM,40,0.9935419468199342,222
520,8.0,GC55 - HEX,1,0.0013370974060557463,223
521,8.0,GC55 - HEX,2,0.0010342427877059947,223
522,8.0,GC55 - HEX,3,0.0005683114889871154,223
523,8.0,GC55 - HEX,4,0.0007450190223797975,223
524,8.0,GC55 - HEX,5,0.0004427305416955609,223
525,8.0,GC55 - HEX,6,-0.0005895997168455208,223
526,8.0,GC55 - HEX,7,5.147134942307587e-05,223
527,8.0,GC55 - HEX,8,0.0002023688118084312,223
528,8.0,GC55 - HEX,9,-0.0005176421679235192,223
529,8.0,GC55 - HEX,10,-0.000902659329524941,223
530,8.0,GC55 - HEX,11,-0.0039386524007765395,223
531,8.0,GC55 - HEX,12,-0.006467255476573081,223
532,8.0,GC55 - HEX,13,-0.01028363302886117,223
533,8.0,GC55 - HEX,14,-0.014734607355140428,223
534,8.0,GC55 - HEX,15,-0.019566679428413693,223
535,8.0,GC55 - HEX,16,-0.024792042983015142,223
536,8.0,GC55 - HEX,17,-0.029315279701574756,223
537,8.0,GC55 - HEX,18,-0.032711713753204266,223
538,8.0,GC55 - HEX,19,-0.03620550896695196,223
539,8.0,GC55 - HEX,20,-0.03848538889503223,223
540,8.0,GC55 - HEX,21,-0.0398223447666716,223
541,8.0,GC55 - HEX,22,-0.04281248068701648,223
542,8.0,GC55 - HEX,23,-0.04341444470531334,223
543,8.0,GC55 - HEX,24,-0.0450573471779372,223
544,8.0,GC55 - HEX,25,-0.04726211950905913,223
545,8.0,GC55 - HEX,26,-0.046544431145390835,223
546,8.0,GC55 - HEX,27,-0.04639227076052087,223
547,8.0,GC55 - HEX,28,-0.048496444783385904,223
548,8.0,GC55 - HEX,29,-0.04833476167265496,223
549,8.0,GC55 - HEX,30,-0.04911318644638775,223
550,8.0,GC55 - HEX,31,-0.050565402140185824,223
551,8.0,GC55 - HEX,32,-0.050473484609466816,223
552,8.0,GC55 - HEX,33,-0.05180466297364785,223
553,8.0,GC55 - HEX,34,-0.05229270267402261,223
554,8.0,GC55 - HEX,35,-0.05367140756940612,223
555,8.0,GC55 - HEX,36,-0.05466661951997997,223
556,8.0,GC55 - HEX,37,-0.05430275268090817,223
557,8.0,GC55 - HEX,38,-0.054499071803688307,223
558,8.0,GC55 - HEX,39,-0.05651983487716746,223
559,8.0,GC55 - HEX,40,-0.057745537439357925,223
