,Experiment,Well,Target,lg10_Copies,Outlier,WellPosition,Copies,Reporter,Sample,Task,Comments,CT,Reaction,Stage,Cycle,Fluorescence,Corr_Fluorescence,Derivative
437,JG045A,13,BP280_GC70,8,False,A13,100000000.0,SYBR,,STANDARD,,11.98003,8,early,3,-0.011256679892539978,0.001141875982284546,0.010679820108741701
438,JG045A,13,BP280_GC70,8,False,A13,100000000.0,SYBR,,STANDARD,,11.98003,8,early,4,-0.006513819098472595,-0.00031454116106033325,-0.002896756846752622
439,JG045A,13,BP280_GC70,8,False,A13,100000000.0,SYBR,,STANDARD,,11.98003,8,early,5,-0.001665651798248291,-0.001665651798248291,-0.010564034304697288
440,JG045A,13,BP280_GC70,8,False,A13,100000000.0,SYBR,,STANDARD,,11.98003,8,early,6,0.00590670108795166,-0.0002925768494606018,-0.0123220122650923
441,JG045A,13,BP280_GC70,8,False,A13,100000000.0,SYBR,,STANDARD,,11.98003,8,early,7,0.013529449701309204,0.0011308938264846802,-0.008170690727937658
442,JG045A,13,BP280_GC70,8,False,A13,100000000.0,SYBR,,STANDARD,,11.98003,8,middle,8,0.026673316955566406,0.00807548314332962,0.001889930306766654
443,JG045A,13,BP280_GC70,8,False,A13,100000000.0,SYBR,,STANDARD,,11.98003,8,middle,9,0.04744981229305267,0.022652700543403625,0.017859850839020613
444,JG045A,13,BP280_GC70,8,False,A13,100000000.0,SYBR,,STANDARD,,11.98003,8,middle,10,0.07780376076698303,0.04680737107992172,0.03973907086882423
445,JG045A,13,BP280_GC70,8,False,A13,100000000.0,SYBR,,STANDARD,,11.98003,8,middle,11,0.12079739570617676,0.08360172808170319,0.0675275903961775
446,JG045A,13,BP280_GC70,8,False,A13,100000000.0,SYBR,,STANDARD,,11.98003,8,middle,12,0.18465104699134827,0.14125609397888184,0.10122540942108045
447,JG045A,13,BP280_GC70,8,False,A13,100000000.0,SYBR,,STANDARD,,11.98003,8,middle,13,0.2803550064563751,0.23076078295707703,0.14083252794353304
448,JG045A,13,BP280_GC70,8,False,A13,100000000.0,SYBR,,STANDARD,,11.98003,8,middle,14,0.41209733486175537,0.3563038408756256,0.179976042765943
449,JG045A,13,BP280_GC70,8,False,A13,100000000.0,SYBR,,STANDARD,,11.98003,8,middle,15,0.5828983187675476,0.5209055542945862,0.21228305069071776
450,JG045A,13,BP280_GC70,8,False,A13,100000000.0,SYBR,,STANDARD,,11.98003,8,middle,16,0.7983118891716003,0.7301198244094849,0.23775355171785748
451,JG045A,13,BP280_GC70,8,False,A13,100000000.0,SYBR,,STANDARD,,11.98003,8,middle,17,1.0523638129234314,0.9779725074768066,0.2563875458473621
452,JG045A,13,BP280_GC70,8,False,A13,100000000.0,SYBR,,STANDARD,,11.98003,8,middle,18,1.3336032032966614,1.2530125379562378,0.26818503307923175
453,JG045A,13,BP280_GC70,8,False,A13,100000000.0,SYBR,,STANDARD,,11.98003,8,middle,19,1.6313298344612122,1.5445399284362793,0.27314601341346617
454,JG045A,13,BP280_GC70,8,False,A13,100000000.0,SYBR,,STANDARD,,11.98003,8,middle,20,1.9330270886421204,1.8400379419326782,0.2712704868500656
455,JG045A,13,BP280_GC70,8,False,A13,100000000.0,SYBR,,STANDARD,,11.98003,8,middle,21,2.2186368107795715,2.11944842338562,0.2625584533890299
456,JG045A,13,BP280_GC70,8,False,A13,100000000.0,SYBR,,STANDARD,,11.98003,8,middle,22,2.481967270374298,2.376579523086548,0.24700991303035916
457,JG045A,13,BP280_GC70,8,False,A13,100000000.0,SYBR,,STANDARD,,11.98003,8,middle,23,2.717945635318756,2.606358528137207,0.22462486577405333
458,JG045A,13,BP280_GC70,8,False,A13,100000000.0,SYBR,,STANDARD,,11.98003,8,middle,24,2.922886908054352,2.805100679397583,0.19540331162011237
459,JG045A,13,BP280_GC70,8,False,A13,100000000.0,SYBR,,STANDARD,,11.98003,8,middle,25,3.093224585056305,2.9692389965057373,0.16425753992287098
460,JG045A,13,BP280_GC70,8,False,A13,100000000.0,SYBR,,STANDARD,,11.98003,8,middle,26,3.242530643939972,3.1123456954956055,0.13609984003666364
461,JG045A,13,BP280_GC70,8,False,A13,100000000.0,SYBR,,STANDARD,,11.98003,8,middle,27,3.3631096482276917,3.2267255783081055,0.1109302119614905
462,JG045A,13,BP280_GC70,8,False,A13,100000000.0,SYBR,,STANDARD,,11.98003,8,middle,28,3.456576883792877,3.313993453979492,0.08874865569735141
463,JG045A,13,BP280_GC70,8,False,A13,100000000.0,SYBR,,STANDARD,,11.98003,8,middle,29,3.5270052552223206,3.3782224655151367,0.06955517124424641
464,JG045A,13,BP280_GC70,8,False,A13,100000000.0,SYBR,,STANDARD,,11.98003,8,middle,30,3.5831857323646545,3.428203821182251,0.053349758602175536
465,JG045A,13,BP280_GC70,8,False,A13,100000000.0,SYBR,,STANDARD,,11.98003,8,middle,31,3.622737944126129,3.4615566730499268,0.040132417771138774
466,JG045A,13,BP280_GC70,8,False,A13,100000000.0,SYBR,,STANDARD,,11.98003,8,middle,32,3.6587279438972473,3.491347551345825,0.029903148751136113
467,JG045A,13,BP280_GC70,8,False,A13,100000000.0,SYBR,,STANDARD,,11.98003,8,middle,33,3.686641275882721,3.5130615234375,0.022661951542167564
468,JG045A,13,BP280_GC70,8,False,A13,100000000.0,SYBR,,STANDARD,,11.98003,8,late,34,3.70421439409256,3.52443528175354,0.018408826144233118
469,JG045A,13,BP280_GC70,8,False,A13,100000000.0,SYBR,,STANDARD,,11.98003,8,late,35,3.731793224811554,3.5458149909973145,0.017143772557332775
470,JG045A,13,BP280_GC70,8,False,A13,100000000.0,SYBR,,STANDARD,,11.98003,8,late,36,3.7479992508888245,3.555821657180786,0.017213232763005206
471,JG045A,13,BP280_GC70,8,False,A13,100000000.0,SYBR,,STANDARD,,11.98003,8,late,37,3.7547484040260315,3.5563714504241943,0.01696364874278907
472,JG045A,13,BP280_GC70,8,False,A13,100000000.0,SYBR,,STANDARD,,11.98003,8,late,38,3.768808901309967,3.56423282623291,0.01639502049668437
473,JG045A,13,BP280_GC70,8,False,A13,100000000.0,SYBR,,STANDARD,,11.98003,8,late,39,3.78724604845047,3.5764706134796143,0.015507348024691099
474,JG045A,13,BP280_GC70,8,False,A13,100000000.0,SYBR,,STANDARD,,11.98003,8,late,40,3.7999494671821594,3.582974672317505,0.014300631326809263
475,JG045A,13,BP280_GC70,8,False,A13,100000000.0,SYBR,,STANDARD,,11.98003,8,late,41,3.807080566883087,3.583906650543213,0.012774870403038856
476,JG045A,13,BP280_GC70,8,False,A13,100000000.0,SYBR,,STANDARD,,11.98003,8,late,42,3.8218384385108948,3.5924651622772217,0.010930065253379886
477,JG045A,13,BP280_GC70,8,False,A13,100000000.0,SYBR,,STANDARD,,11.98003,8,late,43,3.8370819687843323,3.6015093326568604,0.00876621587783235
478,JG045A,13,BP280_GC70,8,False,A13,100000000.0,SYBR,,STANDARD,,11.98003,8,late,44,3.847718298435211,3.6059465408325195,0.006283322276396245
479,JG045A,13,BP280_GC70,8,False,A13,100000000.0,SYBR,,STANDARD,,11.98003,8,late,45,3.849046289920807,3.6010751724243164,0.0034813844490715713
480,JG045A,13,BP280_GC70,8,False,A13,100000000.0,SYBR,,STANDARD,,11.98003,8,late,46,3.865178167819977,3.6110076904296875,0.00036040239585833023
481,JG045A,13,BP280_GC70,8,False,A13,100000000.0,SYBR,,STANDARD,,11.98003,8,late,47,3.877913534641266,3.617543935775757,-0.0015161903985889214
482,JG045A,13,BP280_GC70,8,False,A13,100000000.0,SYBR,,STANDARD,,11.98003,8,late,48,3.882958948612213,3.6163899898529053,-0.0005849604496156349
483,JG045A,14,BP280_GC70,8,False,A14,100000000.0,SYBR,,STANDARD,,68.396225,9,early,3,-0.007661983370780945,0.013475810177624226,0.02089349911233519
484,JG045A,14,BP280_GC70,8,False,A14,100000000.0,SYBR,,STANDARD,,68.396225,9,early,4,-0.0041631609201431274,-0.07640662044286728,0.01679487442879529
485,JG045A,14,BP280_GC70,8,False,A14,100000000.0,SYBR,,STANDARD,,68.396225,9,early,5,-0.0019097626209259033,-0.1675344705581665,0.010413756871018335
486,JG045A,14,BP280_GC70,8,False,A14,100000000.0,SYBR,,STANDARD,,68.396225,9,early,6,0.003865256905555725,-0.2551407217979431,0.0017501464390043315
487,JG045A,14,BP280_GC70,8,False,A14,100000000.0,SYBR,,STANDARD,,68.396225,9,early,7,0.00986965000629425,-0.34251755475997925,-0.00919595686724673
488,JG045A,14,BP280_GC70,8,False,A14,100000000.0,SYBR,,STANDARD,,68.396225,9,early,8,0.018479734659194946,-0.4272887408733368,-0.016162174052475095
489,JG045A,14,BP280_GC70,8,False,A14,100000000.0,SYBR,,STANDARD,,68.396225,9,middle,9,0.032281890511512756,-0.5068678259849548,-0.012886126121421015
490,JG045A,14,BP280_GC70,8,False,A14,100000000.0,SYBR,,STANDARD,,68.396225,9,middle,10,0.05120633542537689,-0.5813246369361877,0.0006321869259154952
491,JG045A,14,BP280_GC70,8,False,A14,100000000.0,SYBR,,STANDARD,,68.396225,9,middle,11,0.08171041309833527,-0.6442018151283264,0.02439276508953445
492,JG045A,14,BP280_GC70,8,False,A14,100000000.0,SYBR,,STANDARD,,68.396225,9,middle,12,0.1281369924545288,-0.6911565065383911,0.05839560836943584
493,JG045A,14,BP280_GC70,8,False,A14,100000000.0,SYBR,,STANDARD,,68.396225,9,middle,13,0.1935356855392456,-0.719139039516449,0.10264071676561967
494,JG045A,14,BP280_GC70,8,False,A14,100000000.0,SYBR,,STANDARD,,68.396225,9,middle,14,0.28783857822418213,-0.7182174324989319,0.14836273096791433
495,JG045A,14,BP280_GC70,8,False,A14,100000000.0,SYBR,,STANDARD,,68.396225,9,middle,15,0.4158078730106354,-0.6836293935775757,0.18679629166614814
496,JG045A,14,BP280_GC70,8,False,A14,100000000.0,SYBR,,STANDARD,,68.396225,9,middle,16,0.5861905515193939,-0.6066279411315918,0.217941398860321
497,JG045A,14,BP280_GC70,8,False,A14,100000000.0,SYBR,,STANDARD,,68.396225,9,middle,17,0.7934288084506989,-0.4927709400653839,0.24179805255043302
498,JG045A,14,BP280_GC70,8,False,A14,100000000.0,SYBR,,STANDARD,,68.396225,9,middle,18,1.0384916961193085,-0.34108930826187134,0.2583662527364842
499,JG045A,14,BP280_GC70,8,False,A14,100000000.0,SYBR,,STANDARD,,68.396225,9,middle,19,1.3121341168880463,-0.1608281433582306,0.26764599941847456
500,JG045A,14,BP280_GC70,8,False,A14,100000000.0,SYBR,,STANDARD,,68.396225,9,middle,20,1.5960122048854828,0.029668698087334633,0.269637292596404
501,JG045A,14,BP280_GC70,8,False,A14,100000000.0,SYBR,,STANDARD,,68.396225,9,middle,21,1.8848895728588104,0.22516481578350067,0.2643401322702726
502,JG045A,14,BP280_GC70,8,False,A14,100000000.0,SYBR,,STANDARD,,68.396225,9,middle,22,2.1602804362773895,0.4071744382381439,0.25175451844008034
503,JG045A,14,BP280_GC70,8,False,A14,100000000.0,SYBR,,STANDARD,,68.396225,9,middle,23,2.413962572813034,0.5674753189086914,0.23188045110582728
504,JG045A,14,BP280_GC70,8,False,A14,100000000.0,SYBR,,STANDARD,,68.396225,9,middle,24,2.639250010251999,0.6993814706802368,0.20471793026751328
505,JG045A,14,BP280_GC70,8,False,A14,100000000.0,SYBR,,STANDARD,,68.396225,9,middle,25,2.8456883132457733,0.8124385476112366,0.17524635435373692
506,JG045A,14,BP280_GC70,8,False,A14,100000000.0,SYBR,,STANDARD,,68.396225,9,middle,26,3.0198449790477753,0.8932139277458191,0.14844512179309666
507,JG045A,14,BP280_GC70,8,False,A14,100000000.0,SYBR,,STANDARD,,68.396225,9,middle,27,3.162579983472824,0.9425677061080933,0.12431423258559252
508,JG045A,14,BP280_GC70,8,False,A14,100000000.0,SYBR,,STANDARD,,68.396225,9,middle,28,3.272947758436203,0.9595542550086975,0.10285368673122446
509,JG045A,14,BP280_GC70,8,False,A14,100000000.0,SYBR,,STANDARD,,68.396225,9,middle,29,3.3626355826854706,0.9558607935905457,0.08406348422999248
510,JG045A,14,BP280_GC70,8,False,A14,100000000.0,SYBR,,STANDARD,,68.396225,9,middle,30,3.4312245547771454,0.9310685396194458,0.06794362508189662
511,JG045A,14,BP280_GC70,8,False,A14,100000000.0,SYBR,,STANDARD,,68.396225,9,middle,31,3.480392426252365,0.8868551254272461,0.05449410928693686
512,JG045A,14,BP280_GC70,8,False,A14,100000000.0,SYBR,,STANDARD,,68.396225,9,middle,32,3.52707502245903,0.8401564955711365,0.0437149368451132
513,JG045A,14,BP280_GC70,8,False,A14,100000000.0,SYBR,,STANDARD,,68.396225,9,middle,33,3.56662055850029,0.7863207459449768,0.03560610775642563
514,JG045A,14,BP280_GC70,8,False,A14,100000000.0,SYBR,,STANDARD,,68.396225,9,late,34,3.5878531634807587,0.7141721248626709,0.03016762202087416
515,JG045A,14,BP280_GC70,8,False,A14,100000000.0,SYBR,,STANDARD,,68.396225,9,late,35,3.6123258769512177,0.6452635526657104,0.02739947963845879
516,JG045A,14,BP280_GC70,8,False,A14,100000000.0,SYBR,,STANDARD,,68.396225,9,late,36,3.637238949537277,0.5767953991889954,0.025836337275299152
517,JG045A,14,BP280_GC70,8,False,A14,100000000.0,SYBR,,STANDARD,,68.396225,9,late,37,3.6530339419841766,0.49920913577079773,0.02401285159751487
518,JG045A,14,BP280_GC70,8,False,A14,100000000.0,SYBR,,STANDARD,,68.396225,9,late,38,3.6599664390087128,0.4127603769302368,0.021929022605105954
519,JG045A,14,BP280_GC70,8,False,A14,100000000.0,SYBR,,STANDARD,,68.396225,9,late,39,3.67541167140007,0.3348243534564972,0.0195848502980724
520,JG045A,14,BP280_GC70,8,False,A14,100000000.0,SYBR,,STANDARD,,68.396225,9,late,40,3.6911971271038055,0.2572285532951355,0.016980334676414206
521,JG045A,14,BP280_GC70,8,False,A14,100000000.0,SYBR,,STANDARD,,68.396225,9,late,41,3.708961695432663,0.18161188066005707,0.014115475740131375
522,JG045A,14,BP280_GC70,8,False,A14,100000000.0,SYBR,,STANDARD,,68.396225,9,late,42,3.721769541501999,0.10103847086429596,0.01099027348922391
523,JG045A,14,BP280_GC70,8,False,A14,100000000.0,SYBR,,STANDARD,,68.396225,9,late,43,3.734725445508957,0.02061312086880207,0.007604727923691806
524,JG045A,14,BP280_GC70,8,False,A14,100000000.0,SYBR,,STANDARD,,68.396225,9,late,44,3.7383303344249725,-0.0691632404923439,0.003958839043535061
525,JG045A,14,BP280_GC70,8,False,A14,100000000.0,SYBR,,STANDARD,,68.396225,9,late,45,3.752517431974411,-0.14835739135742188,5.260684875367913e-05
526,JG045A,14,BP280_GC70,8,False,A14,100000000.0,SYBR,,STANDARD,,68.396225,9,late,46,3.7576272189617157,-0.23662886023521423,-0.00411396866065234
527,JG045A,14,BP280_GC70,8,False,A14,100000000.0,SYBR,,STANDARD,,68.396225,9,late,47,3.770222634077072,-0.31741470098495483,-0.007168299419810916
528,JG045A,14,BP280_GC70,8,False,A14,100000000.0,SYBR,,STANDARD,,68.396225,9,late,48,3.7781138122081757,-0.40290477871894836,-0.007737797363849969
529,JG045A,14,BP280_GC70,8,False,A14,100000000.0,SYBR,,STANDARD,,68.396225,9,late,49,3.78500434756279,-0.48939549922943115,-0.005822462492769495
530,JG045A,14,BP280_GC70,8,False,A14,100000000.0,SYBR,,STANDARD,,68.396225,9,late,50,3.795063227415085,-0.5727178454399109,-0.001422294806569497
531,JG045A,14,BP280_GC70,8,False,A14,100000000.0,SYBR,,STANDARD,,68.396225,9,late,51,3.812195748090744,-0.6489666104316711,0.005462705694750025
1268,JG045A,37,BP280_GC70,7,False,B13,10000000.0,SYBR,,STANDARD,,16.577682,22,early,3,-0.0036554306745529286,0.0023136399686336517,0.00734823158419136
1269,JG045A,37,BP280_GC70,7,False,B13,10000000.0,SYBR,,STANDARD,,16.577682,22,early,4,-0.0015570342540741078,0.001414945349097252,0.005757026173301817
1270,JG045A,37,BP280_GC70,7,False,B13,10000000.0,SYBR,,STANDARD,,16.577682,22,early,5,0.0009079456329345592,0.0008828340214677155,0.004412981328361264
1271,JG045A,37,BP280_GC70,7,False,B13,10000000.0,SYBR,,STANDARD,,16.577682,22,early,6,0.0016714066267013439,-0.0013507960829883814,0.0033160970493697002
1272,JG045A,37,BP280_GC70,7,False,B13,10000000.0,SYBR,,STANDARD,,16.577682,22,early,7,0.0026331126689910778,-0.003386181313544512,0.0024663733363271254
1273,JG045A,37,BP280_GC70,7,False,B13,10000000.0,SYBR,,STANDARD,,16.577682,22,early,8,0.005181390047073353,-0.003834994975477457,0.0018638101892335388
1274,JG045A,37,BP280_GC70,7,False,B13,10000000.0,SYBR,,STANDARD,,16.577682,22,early,9,0.010622385144233693,-0.001391091151162982,0.001508407608088942
1275,JG045A,37,BP280_GC70,7,False,B13,10000000.0,SYBR,,STANDARD,,16.577682,22,early,10,0.015885698795318592,0.0008751313434913754,0.0014001655928933343
1276,JG045A,37,BP280_GC70,7,False,B13,10000000.0,SYBR,,STANDARD,,16.577682,22,early,11,0.022484171390533436,0.004476512782275677,0.001539084143646715
1277,JG045A,37,BP280_GC70,7,False,B13,10000000.0,SYBR,,STANDARD,,16.577682,22,early,12,0.031358781456947316,0.010354031808674335,0.0019251632603490853
1278,JG045A,37,BP280_GC70,7,False,B13,10000000.0,SYBR,,STANDARD,,16.577682,22,early,13,0.044221746921539296,0.02021990530192852,0.002558402943000445
1279,JG045A,37,BP280_GC70,7,False,B13,10000000.0,SYBR,,STANDARD,,16.577682,22,middle,14,0.0635093331336975,0.0365104004740715,0.008478036468061289
1280,JG045A,37,BP280_GC70,7,False,B13,10000000.0,SYBR,,STANDARD,,16.577682,22,middle,15,0.09375576972961425,0.06375974416732788,0.024723297111992112
1281,JG045A,37,BP280_GC70,7,False,B13,10000000.0,SYBR,,STANDARD,,16.577682,22,middle,16,0.1397872745990753,0.10679416358470917,0.051294184874792925
1282,JG045A,37,BP280_GC70,7,False,B13,10000000.0,SYBR,,STANDARD,,16.577682,22,middle,17,0.20730023384094237,0.17131002247333527,0.08819069975646371
1283,JG045A,37,BP280_GC70,7,False,B13,10000000.0,SYBR,,STANDARD,,16.577682,22,middle,18,0.3042690634727478,0.2652817666530609,0.13541284175700447
1284,JG045A,37,BP280_GC70,7,False,B13,10000000.0,SYBR,,STANDARD,,16.577682,22,middle,19,0.4389305591583252,0.39694616198539734,0.19296061087641522
1285,JG045A,37,BP280_GC70,7,False,B13,10000000.0,SYBR,,STANDARD,,16.577682,22,middle,20,0.6161339759826661,0.5711525082588196,0.2467769752953972
1286,JG045A,37,BP280_GC70,7,False,B13,10000000.0,SYBR,,STANDARD,,16.577682,22,middle,21,0.8367633700370789,0.7887848019599915,0.2828049031946516
1287,JG045A,37,BP280_GC70,7,False,B13,10000000.0,SYBR,,STANDARD,,16.577682,22,middle,22,1.0991265654563904,1.048150897026062,0.30104439457417836
1288,JG045A,37,BP280_GC70,7,False,B13,10000000.0,SYBR,,STANDARD,,16.577682,22,middle,23,1.3895132422447205,1.335540533065796,0.3014954494339775
1289,JG045A,37,BP280_GC70,7,False,B13,10000000.0,SYBR,,STANDARD,,16.577682,22,middle,24,1.6917452692985535,1.6347754001617432,0.2841580677740491
1290,JG045A,37,BP280_GC70,7,False,B13,10000000.0,SYBR,,STANDARD,,16.577682,22,middle,25,1.995648729801178,1.9356818199157715,0.2585406571757775
1291,JG045A,37,BP280_GC70,7,False,B13,10000000.0,SYBR,,STANDARD,,16.577682,22,middle,26,2.2909098744392393,2.2279458045959473,0.23415162522054692
1292,JG045A,37,BP280_GC70,7,False,B13,10000000.0,SYBR,,STANDARD,,16.577682,22,middle,27,2.557569372653961,2.491608142852783,0.2109909719083572
1293,JG045A,37,BP280_GC70,7,False,B13,10000000.0,SYBR,,STANDARD,,16.577682,22,middle,28,2.798810827732086,2.7298526763916016,0.1890586972392086
1294,JG045A,37,BP280_GC70,7,False,B13,10000000.0,SYBR,,STANDARD,,16.577682,22,middle,29,3.004757511615753,2.932802200317383,0.168354801213101
1295,JG045A,37,BP280_GC70,7,False,B13,10000000.0,SYBR,,STANDARD,,16.577682,22,middle,30,3.166733372211456,3.0917809009552,0.14887928383003451
1296,JG045A,37,BP280_GC70,7,False,B13,10000000.0,SYBR,,STANDARD,,16.577682,22,middle,31,3.3101831555366514,3.232233762741089,0.13063214509000892
1297,JG045A,37,BP280_GC70,7,False,B13,10000000.0,SYBR,,STANDARD,,16.577682,22,middle,32,3.422761309146881,3.3418147563934326,0.11361338499302441
1298,JG045A,37,BP280_GC70,7,False,B13,10000000.0,SYBR,,STANDARD,,16.577682,22,middle,33,3.5173269391059874,3.4333832263946533,0.09782300353908092
1299,JG045A,37,BP280_GC70,7,False,B13,10000000.0,SYBR,,STANDARD,,16.577682,22,middle,34,3.589434731006622,3.5024938583374023,0.08326100072817844
1300,JG045A,37,BP280_GC70,7,False,B13,10000000.0,SYBR,,STANDARD,,16.577682,22,middle,35,3.6391295075416563,3.54919171333313,0.06992737656031699
1301,JG045A,37,BP280_GC70,7,False,B13,10000000.0,SYBR,,STANDARD,,16.577682,22,middle,36,3.687689411640167,3.594754457473755,0.05782213103549656
1302,JG045A,37,BP280_GC70,7,False,B13,10000000.0,SYBR,,STANDARD,,16.577682,22,late,37,3.726604092121124,3.630671977996826,0.04694526415371713
1303,JG045A,37,BP280_GC70,7,False,B13,10000000.0,SYBR,,STANDARD,,16.577682,22,late,38,3.752806770801544,3.6538777351379395,0.03729677591497875
1304,JG045A,37,BP280_GC70,7,False,B13,10000000.0,SYBR,,STANDARD,,16.577682,22,late,39,3.767924654483795,3.6659984588623047,0.02887666631928137
1305,JG045A,37,BP280_GC70,7,False,B13,10000000.0,SYBR,,STANDARD,,16.577682,22,late,40,3.787801373004913,3.682878017425537,0.021684935366625017
1306,JG045A,37,BP280_GC70,7,False,B13,10000000.0,SYBR,,STANDARD,,16.577682,22,late,41,3.8076807141304014,3.6997604370117188,0.015721583057009696
1307,JG045A,37,BP280_GC70,7,False,B13,10000000.0,SYBR,,STANDARD,,16.577682,22,late,42,3.822593319416046,3.7116758823394775,0.010986609390435388
1308,JG045A,37,BP280_GC70,7,False,B13,10000000.0,SYBR,,STANDARD,,16.577682,22,late,43,3.8338624119758604,3.7199478149414062,0.007480014366902102
1309,JG045A,37,BP280_GC70,7,False,B13,10000000.0,SYBR,,STANDARD,,16.577682,22,late,44,3.8543420910835264,3.7374303340911865,0.005201797986409838
1310,JG045A,37,BP280_GC70,7,False,B13,10000000.0,SYBR,,STANDARD,,16.577682,22,late,45,3.86482058763504,3.7449119091033936,0.004151960248958593
1311,JG045A,37,BP280_GC70,7,False,B13,10000000.0,SYBR,,STANDARD,,16.577682,22,late,46,3.876057732105255,3.7531518936157227,0.004330501154548371
1312,JG045A,37,BP280_GC70,7,False,B13,10000000.0,SYBR,,STANDARD,,16.577682,22,late,47,3.8953786969184874,3.7694756984710693,0.005090084069225151
1313,JG045A,37,BP280_GC70,7,False,B13,10000000.0,SYBR,,STANDARD,,16.577682,22,late,48,3.894765484333038,3.7658655643463135,0.005783372359034914
1314,JG045A,37,BP280_GC70,7,False,B13,10000000.0,SYBR,,STANDARD,,16.577682,22,late,49,3.9124122738838194,3.780515193939209,0.006410366023977661
1315,JG045A,37,BP280_GC70,7,False,B13,10000000.0,SYBR,,STANDARD,,16.577682,22,late,50,3.917826759815216,3.7829325199127197,0.006971065064053391
1316,JG045A,37,BP280_GC70,7,False,B13,10000000.0,SYBR,,STANDARD,,16.577682,22,late,51,3.932327854633331,3.794436454772949,0.007465469479262108
1317,JG045A,37,BP280_GC70,7,False,B13,10000000.0,SYBR,,STANDARD,,16.577682,22,late,52,3.9407216191291807,3.799833297729492,0.007893579269603804
1318,JG045A,37,BP280_GC70,7,False,B13,10000000.0,SYBR,,STANDARD,,16.577682,22,late,53,3.9360242962837217,3.7921388149261475,0.008255394435078488
1319,JG045A,37,BP280_GC70,7,False,B13,10000000.0,SYBR,,STANDARD,,16.577682,22,late,54,3.9527236104011534,3.8058409690856934,0.008550914975686153
1320,JG045A,37,BP280_GC70,7,False,B13,10000000.0,SYBR,,STANDARD,,16.577682,22,late,55,3.9732204556465147,3.823340892791748,0.008780140891426803
1321,JG045A,37,BP280_GC70,7,False,B13,10000000.0,SYBR,,STANDARD,,16.577682,22,late,56,3.97951899766922,3.8266422748565674,0.008943072182300435
1322,JG045A,38,BP280_GC70,7,False,B14,10000000.0,SYBR,,STANDARD,,78.68444,23,early,3,-0.00391965508460998,0.36284339427948,0.00428170053789972
1323,JG045A,38,BP280_GC70,7,False,B14,10000000.0,SYBR,,STANDARD,,78.68444,23,early,4,-0.001647734642028803,0.27425047755241394,0.00468906218178156
1324,JG045A,38,BP280_GC70,7,False,B14,10000000.0,SYBR,,STANDARD,,78.68444,23,early,5,-0.00044428706169127863,0.18458907306194305,0.004873664919830296
1325,JG045A,38,BP280_GC70,7,False,B14,10000000.0,SYBR,,STANDARD,,78.68444,23,early,6,0.0013570547103881891,0.09552556276321411,0.0048355087520459295
1326,JG045A,38,BP280_GC70,7,False,B14,10000000.0,SYBR,,STANDARD,,78.68444,23,early,7,0.0046546220779419,0.00795827992260456,0.004574593678428459
1327,JG045A,38,BP280_GC70,7,False,B14,10000000.0,SYBR,,STANDARD,,78.68444,23,early,8,0.007459214329719549,-0.08010197430849075,0.004090919698977887
1328,JG045A,38,BP280_GC70,7,False,B14,10000000.0,SYBR,,STANDARD,,78.68444,23,early,9,0.008791631460189825,-0.1696344017982483,0.003384486813694211
1329,JG045A,38,BP280_GC70,7,False,B14,10000000.0,SYBR,,STANDARD,,78.68444,23,early,10,0.013385570049285894,-0.2559053301811218,0.0024552950225774327
1330,JG045A,38,BP280_GC70,7,False,B14,10000000.0,SYBR,,STANDARD,,78.68444,23,early,11,0.01831108927726746,-0.3418446481227875,0.0013033443256275515
1331,JG045A,38,BP280_GC70,7,False,B14,10000000.0,SYBR,,STANDARD,,78.68444,23,early,12,0.024369975924491888,-0.42665061354637146,-7.13652771554342e-05
1332,JG045A,38,BP280_GC70,7,False,B14,10000000.0,SYBR,,STANDARD,,78.68444,23,early,13,0.03170954287052155,-0.510175883769989,-0.001668833785771522
1333,JG045A,38,BP280_GC70,7,False,B14,10000000.0,SYBR,,STANDARD,,78.68444,23,middle,14,0.04700267910957337,-0.5857475996017456,0.0010715223082589887
1334,JG045A,38,BP280_GC70,7,False,B14,10000000.0,SYBR,,STANDARD,,78.68444,23,middle,15,0.06753764152526856,-0.65607750415802,0.012710286513415802
1335,JG045A,38,BP280_GC70,7,False,B14,10000000.0,SYBR,,STANDARD,,78.68444,23,middle,16,0.09953737854957581,-0.7149426341056824,0.033247458829698914
1336,JG045A,38,BP280_GC70,7,False,B14,10000000.0,SYBR,,STANDARD,,78.68444,23,middle,17,0.1467955768108368,-0.7585492730140686,0.06268303925710833
1337,JG045A,38,BP280_GC70,7,False,B14,10000000.0,SYBR,,STANDARD,,78.68444,23,middle,18,0.2126246750354767,-0.7835850119590759,0.10101702779564403
1338,JG045A,38,BP280_GC70,7,False,B14,10000000.0,SYBR,,STANDARD,,78.68444,23,middle,19,0.31007362008094785,-0.777000904083252,0.14824942444530606
1339,JG045A,38,BP280_GC70,7,False,B14,10000000.0,SYBR,,STANDARD,,78.68444,23,middle,20,0.44095552563667295,-0.7369838356971741,0.19395484925969664
1340,JG045A,38,BP280_GC70,7,False,B14,10000000.0,SYBR,,STANDARD,,78.68444,23,middle,21,0.6150139033794403,-0.6537903547286987,0.22770792229241799
1341,JG045A,38,BP280_GC70,7,False,B14,10000000.0,SYBR,,STANDARD,,78.68444,23,middle,22,0.8308678328990936,-0.5288012623786926,0.24950864354347008
1342,JG045A,38,BP280_GC70,7,False,B14,10000000.0,SYBR,,STANDARD,,78.68444,23,middle,23,1.0838328063488007,-0.3667011260986328,0.2593570130128528
1343,JG045A,38,BP280_GC70,7,False,B14,10000000.0,SYBR,,STANDARD,,78.68444,23,middle,24,1.3576771676540376,-0.1837216168642044,0.2572530307005664
1344,JG045A,38,BP280_GC70,7,False,B14,10000000.0,SYBR,,STANDARD,,78.68444,23,middle,25,1.6457188785076142,0.013455246575176716,0.24851268749628314
1345,JG045A,38,BP280_GC70,7,False,B14,10000000.0,SYBR,,STANDARD,,78.68444,23,middle,26,1.9363350331783296,0.21320654451847076,0.23845197428967535
1346,JG045A,38,BP280_GC70,7,False,B14,10000000.0,SYBR,,STANDARD,,78.68444,23,middle,27,2.2147988736629487,0.4008055329322815,0.22707089108074305
1347,JG045A,38,BP280_GC70,7,False,B14,10000000.0,SYBR,,STANDARD,,78.68444,23,middle,28,2.470407909154892,0.5655497312545776,0.2143694378694862
1348,JG045A,38,BP280_GC70,7,False,B14,10000000.0,SYBR,,STANDARD,,78.68444,23,middle,29,2.7006551682949067,0.7049321532249451,0.2003476146559049
1349,JG045A,38,BP280_GC70,7,False,B14,10000000.0,SYBR,,STANDARD,,78.68444,23,middle,30,2.8995124757289887,0.8129246234893799,0.18500542143999907
1350,JG045A,38,BP280_GC70,7,False,B14,10000000.0,SYBR,,STANDARD,,78.68444,23,middle,31,3.064653581380844,0.8872008323669434,0.16834285822176875
1351,JG045A,38,BP280_GC70,7,False,B14,10000000.0,SYBR,,STANDARD,,78.68444,23,middle,32,3.197585767507553,0.9292681813240051,0.1503599250012139
1352,JG045A,38,BP280_GC70,7,False,B14,10000000.0,SYBR,,STANDARD,,78.68444,23,middle,33,3.309847778081894,0.9506653547286987,0.13105662177833455
1353,JG045A,38,BP280_GC70,7,False,B14,10000000.0,SYBR,,STANDARD,,78.68444,23,middle,34,3.3985843122005464,0.9485370516777039,0.11043294855313067
1354,JG045A,38,BP280_GC70,7,False,B14,10000000.0,SYBR,,STANDARD,,78.68444,23,middle,35,3.4634699285030366,0.9225578308105469,0.0884889053256023
1355,JG045A,38,BP280_GC70,7,False,B14,10000000.0,SYBR,,STANDARD,,78.68444,23,middle,36,3.5141999185085298,0.882422924041748,0.06722246487540025
1356,JG045A,38,BP280_GC70,7,False,B14,10000000.0,SYBR,,STANDARD,,78.68444,23,middle,37,3.561134284734726,0.8384924530982971,0.048631599982175346
1357,JG045A,38,BP280_GC70,7,False,B14,10000000.0,SYBR,,STANDARD,,78.68444,23,middle,38,3.590205854177475,0.7766991853713989,0.032716310645927615
1358,JG045A,38,BP280_GC70,7,False,B14,10000000.0,SYBR,,STANDARD,,78.68444,23,middle,39,3.621248906850815,0.7168774008750916,0.019476596866657023
1359,JG045A,38,BP280_GC70,7,False,B14,10000000.0,SYBR,,STANDARD,,78.68444,23,middle,40,3.6517769753932954,0.65654057264328,0.008912458644363588
1360,JG045A,38,BP280_GC70,7,False,B14,10000000.0,SYBR,,STANDARD,,78.68444,23,late,41,3.661537355184555,0.5754361152648926,0.0010238959790473173
1361,JG045A,38,BP280_GC70,7,False,B14,10000000.0,SYBR,,STANDARD,,78.68444,23,late,42,3.6770038068294526,0.5000377297401428,-0.004189091129291803
1362,JG045A,38,BP280_GC70,7,False,B14,10000000.0,SYBR,,STANDARD,,78.68444,23,late,43,3.6920957028865815,0.4242647886276245,-0.0067265026806537734
1363,JG045A,38,BP280_GC70,7,False,B14,10000000.0,SYBR,,STANDARD,,78.68444,23,late,44,3.6996833741664887,0.34098759293556213,-0.006588338675038586
1364,JG045A,38,BP280_GC70,7,False,B14,10000000.0,SYBR,,STANDARD,,78.68444,23,late,45,3.711593097448349,0.26203247904777527,-0.0037745991124462433
1365,JG045A,38,BP280_GC70,7,False,B14,10000000.0,SYBR,,STANDARD,,78.68444,23,late,46,3.7267639100551606,0.18633843958377838,0.0017147160071232534
1366,JG045A,38,BP280_GC70,7,False,B14,10000000.0,SYBR,,STANDARD,,78.68444,23,late,47,3.7411152780056,0.10982495546340942,0.007939322410581219
1367,JG045A,38,BP280_GC70,7,False,B14,10000000.0,SYBR,,STANDARD,,78.68444,23,late,48,3.75690216422081,0.03474699333310127,0.012958935824838964
1368,JG045A,38,BP280_GC70,7,False,B14,10000000.0,SYBR,,STANDARD,,78.68444,23,late,49,3.768198436498642,-0.04482158273458481,0.016773556249896498
1369,JG045A,38,BP280_GC70,7,False,B14,10000000.0,SYBR,,STANDARD,,78.68444,23,late,50,3.772876447439194,-0.13100841641426086,0.019383183685753817
1370,JG045A,38,BP280_GC70,7,False,B14,10000000.0,SYBR,,STANDARD,,78.68444,23,late,51,3.772433704137802,-0.22231601178646088,0.02078781813241091
1371,JG045A,38,BP280_GC70,7,False,B14,10000000.0,SYBR,,STANDARD,,78.68444,23,late,52,3.7795335710048676,-0.30608099699020386,0.020987459589867793
1372,JG045A,38,BP280_GC70,7,False,B14,10000000.0,SYBR,,STANDARD,,78.68444,23,late,53,3.7906839311122895,-0.3857954740524292,0.019982108058124462
1373,JG045A,38,BP280_GC70,7,False,B14,10000000.0,SYBR,,STANDARD,,78.68444,23,late,54,3.8048490941524507,-0.46249517798423767,0.01777176353718091
1374,JG045A,38,BP280_GC70,7,False,B14,10000000.0,SYBR,,STANDARD,,78.68444,23,late,55,3.8120388448238374,-0.5461702942848206,0.014356426027037145
1375,JG045A,38,BP280_GC70,7,False,B14,10000000.0,SYBR,,STANDARD,,78.68444,23,late,56,3.819984382390976,-0.6290895938873291,0.009736095527693164
1376,JG045A,38,BP280_GC70,7,False,B14,10000000.0,SYBR,,STANDARD,,78.68444,23,late,57,3.835703319311142,-0.7042354941368103,0.00391077203914896
2174,JG045A,61,BP280_GC70,6,False,C13,1000000.0,SYBR,,STANDARD,,21.308525,36,early,3,-0.0027018278837203924,0.0014170431531965733,0.00041703610195507445
2175,JG045A,61,BP280_GC70,6,False,C13,1000000.0,SYBR,,STANDARD,,21.308525,36,early,4,-0.0006394475698471014,0.0016548484563827515,0.002569687826476593
2176,JG045A,61,BP280_GC70,6,False,C13,1000000.0,SYBR,,STANDARD,,21.308525,36,early,5,0.0006263017654419001,0.0010960227809846401,0.004108700201514428
2177,JG045A,61,BP280_GC70,6,False,C13,1000000.0,SYBR,,STANDARD,,21.308525,36,early,6,0.0010223895311355646,-0.0003324644058011472,0.005034073227068581
2178,JG045A,61,BP280_GC70,6,False,C13,1000000.0,SYBR,,STANDARD,,21.308525,36,early,7,0.0016925841569900568,-0.001486844732426107,0.005345806903139048
2179,JG045A,61,BP280_GC70,6,False,C13,1000000.0,SYBR,,STANDARD,,21.308525,36,early,8,0.004138103127479559,-0.0008659007726237178,0.005043901229725833
2180,JG045A,61,BP280_GC70,6,False,C13,1000000.0,SYBR,,STANDARD,,21.308525,36,early,9,0.005499920248985296,-0.0013286585453897715,0.004128356206828934
2181,JG045A,61,BP280_GC70,6,False,C13,1000000.0,SYBR,,STANDARD,,21.308525,36,early,10,0.006623438000679022,-0.0020297158043831587,0.0025991718344483524
2182,JG045A,61,BP280_GC70,6,False,C13,1000000.0,SYBR,,STANDARD,,21.308525,36,early,11,0.00872399508953095,-0.0017537337262183428,0.0004563481125840851
2183,JG045A,61,BP280_GC70,6,False,C13,1000000.0,SYBR,,STANDARD,,21.308525,36,early,12,0.012191316485404974,-0.00011098729009972885,-0.0023001149587638645
2184,JG045A,61,BP280_GC70,6,False,C13,1000000.0,SYBR,,STANDARD,,21.308525,36,early,13,0.014162024855613714,3.514610943966545e-05,-0.005670217379595498
2185,JG045A,61,BP280_GC70,6,False,C13,1000000.0,SYBR,,STANDARD,,21.308525,36,early,14,0.016129752993583685,0.00017829927674029022,-0.0075392644605071085
2186,JG045A,61,BP280_GC70,6,False,C13,1000000.0,SYBR,,STANDARD,,21.308525,36,early,15,0.02130297422409058,0.003526945598423481,-0.005792561512094978
2187,JG045A,61,BP280_GC70,6,False,C13,1000000.0,SYBR,,STANDARD,,21.308525,36,early,16,0.02906376719474793,0.00946316309273243,-0.0004301085343591175
2188,JG045A,61,BP280_GC70,6,False,C13,1000000.0,SYBR,,STANDARD,,21.308525,36,early,17,0.037276497483253485,0.015851318836212158,0.00854809447270048
2189,JG045A,61,BP280_GC70,6,False,C13,1000000.0,SYBR,,STANDARD,,21.308525,36,middle,18,0.05091295242309571,0.027663199231028557,0.021142047509083817
2190,JG045A,61,BP280_GC70,6,False,C13,1000000.0,SYBR,,STANDARD,,21.308525,36,middle,19,0.07230763733386994,0.04723330959677696,0.03735175057479087
2191,JG045A,61,BP280_GC70,6,False,C13,1000000.0,SYBR,,STANDARD,,21.308525,36,middle,20,0.10254961848258973,0.07565071433782578,0.05717720366982168
2192,JG045A,61,BP280_GC70,6,False,C13,1000000.0,SYBR,,STANDARD,,21.308525,36,middle,21,0.15045703053474427,0.12173355370759964,0.08061840679417623
2193,JG045A,61,BP280_GC70,6,False,C13,1000000.0,SYBR,,STANDARD,,21.308525,36,middle,22,0.22277591228485108,0.19222785532474518,0.1076753599478545
2194,JG045A,61,BP280_GC70,6,False,C13,1000000.0,SYBR,,STANDARD,,21.308525,36,middle,23,0.32415801882743833,0.2917853891849518,0.1383480631308565
2195,JG045A,61,BP280_GC70,6,False,C13,1000000.0,SYBR,,STANDARD,,21.308525,36,middle,24,0.4645341396331787,0.43033692240715027,0.17263651634318225
2196,JG045A,61,BP280_GC70,6,False,C13,1000000.0,SYBR,,STANDARD,,21.308525,36,middle,25,0.6475959777832031,0.6115741729736328,0.20554516343291998
2197,JG045A,61,BP280_GC70,6,False,C13,1000000.0,SYBR,,STANDARD,,21.308525,36,middle,26,0.8764997482299804,0.8386533856391907,0.23207844824815793
2198,JG045A,61,BP280_GC70,6,False,C13,1000000.0,SYBR,,STANDARD,,21.308525,36,middle,27,1.1458668470382691,1.1061959266662598,0.25223637078889616
2199,JG045A,61,BP280_GC70,6,False,C13,1000000.0,SYBR,,STANDARD,,21.308525,36,middle,28,1.4432865142822267,1.401790976524353,0.2660189310551346
2200,JG045A,61,BP280_GC70,6,False,C13,1000000.0,SYBR,,STANDARD,,21.308525,36,middle,29,1.7522500514984132,1.7089300155639648,0.2734261290468732
2201,JG045A,61,BP280_GC70,6,False,C13,1000000.0,SYBR,,STANDARD,,21.308525,36,middle,30,2.058331346511841,2.0131866931915283,0.27445796476411205
2202,JG045A,61,BP280_GC70,6,False,C13,1000000.0,SYBR,,STANDARD,,21.308525,36,middle,31,2.3504589557647706,2.3034896850585938,0.2691144382068512
2203,JG045A,61,BP280_GC70,6,False,C13,1000000.0,SYBR,,STANDARD,,21.308525,36,middle,32,2.6247220993041993,2.575928211212158,0.2573955493750905
2204,JG045A,61,BP280_GC70,6,False,C13,1000000.0,SYBR,,STANDARD,,21.308525,36,middle,33,2.8618296146392823,2.811211347579956,0.23930129826883018
2205,JG045A,61,BP280_GC70,6,False,C13,1000000.0,SYBR,,STANDARD,,21.308525,36,middle,34,3.063275909423828,3.0108330249786377,0.21483168488806997
2206,JG045A,61,BP280_GC70,6,False,C13,1000000.0,SYBR,,STANDARD,,21.308525,36,middle,35,3.237418270111084,3.1831507682800293,0.18398670923281
2207,JG045A,61,BP280_GC70,6,False,C13,1000000.0,SYBR,,STANDARD,,21.308525,36,middle,36,3.3772901058197022,3.321197986602783,0.15154568549391637
2208,JG045A,61,BP280_GC70,6,False,C13,1000000.0,SYBR,,STANDARD,,21.308525,36,middle,37,3.4886449337005616,3.4307281970977783,0.12228792786225516
2209,JG045A,61,BP280_GC70,6,False,C13,1000000.0,SYBR,,STANDARD,,21.308525,36,middle,38,3.584851360321045,3.5251100063323975,0.09621343633782635
2210,JG045A,61,BP280_GC70,6,False,C13,1000000.0,SYBR,,STANDARD,,21.308525,36,middle,39,3.649609422683716,3.588043689727783,0.07332221092062995
2211,JG045A,61,BP280_GC70,6,False,C13,1000000.0,SYBR,,STANDARD,,21.308525,36,middle,40,3.7026833057403565,3.6392929553985596,0.05361425161066596
2212,JG045A,61,BP280_GC70,6,False,C13,1000000.0,SYBR,,STANDARD,,21.308525,36,middle,41,3.7367754936218263,3.671560525894165,0.03708955840793442
2213,JG045A,61,BP280_GC70,6,False,C13,1000000.0,SYBR,,STANDARD,,21.308525,36,middle,42,3.7694111824035645,3.702371597290039,0.023748131312435264
2214,JG045A,61,BP280_GC70,6,False,C13,1000000.0,SYBR,,STANDARD,,21.308525,36,middle,43,3.7987154483795167,3.729851245880127,0.013589970324168534
2215,JG045A,61,BP280_GC70,6,False,C13,1000000.0,SYBR,,STANDARD,,21.308525,36,late,44,3.822968339920044,3.75227952003479,0.006615075443134221
2216,JG045A,61,BP280_GC70,6,False,C13,1000000.0,SYBR,,STANDARD,,21.308525,36,late,45,3.8465105056762696,3.7739973068237305,0.0028234466693323208
2217,JG045A,61,BP280_GC70,6,False,C13,1000000.0,SYBR,,STANDARD,,21.308525,36,late,46,3.8575154304504395,3.783177614212036,0.0022150840027628355
2218,JG045A,61,BP280_GC70,6,False,C13,1000000.0,SYBR,,STANDARD,,21.308525,36,late,47,3.8670955657958985,3.790933132171631,0.003179180080779313
2219,JG045A,61,BP280_GC70,6,False,C13,1000000.0,SYBR,,STANDARD,,21.308525,36,late,48,3.880301570892334,3.802314519882202,0.0041049275407353016
2220,JG045A,61,BP280_GC70,6,False,C13,1000000.0,SYBR,,STANDARD,,21.308525,36,late,49,3.8958855628967286,3.8160738945007324,0.004992326382630801
2221,JG045A,61,BP280_GC70,6,False,C13,1000000.0,SYBR,,STANDARD,,21.308525,36,late,50,3.908607578277588,3.8269715309143066,0.005841376606465809
2222,JG045A,61,BP280_GC70,6,False,C13,1000000.0,SYBR,,STANDARD,,21.308525,36,late,51,3.9225955963134767,3.839134931564331,0.00665207821224033
2223,JG045A,61,BP280_GC70,6,False,C13,1000000.0,SYBR,,STANDARD,,21.308525,36,late,52,3.9336453437805177,3.848360061645508,0.0074244311999543625
2224,JG045A,61,BP280_GC70,6,False,C13,1000000.0,SYBR,,STANDARD,,21.308525,36,late,53,3.937768077850342,3.8506581783294678,0.008158435569607905
2225,JG045A,61,BP280_GC70,6,False,C13,1000000.0,SYBR,,STANDARD,,21.308525,36,late,54,3.9473572731018067,3.8584227561950684,0.00885409132120096
2226,JG045A,61,BP280_GC70,6,False,C13,1000000.0,SYBR,,STANDARD,,21.308525,36,late,55,3.9568730354309083,3.8661139011383057,0.009511398454733522
2227,JG045A,61,BP280_GC70,6,False,C13,1000000.0,SYBR,,STANDARD,,21.308525,36,late,56,3.963422393798828,3.8708388805389404,0.010130356970205598
2228,JG045A,61,BP280_GC70,6,False,C13,1000000.0,SYBR,,STANDARD,,21.308525,36,late,57,3.969295120239258,3.874886989593506,0.010710966867617184
2229,JG045A,61,BP280_GC70,6,False,C13,1000000.0,SYBR,,STANDARD,,21.308525,36,late,58,3.9863697052001954,3.890136957168579,0.011253228146968278
2230,JG045A,61,BP280_GC70,6,False,C13,1000000.0,SYBR,,STANDARD,,21.308525,36,late,59,3.997902488708496,3.8998451232910156,0.011757140808258886
2238,JG045A,62,BP280_GC70,6,False,C14,1000000.0,SYBR,,STANDARD,,77.832115,37,early,3,-0.0021903604269027654,0.6813667416572571,-0.004017520178592001
2239,JG045A,62,BP280_GC70,6,False,C14,1000000.0,SYBR,,STANDARD,,77.832115,37,early,4,-0.0005451083183288519,0.5919749140739441,0.0016056030692229977
2240,JG045A,62,BP280_GC70,6,False,C14,1000000.0,SYBR,,STANDARD,,77.832115,37,early,5,-2.6711821556085757e-05,0.5014563202857971,0.005892290949682739
2241,JG045A,62,BP280_GC70,6,False,C14,1000000.0,SYBR,,STANDARD,,77.832115,37,early,6,0.0003923982381820734,0.41083836555480957,0.008842543462787225
2242,JG045A,62,BP280_GC70,6,False,C14,1000000.0,SYBR,,STANDARD,,77.832115,37,early,7,0.0023697823286056574,0.32177871465682983,0.010456360608536448
2243,JG045A,62,BP280_GC70,6,False,C14,1000000.0,SYBR,,STANDARD,,77.832115,37,early,8,0.004392778873443609,0.23276467621326447,0.010733742386930416
2244,JG045A,62,BP280_GC70,6,False,C14,1000000.0,SYBR,,STANDARD,,77.832115,37,early,9,0.005854403972625738,0.14318926632404327,0.009674688797969124
2245,JG045A,62,BP280_GC70,6,False,C14,1000000.0,SYBR,,STANDARD,,77.832115,37,early,10,0.0069570899009704645,0.05325490981340408,0.007279199841652576
2246,JG045A,62,BP280_GC70,6,False,C14,1000000.0,SYBR,,STANDARD,,77.832115,37,early,11,0.009619018435478216,-0.035120200365781784,0.0035472755179807632
2247,JG045A,62,BP280_GC70,6,False,C14,1000000.0,SYBR,,STANDARD,,77.832115,37,early,12,0.0115736335515976,-0.12420262396335602,-0.0015210841730463058
2248,JG045A,62,BP280_GC70,6,False,C14,1000000.0,SYBR,,STANDARD,,77.832115,37,early,13,0.013130283355712896,-0.21368300914764404,-0.007925879231428632
2249,JG045A,62,BP280_GC70,6,False,C14,1000000.0,SYBR,,STANDARD,,77.832115,37,early,14,0.01604419052600861,-0.30180615186691284,-0.013053249055591942
2250,JG045A,62,BP280_GC70,6,False,C14,1000000.0,SYBR,,STANDARD,,77.832115,37,early,15,0.020819476246833807,-0.38806790113449097,-0.014289333043961934
2251,JG045A,62,BP280_GC70,6,False,C14,1000000.0,SYBR,,STANDARD,,77.832115,37,early,16,0.026545932888984686,-0.4733784794807434,-0.011634131196538626
2252,JG045A,62,BP280_GC70,6,False,C14,1000000.0,SYBR,,STANDARD,,77.832115,37,early,17,0.0328242838382721,-0.5581371784210205,-0.005087643513322012
2253,JG045A,62,BP280_GC70,6,False,C14,1000000.0,SYBR,,STANDARD,,77.832115,37,early,18,0.04122022390365601,-0.6407782435417175,0.005350130005687913
2254,JG045A,62,BP280_GC70,6,False,C14,1000000.0,SYBR,,STANDARD,,77.832115,37,middle,19,0.057528859376907354,-0.7155066728591919,0.01967918936049114
2255,JG045A,62,BP280_GC70,6,False,C14,1000000.0,SYBR,,STANDARD,,77.832115,37,middle,20,0.07974435985088349,-0.7843282222747803,0.037899534551087674
2256,JG045A,62,BP280_GC70,6,False,C14,1000000.0,SYBR,,STANDARD,,77.832115,37,middle,21,0.11166760921478272,-0.8434419631958008,0.06001116557747753
2257,JG045A,62,BP280_GC70,6,False,C14,1000000.0,SYBR,,STANDARD,,77.832115,37,middle,22,0.1618952512741089,-0.8842513561248779,0.08601408243966067
2258,JG045A,62,BP280_GC70,6,False,C14,1000000.0,SYBR,,STANDARD,,77.832115,37,middle,23,0.23559499382972718,-0.9015886783599854,0.11590828513763712
2259,JG045A,62,BP280_GC70,6,False,C14,1000000.0,SYBR,,STANDARD,,77.832115,37,middle,24,0.34053207039833067,-0.8876886367797852,0.1496937736714069
2260,JG045A,62,BP280_GC70,6,False,C14,1000000.0,SYBR,,STANDARD,,77.832115,37,middle,25,0.481443053483963,-0.8378146886825562,0.1828076173561579
2261,JG045A,62,BP280_GC70,6,False,C14,1000000.0,SYBR,,STANDARD,,77.832115,37,middle,26,0.6654228627681732,-0.7448719143867493,0.21068688550707812
2262,JG045A,62,BP280_GC70,6,False,C14,1000000.0,SYBR,,STANDARD,,77.832115,37,middle,27,0.8926829755306244,-0.6086488366127014,0.23333157812416763
2263,JG045A,62,BP280_GC70,6,False,C14,1000000.0,SYBR,,STANDARD,,77.832115,37,middle,28,1.1577921569347382,-0.43457669019699097,0.2507416952074263
2264,JG045A,62,BP280_GC70,6,False,C14,1000000.0,SYBR,,STANDARD,,77.832115,37,middle,29,1.4453473746776582,-0.23805850744247437,0.26291723675685413
2265,JG045A,62,BP280_GC70,6,False,C14,1000000.0,SYBR,,STANDARD,,77.832115,37,middle,30,1.7471343934535981,-0.02730853296816349,0.2698582027724513
2266,JG045A,62,BP280_GC70,6,False,C14,1000000.0,SYBR,,STANDARD,,77.832115,37,middle,31,2.0430197179317475,0.17753975093364716,0.27023951969352966
2267,JG045A,62,BP280_GC70,6,False,C14,1000000.0,SYBR,,STANDARD,,77.832115,37,middle,32,2.324535793066025,0.3680188059806824,0.2627361139594014
2268,JG045A,62,BP280_GC70,6,False,C14,1000000.0,SYBR,,STANDARD,,77.832115,37,middle,33,2.5847320020198823,0.5371779799461365,0.24734798557006632
2269,JG045A,62,BP280_GC70,6,False,C14,1000000.0,SYBR,,STANDARD,,77.832115,37,middle,34,2.812279409170151,0.6736883521080017,0.22407513452552447
2270,JG045A,62,BP280_GC70,6,False,C14,1000000.0,SYBR,,STANDARD,,77.832115,37,middle,35,3.0151917397975923,0.7855636477470398,0.19291756082577596
2271,JG045A,62,BP280_GC70,6,False,C14,1000000.0,SYBR,,STANDARD,,77.832115,37,middle,36,3.1698107182979585,0.8491455912590027,0.1595386628953792
2272,JG045A,62,BP280_GC70,6,False,C14,1000000.0,SYBR,,STANDARD,,77.832115,37,middle,37,3.297145789861679,0.8854436278343201,0.12960183915889284
2273,JG045A,62,BP280_GC70,6,False,C14,1000000.0,SYBR,,STANDARD,,77.832115,37,middle,38,3.404672569036484,0.9019333720207214,0.10310708961631677
2274,JG045A,62,BP280_GC70,6,False,C14,1000000.0,SYBR,,STANDARD,,77.832115,37,middle,39,3.4893505036830903,0.8955742716789246,0.08005441426765106
2275,JG045A,62,BP280_GC70,6,False,C14,1000000.0,SYBR,,STANDARD,,77.832115,37,middle,40,3.5560907781124116,0.8712774515151978,0.06044381311289567
2276,JG045A,62,BP280_GC70,6,False,C14,1000000.0,SYBR,,STANDARD,,77.832115,37,middle,41,3.612167066335678,0.836316704750061,0.04427528615205061
2277,JG045A,62,BP280_GC70,6,False,C14,1000000.0,SYBR,,STANDARD,,77.832115,37,middle,42,3.654895490407944,0.7880080938339233,0.03154883338511588
2278,JG045A,62,BP280_GC70,6,False,C14,1000000.0,SYBR,,STANDARD,,77.832115,37,middle,43,3.6874429643154145,0.7295185327529907,0.02226445481209148
2279,JG045A,62,BP280_GC70,6,False,C14,1000000.0,SYBR,,STANDARD,,77.832115,37,middle,44,3.709531491994858,0.6605700254440308,0.016422150432977418
2280,JG045A,62,BP280_GC70,6,False,C14,1000000.0,SYBR,,STANDARD,,77.832115,37,late,45,3.7340945661067964,0.5940960645675659,0.014021920247773684
2281,JG045A,62,BP280_GC70,6,False,C14,1000000.0,SYBR,,STANDARD,,77.832115,37,late,46,3.749787276983261,0.5187517404556274,0.015063764256480278
2282,JG045A,62,BP280_GC70,6,False,C14,1000000.0,SYBR,,STANDARD,,77.832115,37,late,47,3.762582725286484,0.4405101537704468,0.017418491618543336
2283,JG045A,62,BP280_GC70,6,False,C14,1000000.0,SYBR,,STANDARD,,77.832115,37,late,48,3.7758740842342378,0.36276447772979736,0.01895691149340896
2284,JG045A,62,BP280_GC70,6,False,C14,1000000.0,SYBR,,STANDARD,,77.832115,37,late,49,3.7956818997859956,0.29153525829315186,0.019679023881077173
2285,JG045A,62,BP280_GC70,6,False,C14,1000000.0,SYBR,,STANDARD,,77.832115,37,late,50,3.8046843469142915,0.20950067043304443,0.019584828781547967
2286,JG045A,62,BP280_GC70,6,False,C14,1000000.0,SYBR,,STANDARD,,77.832115,37,late,51,3.8119072377681733,0.12568652629852295,0.018674326194821338
2287,JG045A,62,BP280_GC70,6,False,C14,1000000.0,SYBR,,STANDARD,,77.832115,37,late,52,3.8254110276699067,0.04815328121185303,0.016947516120897288
2288,JG045A,62,BP280_GC70,6,False,C14,1000000.0,SYBR,,STANDARD,,77.832115,37,late,53,3.841108983755112,-0.027185799553990364,0.014404398559775817
2289,JG045A,62,BP280_GC70,6,False,C14,1000000.0,SYBR,,STANDARD,,77.832115,37,late,54,3.83935803771019,-0.11997378617525101,0.011044973511456923
2290,JG045A,62,BP280_GC70,6,False,C14,1000000.0,SYBR,,STANDARD,,77.832115,37,late,55,3.8554515302181245,-0.19491732120513916,0.006869240975940615
2291,JG045A,62,BP280_GC70,6,False,C14,1000000.0,SYBR,,STANDARD,,77.832115,37,late,56,3.8667597234249116,-0.27464616298675537,0.0018772009532268823
2292,JG045A,62,BP280_GC70,6,False,C14,1000000.0,SYBR,,STANDARD,,77.832115,37,late,57,3.869458144903183,-0.3629847764968872,-0.003931146556684273
2293,JG045A,62,BP280_GC70,6,False,C14,1000000.0,SYBR,,STANDARD,,77.832115,37,late,58,3.876054233312607,-0.4474257230758667,-0.00854839927949373
2294,JG045A,62,BP280_GC70,6,False,C14,1000000.0,SYBR,,STANDARD,,77.832115,37,late,59,3.8880166471004487,-0.5265003442764282,-0.009967154940902367
3097,JG045A,85,BP280_GC70,5,False,D13,100000.0,SYBR,,STANDARD,,26.019442,50,early,3,-0.0034257560968398992,0.000749669037759304,0.019394918975829633
3098,JG045A,85,BP280_GC70,5,False,D13,100000.0,SYBR,,STANDARD,,26.019442,50,early,4,-0.000692495703697199,0.001749950461089611,0.013861020122807299
3099,JG045A,85,BP280_GC70,5,False,D13,100000.0,SYBR,,STANDARD,,26.019442,50,early,5,0.0008273929357528742,0.001536860247142613,0.008961761504728976
3100,JG045A,85,BP280_GC70,5,False,D13,100000.0,SYBR,,STANDARD,,26.019442,50,early,6,0.001228159666061407,0.00020464800763875246,0.0046971431215946605
3101,JG045A,85,BP280_GC70,5,False,D13,100000.0,SYBR,,STANDARD,,26.019442,50,early,7,0.002062699198722845,-0.0006937913713045418,0.0010671649734043582
3102,JG045A,85,BP280_GC70,5,False,D13,100000.0,SYBR,,STANDARD,,26.019442,50,early,8,0.004653668403625494,0.00016419887833762914,-0.0019281729398419314
3103,JG045A,85,BP280_GC70,5,False,D13,100000.0,SYBR,,STANDARD,,26.019442,50,early,9,0.005639335513114935,-0.0005831129383295774,-0.004288870618144214
3104,JG045A,85,BP280_GC70,5,False,D13,100000.0,SYBR,,STANDARD,,26.019442,50,early,10,0.008132374286651617,0.00017694689449854195,-0.006014928061502484
3105,JG045A,85,BP280_GC70,5,False,D13,100000.0,SYBR,,STANDARD,,26.019442,50,early,11,0.008957883715629583,-0.0007305226172320545,-0.007106345269916746
3106,JG045A,85,BP280_GC70,5,False,D13,100000.0,SYBR,,STANDARD,,26.019442,50,early,12,0.010460069775581365,-0.0009613154688850045,-0.007563122243386998
3107,JG045A,85,BP280_GC70,5,False,D13,100000.0,SYBR,,STANDARD,,26.019442,50,early,13,0.01148002445697785,-0.0016743397573009133,-0.0073852589819132335
3108,JG045A,85,BP280_GC70,5,False,D13,100000.0,SYBR,,STANDARD,,26.019442,50,early,14,0.012106424570083624,-0.0027809184975922108,-0.006572755485495466
3109,JG045A,85,BP280_GC70,5,False,D13,100000.0,SYBR,,STANDARD,,26.019442,50,early,15,0.015669158101081854,-0.0009511639946140349,-0.005125611754133682
3110,JG045A,85,BP280_GC70,5,False,D13,100000.0,SYBR,,STANDARD,,26.019442,50,early,16,0.01794990003108979,-0.0004034009762108326,-0.0030438277878278917
3111,JG045A,85,BP280_GC70,5,False,D13,100000.0,SYBR,,STANDARD,,26.019442,50,early,17,0.018331310153007513,-0.0017549698241055012,-0.00032740358657808806
3112,JG045A,85,BP280_GC70,5,False,D13,100000.0,SYBR,,STANDARD,,26.019442,50,early,18,0.020268833637237554,-0.001550425193272531,0.003023660849615722
3113,JG045A,85,BP280_GC70,5,False,D13,100000.0,SYBR,,STANDARD,,26.019442,50,early,19,0.025990656018257147,0.0024384181015193462,0.007009365520753539
3114,JG045A,85,BP280_GC70,5,False,D13,100000.0,SYBR,,STANDARD,,26.019442,50,early,20,0.0303484857082367,0.005063268821686506,0.011629710426835376
3115,JG045A,85,BP280_GC70,5,False,D13,100000.0,SYBR,,STANDARD,,26.019442,50,early,21,0.03667709827423096,0.009658902883529663,0.016884695567861225
3116,JG045A,85,BP280_GC70,5,False,D13,100000.0,SYBR,,STANDARD,,26.019442,50,early,22,0.04673652946949006,0.017985355108976364,0.02277432094383107
3117,JG045A,85,BP280_GC70,5,False,D13,100000.0,SYBR,,STANDARD,,26.019442,50,early,23,0.06088527143001557,0.030401118099689484,0.02929858655474495
3118,JG045A,85,BP280_GC70,5,False,D13,100000.0,SYBR,,STANDARD,,26.019442,50,middle,24,0.08602502048015595,0.05380788818001747,0.036457492400602816
3119,JG045A,85,BP280_GC70,5,False,D13,100000.0,SYBR,,STANDARD,,26.019442,50,middle,25,0.12091990411281586,0.08696979284286499,0.048069691319414964
3120,JG045A,85,BP280_GC70,5,False,D13,100000.0,SYBR,,STANDARD,,26.019442,50,middle,26,0.17413442432880402,0.13845133781433105,0.06795383614919168
3121,JG045A,85,BP280_GC70,5,False,D13,100000.0,SYBR,,STANDARD,,26.019442,50,middle,27,0.25550191700458524,0.21808584034442902,0.09610992688993293
3122,JG045A,85,BP280_GC70,5,False,D13,100000.0,SYBR,,STANDARD,,26.019442,50,middle,28,0.36340864598751066,0.32425960898399353,0.13253796354163874
3123,JG045A,85,BP280_GC70,5,False,D13,100000.0,SYBR,,STANDARD,,26.019442,50,middle,29,0.51417495906353,0.47329291701316833,0.17723794610430907
3124,JG045A,85,BP280_GC70,5,False,D13,100000.0,SYBR,,STANDARD,,26.019442,50,middle,30,0.7133522242307663,0.6707372069358826,0.230209874577944
3125,JG045A,85,BP280_GC70,5,False,D13,100000.0,SYBR,,STANDARD,,26.019442,50,middle,31,0.9575469106435776,0.9131989479064941,0.27794396210966127
3126,JG045A,85,BP280_GC70,5,False,D13,100000.0,SYBR,,STANDARD,,26.019442,50,middle,32,1.2382694095373155,1.1921885013580322,0.3069304218465786
3127,JG045A,85,BP280_GC70,5,False,D13,100000.0,SYBR,,STANDARD,,26.019442,50,middle,33,1.5432837814092637,1.4954698085784912,0.317169253788696
3128,JG045A,85,BP280_GC70,5,False,D13,100000.0,SYBR,,STANDARD,,26.019442,50,middle,34,1.8595209926366807,1.8099740743637085,0.30866045793601343
3129,JG045A,85,BP280_GC70,5,False,D13,100000.0,SYBR,,STANDARD,,26.019442,50,middle,35,2.167589983344078,2.1163101196289062,0.28140403428853095
3130,JG045A,85,BP280_GC70,5,False,D13,100000.0,SYBR,,STANDARD,,26.019442,50,middle,36,2.4576533645391465,2.4046404361724854,0.2461725122507429
3131,JG045A,85,BP280_GC70,5,False,D13,100000.0,SYBR,,STANDARD,,26.019442,50,middle,37,2.721631607413292,2.6668858528137207,0.21373842122714348
3132,JG045A,85,BP280_GC70,5,False,D13,100000.0,SYBR,,STANDARD,,26.019442,50,middle,38,2.9539087623357774,2.897429943084717,0.1841017612177327
3133,JG045A,85,BP280_GC70,5,False,D13,100000.0,SYBR,,STANDARD,,26.019442,50,middle,39,3.1401911586523057,3.081979274749756,0.15726253222251058
3134,JG045A,85,BP280_GC70,5,False,D13,100000.0,SYBR,,STANDARD,,26.019442,50,middle,40,3.303606590628624,3.243661880493164,0.13322073424147715
3135,JG045A,85,BP280_GC70,5,False,D13,100000.0,SYBR,,STANDARD,,26.019442,50,middle,41,3.4304860442876817,3.3688082695007324,0.1119763672746324
3136,JG045A,85,BP280_GC70,5,False,D13,100000.0,SYBR,,STANDARD,,26.019442,50,middle,42,3.530551275610924,3.4671404361724854,0.09352943132197628
3137,JG045A,85,BP280_GC70,5,False,D13,100000.0,SYBR,,STANDARD,,26.019442,50,middle,43,3.6057580322027207,3.540614366531372,0.07787992638350881
3138,JG045A,85,BP280_GC70,5,False,D13,100000.0,SYBR,,STANDARD,,26.019442,50,middle,44,3.6607085078954698,3.593831777572632,0.06502785245923003
3139,JG045A,85,BP280_GC70,5,False,D13,100000.0,SYBR,,STANDARD,,26.019442,50,middle,45,3.7144425719976426,3.6458327770233154,0.05497320954913989
3140,JG045A,85,BP280_GC70,5,False,D13,100000.0,SYBR,,STANDARD,,26.019442,50,late,46,3.739061912894249,3.6687192916870117,0.0477159976532384
3141,JG045A,85,BP280_GC70,5,False,D13,100000.0,SYBR,,STANDARD,,26.019442,50,late,47,3.7723816245794297,3.700305938720703,0.04203284926930637
3142,JG045A,85,BP280_GC70,5,False,D13,100000.0,SYBR,,STANDARD,,26.019442,50,late,48,3.8129793018102647,3.739170789718628,0.036700396895124617
3143,JG045A,85,BP280_GC70,5,False,D13,100000.0,SYBR,,STANDARD,,26.019442,50,late,49,3.827285847067833,3.751744270324707,0.03171864053069312
3144,JG045A,85,BP280_GC70,5,False,D13,100000.0,SYBR,,STANDARD,,26.019442,50,late,50,3.8400102466344834,3.762735605239868,0.027087580176011875
3145,JG045A,85,BP280_GC70,5,False,D13,100000.0,SYBR,,STANDARD,,26.019442,50,late,51,3.8517270892858506,3.772719621658325,0.022807215831080894
3146,JG045A,85,BP280_GC70,5,False,D13,100000.0,SYBR,,STANDARD,,26.019442,50,late,52,3.8600908130407334,3.7793502807617188,0.01887754749590017
3147,JG045A,85,BP280_GC70,5,False,D13,100000.0,SYBR,,STANDARD,,26.019442,50,late,53,3.8786168903112412,3.7961432933807373,0.015298575170469715
3148,JG045A,85,BP280_GC70,5,False,D13,100000.0,SYBR,,STANDARD,,26.019442,50,late,54,3.899950584769249,3.815744161605835,0.012070298854789507
3149,JG045A,85,BP280_GC70,5,False,D13,100000.0,SYBR,,STANDARD,,26.019442,50,late,55,3.902915558218956,3.8169760704040527,0.00919271854885957
3150,JG045A,85,BP280_GC70,5,False,D13,100000.0,SYBR,,STANDARD,,26.019442,50,late,56,3.911617359519005,3.8239448070526123,0.00666583425267988
3151,JG045A,85,BP280_GC70,5,False,D13,100000.0,SYBR,,STANDARD,,26.019442,50,late,57,3.917852959036827,3.8284475803375244,0.0044896459662504586
3152,JG045A,85,BP280_GC70,5,False,D13,100000.0,SYBR,,STANDARD,,26.019442,50,late,58,3.9275399059057237,3.8364014625549316,0.002664153689571297
3153,JG045A,85,BP280_GC70,5,False,D13,100000.0,SYBR,,STANDARD,,26.019442,50,late,59,3.9408727496862412,3.84800124168396,0.001189357422642392
3168,JG045A,86,BP280_GC70,5,False,D14,100000.0,SYBR,,STANDARD,,27.219093,51,early,3,-0.001817664504051214,0.0024522205349057913,0.01467837855349111
3169,JG045A,86,BP280_GC70,5,False,D14,100000.0,SYBR,,STANDARD,,27.219093,51,early,4,-0.001368811726570135,0.0011899112723767757,0.01073615941753483
3170,JG045A,86,BP280_GC70,5,False,D14,100000.0,SYBR,,STANDARD,,27.219093,51,early,5,-0.0010112732648849543,-0.00016371226229239255,0.007230889675135262
3171,JG045A,86,BP280_GC70,5,False,D14,100000.0,SYBR,,STANDARD,,27.219093,51,early,6,0.001191148161888117,0.0003275471390224993,0.004162569326292393
3172,JG045A,86,BP280_GC70,5,False,D14,100000.0,SYBR,,STANDARD,,27.219093,51,early,7,0.0030066013336181585,0.0004318382707424462,0.001531198371006234
3173,JG045A,86,BP280_GC70,5,False,D14,100000.0,SYBR,,STANDARD,,27.219093,51,early,8,0.005039715766906733,0.0007537906640209258,-0.0006632231907232183
3174,JG045A,86,BP280_GC70,5,False,D14,100000.0,SYBR,,STANDARD,,27.219093,51,early,9,0.006592506170272822,0.00059541902737692,-0.002420695358895965
3175,JG045A,86,BP280_GC70,5,False,D14,100000.0,SYBR,,STANDARD,,27.219093,51,early,10,0.0072159707546234075,-0.0004922784282825887,-0.0037412181335120054
3176,JG045A,86,BP280_GC70,5,False,D14,100000.0,SYBR,,STANDARD,,27.219093,51,early,11,0.007385024428367609,-0.0020343868527561426,-0.004624791514571342
3177,JG045A,86,BP280_GC70,5,False,D14,100000.0,SYBR,,STANDARD,,27.219093,51,early,12,0.009154328703880305,-0.001976244617253542,-0.0050714155020739685
3178,JG045A,86,BP280_GC70,5,False,D14,100000.0,SYBR,,STANDARD,,27.219093,51,early,13,0.010262185335159296,-0.002579550025984645,-0.005081090096019888
3179,JG045A,86,BP280_GC70,5,False,D14,100000.0,SYBR,,STANDARD,,27.219093,51,early,14,0.012458094954490656,-0.0020948024466633797,-0.004653815296409107
3180,JG045A,86,BP280_GC70,5,False,D14,100000.0,SYBR,,STANDARD,,27.219093,51,early,15,0.015586698055267328,-0.000677361327689141,-0.003789591103241613
3181,JG045A,86,BP280_GC70,5,False,D14,100000.0,SYBR,,STANDARD,,27.219093,51,early,16,0.016844013333320612,-0.001131208031438291,-0.002488417516517419
3182,JG045A,86,BP280_GC70,5,False,D14,100000.0,SYBR,,STANDARD,,27.219093,51,early,17,0.01898933351039886,-0.0006970498943701386,-0.0007502945362365129
3183,JG045A,86,BP280_GC70,5,False,D14,100000.0,SYBR,,STANDARD,,27.219093,51,early,18,0.021130391955375666,-0.0002671535185072571,0.0014247778376010969
3184,JG045A,86,BP280_GC70,5,False,D14,100000.0,SYBR,,STANDARD,,27.219093,51,early,19,0.023731777071952814,0.0006230695871636271,0.00403679960499541
3185,JG045A,86,BP280_GC70,5,False,D14,100000.0,SYBR,,STANDARD,,27.219093,51,early,20,0.02607643008232116,0.0012565605575218797,0.007085770765946435
3186,JG045A,86,BP280_GC70,5,False,D14,100000.0,SYBR,,STANDARD,,27.219093,51,early,21,0.03101442158222198,0.004483390133827925,0.010571691320454166
3187,JG045A,86,BP280_GC70,5,False,D14,100000.0,SYBR,,STANDARD,,27.219093,51,early,22,0.03856592774391174,0.010323734022676945,0.014494561268518594
3188,JG045A,86,BP280_GC70,5,False,D14,100000.0,SYBR,,STANDARD,,27.219093,51,early,23,0.04744500815868377,0.017491651698946953,0.018854380610139745
3189,JG045A,86,BP280_GC70,5,False,D14,100000.0,SYBR,,STANDARD,,27.219093,51,early,24,0.06056367754936218,0.028899159282445908,0.023651149345317587
3190,JG045A,86,BP280_GC70,5,False,D14,100000.0,SYBR,,STANDARD,,27.219093,51,middle,25,0.0830940693616867,0.04971839115023613,0.03184736167044078
3191,JG045A,86,BP280_GC70,5,False,D14,100000.0,SYBR,,STANDARD,,27.219093,51,middle,26,0.11561510860919952,0.08052826672792435,0.046405511781897946
3192,JG045A,86,BP280_GC70,5,False,D14,100000.0,SYBR,,STANDARD,,27.219093,51,middle,27,0.16453657448291778,0.1277385652065277,0.06732559967968911
3193,JG045A,86,BP280_GC70,5,False,D14,100000.0,SYBR,,STANDARD,,27.219093,51,middle,28,0.23666972815990447,0.1981605589389801,0.09460762536381426
3194,JG045A,86,BP280_GC70,5,False,D14,100000.0,SYBR,,STANDARD,,27.219093,51,middle,29,0.3382414668798447,0.298021137714386,0.12825158883427337
3195,JG045A,86,BP280_GC70,5,False,D14,100000.0,SYBR,,STANDARD,,27.219093,51,middle,30,0.4797269195318222,0.4377954304218292,0.16825749009106647
3196,JG045A,86,BP280_GC70,5,False,D14,100000.0,SYBR,,STANDARD,,27.219093,51,middle,31,0.6633821219205857,0.6197394728660583,0.2072818423058405
3197,JG045A,86,BP280_GC70,5,False,D14,100000.0,SYBR,,STANDARD,,27.219093,51,middle,32,0.890203782916069,0.8448499441146851,0.23798115865024225
3198,JG045A,86,BP280_GC70,5,False,D14,100000.0,SYBR,,STANDARD,,27.219093,51,middle,33,1.1527615278959273,1.1056965589523315,0.2603554391242718
3199,JG045A,86,BP280_GC70,5,False,D14,100000.0,SYBR,,STANDARD,,27.219093,51,middle,34,1.4409247130155562,1.3921486139297485,0.274404683727929
3200,JG045A,86,BP280_GC70,5,False,D14,100000.0,SYBR,,STANDARD,,27.219093,51,middle,35,1.738736817240715,1.6882494688034058,0.280128892461214
3201,JG045A,86,BP280_GC70,5,False,D14,100000.0,SYBR,,STANDARD,,27.219093,51,middle,36,2.035761424899101,1.98356294631958,0.2779243221402943
3202,JG045A,86,BP280_GC70,5,False,D14,100000.0,SYBR,,STANDARD,,27.219093,51,middle,37,2.3217843264341353,2.2678747177124023,0.2681872295813376
3203,JG045A,86,BP280_GC70,5,False,D14,100000.0,SYBR,,STANDARD,,27.219093,51,middle,38,2.579981395602226,2.5243606567382812,0.25091761478434393
3204,JG045A,86,BP280_GC70,5,False,D14,100000.0,SYBR,,STANDARD,,27.219093,51,middle,39,2.807970830798149,2.750638961791992,0.2261154777493131
3205,JG045A,86,BP280_GC70,5,False,D14,100000.0,SYBR,,STANDARD,,27.219093,51,middle,40,2.995757648348808,2.9367146492004395,0.19378081847624518
3206,JG045A,86,BP280_GC70,5,False,D14,100000.0,SYBR,,STANDARD,,27.219093,51,middle,41,3.1542616575956344,3.0935072898864746,0.15391363696514032
3207,JG045A,86,BP280_GC70,5,False,D14,100000.0,SYBR,,STANDARD,,27.219093,51,middle,42,3.300705739855766,3.2382402420043945,0.11439293565631316
3208,JG045A,86,BP280_GC70,5,False,D14,100000.0,SYBR,,STANDARD,,27.219093,51,middle,43,3.410481283068657,3.3463046550750732,0.08309771699007858
3209,JG045A,86,BP280_GC70,5,False,D14,100000.0,SYBR,,STANDARD,,27.219093,51,middle,44,3.482599088549614,3.4167113304138184,0.06002798096643661
3210,JG045A,86,BP280_GC70,5,False,D14,100000.0,SYBR,,STANDARD,,27.219093,51,middle,45,3.5455747336149215,3.477975845336914,0.04518372758538724
3211,JG045A,86,BP280_GC70,5,False,D14,100000.0,SYBR,,STANDARD,,27.219093,51,middle,46,3.6029761523008346,3.5336661338806152,0.03856495684693045
3212,JG045A,86,BP280_GC70,5,False,D14,100000.0,SYBR,,STANDARD,,27.219093,51,middle,47,3.6480999678373336,3.5770788192749023,0.03608552771712269
3213,JG045A,86,BP280_GC70,5,False,D14,100000.0,SYBR,,STANDARD,,27.219093,51,middle,48,3.6799059599637984,3.607173442840576,0.03365929916202037
3214,JG045A,86,BP280_GC70,5,False,D14,100000.0,SYBR,,STANDARD,,27.219093,51,late,49,3.6900962084531783,3.615652561187744,0.03128627118162348
3215,JG045A,86,BP280_GC70,5,False,D14,100000.0,SYBR,,STANDARD,,27.219093,51,late,50,3.7124443739652633,3.636289596557617,0.028966443775932025
3216,JG045A,86,BP280_GC70,5,False,D14,100000.0,SYBR,,STANDARD,,27.219093,51,late,51,3.72901231944561,3.651146411895752,0.02669981694494601
3217,JG045A,86,BP280_GC70,5,False,D14,100000.0,SYBR,,STANDARD,,27.219093,51,late,52,3.7498567789793014,3.6702797412872314,0.024486390688665437
3218,JG045A,86,BP280_GC70,5,False,D14,100000.0,SYBR,,STANDARD,,27.219093,51,late,53,3.7657128065824508,3.684424638748169,0.0223261650070903
3219,JG045A,86,BP280_GC70,5,False,D14,100000.0,SYBR,,STANDARD,,27.219093,51,late,54,3.7763906210660934,3.6933913230895996,0.020219139900220593
3220,JG045A,86,BP280_GC70,5,False,D14,100000.0,SYBR,,STANDARD,,27.219093,51,late,55,3.7903698176145553,3.7056593894958496,0.01816531536805633
3221,JG045A,86,BP280_GC70,5,False,D14,100000.0,SYBR,,STANDARD,,27.219093,51,late,56,3.7970460146665572,3.7106242179870605,0.0161646914105975
3222,JG045A,86,BP280_GC70,5,False,D14,100000.0,SYBR,,STANDARD,,27.219093,51,late,57,3.810437509417534,3.722304582595825,0.014217268027844107
3223,JG045A,86,BP280_GC70,5,False,D14,100000.0,SYBR,,STANDARD,,27.219093,51,late,58,3.8170691221952437,3.7272250652313232,0.012323045219796151
3224,JG045A,86,BP280_GC70,5,False,D14,100000.0,SYBR,,STANDARD,,27.219093,51,late,59,3.8201983660459518,3.7286431789398193,0.010482022986453631
4012,JG045A,109,BP280_GC70,4,False,E13,10000.0,SYBR,,STANDARD,,30.923653,64,early,3,-0.0033521682024001964,0.00067032320657745,0.00017993931736029316
4013,JG045A,109,BP280_GC70,4,False,E13,10000.0,SYBR,,STANDARD,,30.923653,64,early,4,-0.0013819068670272716,0.0009648872073739767,0.0007683123291480694
4014,JG045A,109,BP280_GC70,4,False,E13,10000.0,SYBR,,STANDARD,,30.923653,64,early,5,-0.0005653977394103893,0.00010569902951829135,0.0012811420416001464
4015,JG045A,109,BP280_GC70,4,False,E13,10000.0,SYBR,,STANDARD,,30.923653,64,early,6,0.0014319539070129506,0.00042735334136523306,0.0017184284547165241
4016,JG045A,109,BP280_GC70,4,False,E13,10000.0,SYBR,,STANDARD,,30.923653,64,early,7,0.0038675189018249623,0.001187221030704677,0.0020801715684972033
4017,JG045A,109,BP280_GC70,4,False,E13,10000.0,SYBR,,STANDARD,,30.923653,64,early,8,0.00440574884414674,4.9753623898141086e-05,0.002366371382942183
4018,JG045A,109,BP280_GC70,4,False,E13,10000.0,SYBR,,STANDARD,,30.923653,64,early,9,0.006472986936569225,0.00044129439629614353,0.0025770278980514635
4019,JG045A,109,BP280_GC70,4,False,E13,10000.0,SYBR,,STANDARD,,30.923653,64,early,10,0.0073628395795822255,-0.0003445502952672541,0.002712141113825045
4020,JG045A,109,BP280_GC70,4,False,E13,10000.0,SYBR,,STANDARD,,30.923653,64,early,11,0.008397039771080028,-0.0009860474383458495,0.0027717110302629276
4021,JG045A,109,BP280_GC70,4,False,E13,10000.0,SYBR,,STANDARD,,30.923653,64,early,12,0.009887424111366283,-0.0011713604908436537,0.0027557376473651106
4022,JG045A,109,BP280_GC70,4,False,E13,10000.0,SYBR,,STANDARD,,30.923653,64,early,13,0.01247958540916444,-0.00025489646941423416,0.002664220965131595
4023,JG045A,109,BP280_GC70,4,False,E13,10000.0,SYBR,,STANDARD,,30.923653,64,early,14,0.014779818058013927,0.000369638844858855,0.0024971609835623804
4024,JG045A,109,BP280_GC70,4,False,E13,10000.0,SYBR,,STANDARD,,30.923653,64,early,15,0.015661832690238964,-0.0004240438574925065,0.002254557702657466
4025,JG045A,109,BP280_GC70,4,False,E13,10000.0,SYBR,,STANDARD,,30.923653,64,early,16,0.01685018539428712,-0.0009113884880207479,0.001936411122416854
4026,JG045A,109,BP280_GC70,4,False,E13,10000.0,SYBR,,STANDARD,,30.923653,64,early,17,0.0178779035806656,-0.001559367636218667,0.0015427212428405417
4027,JG045A,109,BP280_GC70,4,False,E13,10000.0,SYBR,,STANDARD,,30.923653,64,early,18,0.020104822516441356,-0.0010081459768116474,0.0010734880639285298
4028,JG045A,109,BP280_GC70,4,False,E13,10000.0,SYBR,,STANDARD,,30.923653,64,early,19,0.02284054160118104,5.1875740609830245e-05,0.0005287115856808202
4029,JG045A,109,BP280_GC70,4,False,E13,10000.0,SYBR,,STANDARD,,30.923653,64,early,20,0.023726877570152294,-0.0007374855922535062,-9.16081919025894e-05
4030,JG045A,109,BP280_GC70,4,False,E13,10000.0,SYBR,,STANDARD,,30.923653,64,early,21,0.024776753783226024,-0.0013633067719638348,-0.0007874712688216984
4031,JG045A,109,BP280_GC70,4,False,E13,10000.0,SYBR,,STANDARD,,30.923653,64,early,22,0.02673896849155427,-0.001076789340004325,-0.0015588776450765056
4032,JG045A,109,BP280_GC70,4,False,E13,10000.0,SYBR,,STANDARD,,30.923653,64,early,23,0.030275654792785656,0.0007841996266506612,-0.002405827320667012
4033,JG045A,109,BP280_GC70,4,False,E13,10000.0,SYBR,,STANDARD,,30.923653,64,early,24,0.032306817173957836,0.0011396646732464433,-0.0033283202955932184
4034,JG045A,109,BP280_GC70,4,False,E13,10000.0,SYBR,,STANDARD,,30.923653,64,early,25,0.03648832142353059,0.003645471530035138,-0.002310934368065773
4035,JG045A,109,BP280_GC70,4,False,E13,10000.0,SYBR,,STANDARD,,30.923653,64,early,26,0.045829591155052196,0.011311043985188007,0.0026617526637046788
4036,JG045A,109,BP280_GC70,4,False,E13,10000.0,SYBR,,STANDARD,,30.923653,64,early,27,0.05556301474571229,0.019368769600987434,0.01158974079971813
4037,JG045A,109,BP280_GC70,4,False,E13,10000.0,SYBR,,STANDARD,,30.923653,64,middle,28,0.07245839834213258,0.03458845615386963,0.02447303003997459
4038,JG045A,109,BP280_GC70,4,False,E13,10000.0,SYBR,,STANDARD,,30.923653,64,middle,29,0.09685019850730897,0.057304561138153076,0.04131162038447405
4039,JG045A,109,BP280_GC70,4,False,E13,10000.0,SYBR,,STANDARD,,30.923653,64,middle,30,0.13291547894477845,0.09169413894414902,0.062105511833216505
4040,JG045A,109,BP280_GC70,4,False,E13,10000.0,SYBR,,STANDARD,,30.923653,64,middle,31,0.18819634318351747,0.14529931545257568,0.08685470438620198
4041,JG045A,109,BP280_GC70,4,False,E13,10000.0,SYBR,,STANDARD,,30.923653,64,middle,32,0.27119691371917726,0.22662417590618134,0.11555919804343046
4042,JG045A,109,BP280_GC70,4,False,E13,10000.0,SYBR,,STANDARD,,30.923653,64,middle,33,0.38825635313987733,0.34200793504714966,0.14821899280490194
4043,JG045A,109,BP280_GC70,4,False,E13,10000.0,SYBR,,STANDARD,,30.923653,64,middle,34,0.5451509773731231,0.49722686409950256,0.1848340886706164
4044,JG045A,109,BP280_GC70,4,False,E13,10000.0,SYBR,,STANDARD,,30.923653,64,middle,35,0.7465594828128814,0.6969596743583679,0.22540448564057392
4045,JG045A,109,BP280_GC70,4,False,E13,10000.0,SYBR,,STANDARD,,30.923653,64,middle,36,0.9935327589511871,0.9422572255134583,0.26142766149024094
4046,JG045A,109,BP280_GC70,4,False,E13,10000.0,SYBR,,STANDARD,,30.923653,64,middle,37,1.2728323757648468,1.2198811769485474,0.28440109399508434
4047,JG045A,109,BP280_GC70,4,False,E13,10000.0,SYBR,,STANDARD,,30.923653,64,middle,38,1.5786469995975494,1.5240200757980347,0.294324783155104
4048,JG045A,109,BP280_GC70,4,False,E13,10000.0,SYBR,,STANDARD,,30.923653,64,middle,39,1.891717892885208,1.835415244102478,0.2911987289702999
4049,JG045A,109,BP280_GC70,4,False,E13,10000.0,SYBR,,STANDARD,,30.923653,64,middle,40,2.190512877702713,2.1325345039367676,0.275022931440672
4050,JG045A,109,BP280_GC70,4,False,E13,10000.0,SYBR,,STANDARD,,30.923653,64,middle,41,2.471947890520096,2.4122939109802246,0.24579739056622052
4051,JG045A,109,BP280_GC70,4,False,E13,10000.0,SYBR,,STANDARD,,30.923653,64,middle,42,2.7257592499256136,2.6644296646118164,0.21209194719463875
4052,JG045A,109,BP280_GC70,4,False,E13,10000.0,SYBR,,STANDARD,,30.923653,64,middle,43,2.941263419389725,2.878257989883423,0.18247644217362022
4053,JG045A,109,BP280_GC70,4,False,E13,10000.0,SYBR,,STANDARD,,30.923653,64,middle,44,3.1284007847309114,3.0637197494506836,0.15695087550316494
4054,JG045A,109,BP280_GC70,4,False,E13,10000.0,SYBR,,STANDARD,,30.923653,64,middle,45,3.283729296922684,3.217372417449951,0.13551524718327293
4055,JG045A,109,BP280_GC70,4,False,E13,10000.0,SYBR,,STANDARD,,30.923653,64,middle,46,3.404813748598099,3.3367812633514404,0.1181695572139442
4056,JG045A,109,BP280_GC70,4,False,E13,10000.0,SYBR,,STANDARD,,30.923653,64,middle,47,3.5003254234790804,3.430617332458496,0.10333762657071793
4057,JG045A,109,BP280_GC70,4,False,E13,10000.0,SYBR,,STANDARD,,30.923653,64,middle,48,3.578545552492142,3.5071616172790527,0.08944327622913326
4058,JG045A,109,BP280_GC70,4,False,E13,10000.0,SYBR,,STANDARD,,30.923653,64,middle,49,3.6326522648334505,3.5595927238464355,0.07648650618919009
4059,JG045A,109,BP280_GC70,4,False,E13,10000.0,SYBR,,STANDARD,,30.923653,64,middle,50,3.679711323976517,3.604975938796997,0.06446731645088852
4060,JG045A,109,BP280_GC70,4,False,E13,10000.0,SYBR,,STANDARD,,30.923653,64,middle,51,3.7189538300037386,3.642542839050293,0.053385707014228526
4061,JG045A,109,BP280_GC70,4,False,E13,10000.0,SYBR,,STANDARD,,30.923653,64,late,52,3.7470412075519564,3.668954610824585,0.04324167787921013
4062,JG045A,109,BP280_GC70,4,False,E13,10000.0,SYBR,,STANDARD,,30.923653,64,late,53,3.7643782913684847,3.6846158504486084,0.03403522904583329
4063,JG045A,109,BP280_GC70,4,False,E13,10000.0,SYBR,,STANDARD,,30.923653,64,late,54,3.786884289979935,3.705446243286133,0.02576636051409802
4064,JG045A,109,BP280_GC70,4,False,E13,10000.0,SYBR,,STANDARD,,30.923653,64,late,55,3.80512712597847,3.722013473510742,0.01843507228400433
4065,JG045A,109,BP280_GC70,4,False,E13,10000.0,SYBR,,STANDARD,,30.923653,64,late,56,3.818081122636795,3.7332916259765625,0.012041364355552198
4066,JG045A,109,BP280_GC70,4,False,E13,10000.0,SYBR,,STANDARD,,30.923653,64,late,57,3.840450030565262,3.7539849281311035,0.006585236728741647
4067,JG045A,109,BP280_GC70,4,False,E13,10000.0,SYBR,,STANDARD,,30.923653,64,late,58,3.8512735188007357,3.7631325721740723,0.0020666894035726796
4068,JG045A,109,BP280_GC70,4,False,E13,10000.0,SYBR,,STANDARD,,30.923653,64,late,59,3.8631939709186556,3.7733774185180664,-0.0015142776199547272
4084,JG045A,110,BP280_GC70,4,False,E14,10000.0,SYBR,,STANDARD,,31.718016,65,early,3,-0.002291131019592274,0.0022814173717051744,-0.001973966881783597
4085,JG045A,110,BP280_GC70,4,False,E14,10000.0,SYBR,,STANDARD,,31.718016,65,early,4,-0.0012142986059188732,0.001743658329360187,0.00017265371052794837
4086,JG045A,110,BP280_GC70,4,False,E14,10000.0,SYBR,,STANDARD,,31.718016,65,early,5,-0.00036840438842772327,0.0009749612654559314,0.0019396082715164575
4087,JG045A,110,BP280_GC70,4,False,E14,10000.0,SYBR,,STANDARD,,31.718016,65,early,6,0.0008562326431274525,0.0005850069574080408,0.003326896801181929
4088,JG045A,110,BP280_GC70,4,False,E14,10000.0,SYBR,,STANDARD,,31.718016,65,early,7,0.0030176013708114735,0.0011317842872813344,0.004334519299524363
4089,JG045A,110,BP280_GC70,4,False,E14,10000.0,SYBR,,STANDARD,,31.718016,65,early,8,0.0039163053035736195,0.00041589693864807487,0.00496247576654376
4090,JG045A,110,BP280_GC70,4,False,E14,10000.0,SYBR,,STANDARD,,31.718016,65,early,9,0.004997757077217113,-0.00011724262003554031,0.005210766202240119
4091,JG045A,110,BP280_GC70,4,False,E14,10000.0,SYBR,,STANDARD,,31.718016,65,early,10,0.0063303232192993275,-0.00039926782483235,0.005079390606613441
4092,JG045A,110,BP280_GC70,4,False,E14,10000.0,SYBR,,STANDARD,,31.718016,65,early,11,0.007447776198387157,-0.0008964061853475869,0.004568348979663723
4093,JG045A,110,BP280_GC70,4,False,E14,10000.0,SYBR,,STANDARD,,31.718016,65,early,12,0.00902107059955598,-0.0009377031237818301,0.0036776413213909704
4094,JG045A,110,BP280_GC70,4,False,E14,10000.0,SYBR,,STANDARD,,31.718016,65,early,13,0.010714691877365123,-0.0008586731855757535,0.002407267631795179
4095,JG045A,110,BP280_GC70,4,False,E14,10000.0,SYBR,,STANDARD,,31.718016,65,early,14,0.011817526817321788,-0.001370429527014494,0.001031239887348912
4096,JG045A,110,BP280_GC70,4,False,E14,10000.0,SYBR,,STANDARD,,31.718016,65,early,15,0.01304299831390382,-0.0017595493700355291,-0.000176429935475264
4097,JG045A,110,BP280_GC70,4,False,E14,10000.0,SYBR,,STANDARD,,31.718016,65,early,16,0.01538560986518861,-0.0010315291583538055,-0.0012157418366773524
4098,JG045A,110,BP280_GC70,4,False,E14,10000.0,SYBR,,STANDARD,,31.718016,65,early,17,0.017089572548866283,-0.0009421578724868596,-0.002086695816257352
4099,JG045A,110,BP280_GC70,4,False,E14,10000.0,SYBR,,STANDARD,,31.718016,65,early,18,0.01856048107147218,-0.001085840631276369,-0.0027892918742152624
4100,JG045A,110,BP280_GC70,4,False,E14,10000.0,SYBR,,STANDARD,,31.718016,65,early,19,0.018281322717666637,-0.0029795903246849775,-0.003323530010551083
4101,JG045A,110,BP280_GC70,4,False,E14,10000.0,SYBR,,STANDARD,,31.718016,65,early,20,0.020499643683433544,-0.0023758606985211372,-0.0036894102252648165
4102,JG045A,110,BP280_GC70,4,False,E14,10000.0,SYBR,,STANDARD,,31.718016,65,early,21,0.02369019091129304,-0.0007999048102647066,-0.0038869325183564602
4103,JG045A,110,BP280_GC70,4,False,E14,10000.0,SYBR,,STANDARD,,31.718016,65,early,22,0.02458341121673585,-0.001521275844424963,-0.003916096889826015
4104,JG045A,110,BP280_GC70,4,False,E14,10000.0,SYBR,,STANDARD,,31.718016,65,early,23,0.027045276761055004,-0.0006740016397088766,-0.003776903339673481
4105,JG045A,110,BP280_GC70,4,False,E14,10000.0,SYBR,,STANDARD,,31.718016,65,early,24,0.03012680709362031,0.0007929373532533646,-0.0034693518678988572
4106,JG045A,110,BP280_GC70,4,False,E14,10000.0,SYBR,,STANDARD,,31.718016,65,early,25,0.03398379385471345,0.0030353327747434378,-0.0015501199943417333
4107,JG045A,110,BP280_GC70,4,False,E14,10000.0,SYBR,,STANDARD,,31.718016,65,early,26,0.039351490139961254,0.006788437720388174,0.003424114761158306
4108,JG045A,110,BP280_GC70,4,False,E14,10000.0,SYBR,,STANDARD,,31.718016,65,early,27,0.046288278698921215,0.012110634706914425,0.011453352398601258
4109,JG045A,110,BP280_GC70,4,False,E14,10000.0,SYBR,,STANDARD,,31.718016,65,early,28,0.058078747987747203,0.022286511957645416,0.02253759291798713
4110,JG045A,110,BP280_GC70,4,False,E14,10000.0,SYBR,,STANDARD,,31.718016,65,middle,29,0.07549075484275819,0.03808392956852913,0.036676836319315904
4111,JG045A,110,BP280_GC70,4,False,E14,10000.0,SYBR,,STANDARD,,31.718016,65,middle,30,0.10327101945877076,0.06424960494041443,0.0538710826025876
4112,JG045A,110,BP280_GC70,4,False,E14,10000.0,SYBR,,STANDARD,,31.718016,65,middle,31,0.14277513027191163,0.10213912278413773,0.07412033176780221
4113,JG045A,110,BP280_GC70,4,False,E14,10000.0,SYBR,,STANDARD,,31.718016,65,middle,32,0.20162309408187867,0.1593724936246872,0.09742458381495975
4114,JG045A,110,BP280_GC70,4,False,E14,10000.0,SYBR,,STANDARD,,31.718016,65,middle,33,0.2869184732437134,0.24305328726768494,0.12378383874406018
4115,JG045A,110,BP280_GC70,4,False,E14,10000.0,SYBR,,STANDARD,,31.718016,65,middle,34,0.4078705132007599,0.3623907268047333,0.15319809655510352
4116,JG045A,110,BP280_GC70,4,False,E14,10000.0,SYBR,,STANDARD,,31.718016,65,middle,35,0.5718089163303375,0.5247145295143127,0.1856673572480898
4117,JG045A,110,BP280_GC70,4,False,E14,10000.0,SYBR,,STANDARD,,31.718016,65,middle,36,0.7791748464107513,0.7304658889770508,0.21597851845396043
4118,JG045A,110,BP280_GC70,4,False,E14,10000.0,SYBR,,STANDARD,,31.718016,65,middle,37,1.0277067244052887,0.9773831963539124,0.23891847780365702
4119,JG045A,110,BP280_GC70,4,False,E14,10000.0,SYBR,,STANDARD,,31.718016,65,middle,38,1.3069312393665313,1.2549930810928345,0.2544872352971796
4120,JG045A,110,BP280_GC70,4,False,E14,10000.0,SYBR,,STANDARD,,31.718016,65,middle,39,1.6012350142002105,1.547682285308838,0.262684790934528
4121,JG045A,110,BP280_GC70,4,False,E14,10000.0,SYBR,,STANDARD,,31.718016,65,middle,40,1.9016293108463287,1.8464620113372803,0.2635111447157023
4122,JG045A,110,BP280_GC70,4,False,E14,10000.0,SYBR,,STANDARD,,31.718016,65,middle,41,2.191212993860245,2.1344311237335205,0.25696629664070253
4123,JG045A,110,BP280_GC70,4,False,E14,10000.0,SYBR,,STANDARD,,31.718016,65,middle,42,2.4586802542209627,2.4002838134765625,0.24472870505353242
4124,JG045A,110,BP280_GC70,4,False,E14,10000.0,SYBR,,STANDARD,,31.718016,65,middle,43,2.706392627954483,2.6463816165924072,0.22847682829819568
4125,JG045A,110,BP280_GC70,4,False,E14,10000.0,SYBR,,STANDARD,,31.718016,65,middle,44,2.9188777029514315,2.8572521209716797,0.20821066637469215
4126,JG045A,110,BP280_GC70,4,False,E14,10000.0,SYBR,,STANDARD,,31.718016,65,middle,45,3.0977197706699373,3.0344793796539307,0.183930219283022
4127,JG045A,110,BP280_GC70,4,False,E14,10000.0,SYBR,,STANDARD,,31.718016,65,middle,46,3.2357677042484285,3.170912742614746,0.1556354870231852
4128,JG045A,110,BP280_GC70,4,False,E14,10000.0,SYBR,,STANDARD,,31.718016,65,middle,47,3.3474787294864656,3.2810091972351074,0.12684074801963083
4129,JG045A,110,BP280_GC70,4,False,E14,10000.0,SYBR,,STANDARD,,31.718016,65,middle,48,3.4363382875919344,3.3682541847229004,0.10106028069680799
4130,JG045A,110,BP280_GC70,4,False,E14,10000.0,SYBR,,STANDARD,,31.718016,65,middle,49,3.5171087801456453,3.4474101066589355,0.07829408505471666
4131,JG045A,110,BP280_GC70,4,False,E14,10000.0,SYBR,,STANDARD,,31.718016,65,middle,50,3.5741959631443025,3.502882719039917,0.058542161093356866
4132,JG045A,110,BP280_GC70,4,False,E14,10000.0,SYBR,,STANDARD,,31.718016,65,middle,51,3.6150663912296297,3.5421385765075684,0.041804508812728625
4133,JG045A,110,BP280_GC70,4,False,E14,10000.0,SYBR,,STANDARD,,31.718016,65,middle,52,3.646593910455704,3.572051525115967,0.028081128212831905
4134,JG045A,110,BP280_GC70,4,False,E14,10000.0,SYBR,,STANDARD,,31.718016,65,middle,53,3.6666008055210115,3.5904438495635986,0.017372019293666715
4135,JG045A,110,BP280_GC70,4,False,E14,10000.0,SYBR,,STANDARD,,31.718016,65,late,54,3.696837288141251,3.619065761566162,0.009677182055233059
4136,JG045A,110,BP280_GC70,4,False,E14,10000.0,SYBR,,STANDARD,,31.718016,65,late,55,3.7208863317966463,3.641500234603882,0.004996616497530935
4137,JG045A,110,BP280_GC70,4,False,E14,10000.0,SYBR,,STANDARD,,31.718016,65,late,56,3.73484645485878,3.6538455486297607,0.0033303226205603424
4138,JG045A,110,BP280_GC70,4,False,E14,10000.0,SYBR,,STANDARD,,31.718016,65,late,57,3.7473410189151766,3.6647255420684814,0.004678300424321281
4139,JG045A,110,BP280_GC70,4,False,E14,10000.0,SYBR,,STANDARD,,31.718016,65,late,58,3.7615059435367586,3.6772758960723877,0.007307146743328024
4140,JG045A,110,BP280_GC70,4,False,E14,10000.0,SYBR,,STANDARD,,31.718016,65,late,59,3.7845374166965486,3.698692798614502,0.009483458412094846
5034,JG045A,133,BP280_GC70,3,False,F13,1000.0,SYBR,,STANDARD,,34.28812,78,early,3,-0.004245063662528997,-0.0008223240147344768,-0.010899773654624792
5035,JG045A,133,BP280_GC70,3,False,F13,1000.0,SYBR,,STANDARD,,34.28812,78,early,4,-0.0010418504476547297,0.0009398647816851735,-0.007307099602802872
5036,JG045A,133,BP280_GC70,3,False,F13,1000.0,SYBR,,STANDARD,,34.28812,78,early,5,0.0016836911439895574,0.0022243820130825043,-0.004083158507507322
5037,JG045A,133,BP280_GC70,3,False,F13,1000.0,SYBR,,STANDARD,,34.28812,78,early,6,0.0018812060356140081,0.0009808724280446768,-0.0012279503687381355
5038,JG045A,133,BP280_GC70,3,False,F13,1000.0,SYBR,,STANDARD,,34.28812,78,early,7,0.0017220169305801336,-0.0006193410372361541,0.0012585248135046814
5039,JG045A,133,BP280_GC70,3,False,F13,1000.0,SYBR,,STANDARD,,34.28812,78,early,8,0.0028283983469009344,-0.0009539840393699706,0.0033762670392211273
5040,JG045A,133,BP280_GC70,3,False,F13,1000.0,SYBR,,STANDARD,,34.28812,78,early,9,0.006026545166969294,0.0008031383622437716,0.005125276308411205
5041,JG045A,133,BP280_GC70,3,False,F13,1000.0,SYBR,,STANDARD,,34.28812,78,early,10,0.008183190226554865,0.0015187590615823865,0.006505552621074916
5042,JG045A,133,BP280_GC70,3,False,F13,1000.0,SYBR,,STANDARD,,34.28812,78,early,11,0.009194129705429072,0.0010886740637943149,0.00751709597721226
5043,JG045A,133,BP280_GC70,3,False,F13,1000.0,SYBR,,STANDARD,,34.28812,78,early,12,0.009549462795257563,2.9827997423126362e-06,0.008159906376823239
5044,JG045A,133,BP280_GC70,3,False,F13,1000.0,SYBR,,STANDARD,,34.28812,78,early,13,0.009044805169105524,-0.0019426991930231452,0.008433983819907844
5045,JG045A,133,BP280_GC70,3,False,F13,1000.0,SYBR,,STANDARD,,34.28812,78,early,14,0.009711319208145136,-0.0027172095142304897,0.008339328306466083
5046,JG045A,133,BP280_GC70,3,False,F13,1000.0,SYBR,,STANDARD,,34.28812,78,early,15,0.012108424305915827,-0.001761128893122077,0.007875939836497956
5047,JG045A,133,BP280_GC70,3,False,F13,1000.0,SYBR,,STANDARD,,34.28812,78,early,16,0.015605145692825312,0.0002945680753327906,0.007043818410003461
5048,JG045A,133,BP280_GC70,3,False,F13,1000.0,SYBR,,STANDARD,,34.28812,78,early,17,0.016433769464492792,-0.0003178325423505157,0.005842964026982597
5049,JG045A,133,BP280_GC70,3,False,F13,1000.0,SYBR,,STANDARD,,34.28812,78,early,18,0.01845438182353973,0.00026175539824180305,0.004273376687435359
5050,JG045A,133,BP280_GC70,3,False,F13,1000.0,SYBR,,STANDARD,,34.28812,78,early,19,0.020537996292114252,0.0009043454774655402,0.0023350563913617597
5051,JG045A,133,BP280_GC70,3,False,F13,1000.0,SYBR,,STANDARD,,34.28812,78,early,20,0.021274933218955988,0.00020025798585265875,2.8003138761792065e-05
5052,JG045A,133,BP280_GC70,3,False,F13,1000.0,SYBR,,STANDARD,,34.28812,78,early,21,0.02301927804946899,0.000503578397911042,-0.0026477830703645483
5053,JG045A,133,BP280_GC70,3,False,F13,1000.0,SYBR,,STANDARD,,34.28812,78,early,22,0.022555673122406,-0.0014010509476065636,-0.00569230223601725
5054,JG045A,133,BP280_GC70,3,False,F13,1000.0,SYBR,,STANDARD,,34.28812,78,early,23,0.023305514454841608,-0.002092234091833234,-0.009105554358196322
5055,JG045A,133,BP280_GC70,3,False,F13,1000.0,SYBR,,STANDARD,,34.28812,78,early,24,0.02488879263401031,-0.0019499801564961672,-0.012887539436901766
5056,JG045A,133,BP280_GC70,3,False,F13,1000.0,SYBR,,STANDARD,,34.28812,78,early,25,0.027072528004646296,-0.001207269262522459,-0.01544291337026993
5057,JG045A,133,BP280_GC70,3,False,F13,1000.0,SYBR,,STANDARD,,34.28812,78,early,26,0.0292303055524826,-0.0004905160749331117,-0.015176332056437172
5058,JG045A,133,BP280_GC70,3,False,F13,1000.0,SYBR,,STANDARD,,34.28812,78,early,27,0.032780477404594416,0.0016186313005164266,-0.012087795495403487
5059,JG045A,133,BP280_GC70,3,False,F13,1000.0,SYBR,,STANDARD,,34.28812,78,early,28,0.03753663003444671,0.004933759570121765,-0.006177303687168878
5060,JG045A,133,BP280_GC70,3,False,F13,1000.0,SYBR,,STANDARD,,34.28812,78,early,29,0.04345960319042205,0.009415708482265472,0.0025551433682666526
5061,JG045A,133,BP280_GC70,3,False,F13,1000.0,SYBR,,STANDARD,,34.28812,78,early,30,0.05247657895088195,0.016991659998893738,0.014109545670903095
5062,JG045A,133,BP280_GC70,3,False,F13,1000.0,SYBR,,STANDARD,,34.28812,78,middle,31,0.06419968008995056,0.027273736894130707,0.028485903220740467
5063,JG045A,133,BP280_GC70,3,False,F13,1000.0,SYBR,,STANDARD,,34.28812,78,middle,32,0.08537324666976928,0.0470062792301178,0.04568421601777878
5064,JG045A,133,BP280_GC70,3,False,F13,1000.0,SYBR,,STANDARD,,34.28812,78,middle,33,0.11752458810806274,0.07771659642457962,0.065704484062018
5065,JG045A,133,BP280_GC70,3,False,F13,1000.0,SYBR,,STANDARD,,34.28812,78,middle,34,0.16555165648460388,0.12430264055728912,0.08854670735345815
5066,JG045A,133,BP280_GC70,3,False,F13,1000.0,SYBR,,STANDARD,,34.28812,78,middle,35,0.2351653516292572,0.1924753040075302,0.1142108858920992
5067,JG045A,133,BP280_GC70,3,False,F13,1000.0,SYBR,,STANDARD,,34.28812,78,middle,36,0.33739336729049685,0.2932623028755188,0.14233429015231155
5068,JG045A,133,BP280_GC70,3,False,F13,1000.0,SYBR,,STANDARD,,34.28812,78,middle,37,0.4794494152069092,0.4338773190975189,0.17255419060846564
5069,JG045A,133,BP280_GC70,3,False,F13,1000.0,SYBR,,STANDARD,,34.28812,78,middle,38,0.6654987573623657,0.6184856295585632,0.20487058726056134
5070,JG045A,133,BP280_GC70,3,False,F13,1000.0,SYBR,,STANDARD,,34.28812,78,middle,39,0.8944363236427307,0.8459821939468384,0.2350637526868848
5071,JG045A,133,BP280_GC70,3,False,F13,1000.0,SYBR,,STANDARD,,34.28812,78,middle,40,1.163390004634857,1.113494873046875,0.25891395946572204
5072,JG045A,133,BP280_GC70,3,False,F13,1000.0,SYBR,,STANDARD,,34.28812,78,middle,41,1.462263786792755,1.410927653312683,0.2764212075970731
5073,JG045A,133,BP280_GC70,3,False,F13,1000.0,SYBR,,STANDARD,,34.28812,78,middle,42,1.7756892085075378,1.7229119539260864,0.28571181985897376
5074,JG045A,133,BP280_GC70,3,False,F13,1000.0,SYBR,,STANDARD,,34.28812,78,middle,43,2.0824578642845153,2.0282397270202637,0.2849121190294599
5075,JG045A,133,BP280_GC70,3,False,F13,1000.0,SYBR,,STANDARD,,34.28812,78,middle,44,2.373503053188324,2.3178436756134033,0.2740221051085314
5076,JG045A,133,BP280_GC70,3,False,F13,1000.0,SYBR,,STANDARD,,34.28812,78,middle,45,2.6430574297904967,2.5859570503234863,0.25304177809618833
5077,JG045A,133,BP280_GC70,3,False,F13,1000.0,SYBR,,STANDARD,,34.28812,78,middle,46,2.882507884502411,2.8239665031433105,0.22197113799243082
5078,JG045A,133,BP280_GC70,3,False,F13,1000.0,SYBR,,STANDARD,,34.28812,78,middle,47,3.0807207465171813,3.020738363265991,0.18743585929072004
5079,JG045A,133,BP280_GC70,3,False,F13,1000.0,SYBR,,STANDARD,,34.28812,78,middle,48,3.241146171092987,3.179722785949707,0.15606161648451733
5080,JG045A,133,BP280_GC70,3,False,F13,1000.0,SYBR,,STANDARD,,34.28812,78,middle,49,3.371991717815399,3.3091273307800293,0.12784840957382274
5081,JG045A,133,BP280_GC70,3,False,F13,1000.0,SYBR,,STANDARD,,34.28812,78,middle,50,3.482047641277313,3.4177422523498535,0.1027962385586362
5082,JG045A,133,BP280_GC70,3,False,F13,1000.0,SYBR,,STANDARD,,34.28812,78,middle,51,3.568212115764618,3.5024657249450684,0.08090510343895782
5083,JG045A,133,BP280_GC70,3,False,F13,1000.0,SYBR,,STANDARD,,34.28812,78,middle,52,3.6280561327934264,3.560868740081787,0.06217500421478753
5084,JG045A,133,BP280_GC70,3,False,F13,1000.0,SYBR,,STANDARD,,34.28812,78,middle,53,3.6788278460502624,3.610199451446533,0.046605940886125324
5085,JG045A,133,BP280_GC70,3,False,F13,1000.0,SYBR,,STANDARD,,34.28812,78,middle,54,3.717586362361908,3.647516965866089,0.03419791345297122
5086,JG045A,133,BP280_GC70,3,False,F13,1000.0,SYBR,,STANDARD,,34.28812,78,middle,55,3.7474645018577575,3.6759538650512695,0.024950921915325205
5087,JG045A,133,BP280_GC70,3,False,F13,1000.0,SYBR,,STANDARD,,34.28812,78,late,56,3.7666533827781676,3.69370174407959,0.018864966273187293
5088,JG045A,133,BP280_GC70,3,False,F13,1000.0,SYBR,,STANDARD,,34.28812,78,late,57,3.783102834224701,3.708710193634033,0.015940046526557478
5089,JG045A,133,BP280_GC70,3,False,F13,1000.0,SYBR,,STANDARD,,34.28812,78,late,58,3.795622193813324,3.7197885513305664,0.014640670662933036
5090,JG045A,133,BP280_GC70,3,False,F13,1000.0,SYBR,,STANDARD,,34.28812,78,late,59,3.816618287563324,3.7393436431884766,0.013431346669811236
5108,JG045A,134,BP280_GC70,3,False,F14,1000.0,SYBR,,STANDARD,,35.682697,79,early,3,-0.004488718509674083,-0.0010094931349158287,-0.009106170422882438
5109,JG045A,134,BP280_GC70,3,False,F14,1000.0,SYBR,,STANDARD,,35.682697,79,early,4,-0.0016268759965896717,0.00021872675279155374,-0.0060183793225267465
5110,JG045A,134,BP280_GC70,3,False,F14,1000.0,SYBR,,STANDARD,,35.682697,79,early,5,0.0002598494291305431,0.00047182958223856986,-0.00324406807196733
5111,JG045A,134,BP280_GC70,3,False,F14,1000.0,SYBR,,STANDARD,,35.682697,79,early,6,0.0020249515771865734,0.0006033091340214014,-0.0007832366712041824
5112,JG045A,134,BP280_GC70,3,False,F14,1000.0,SYBR,,STANDARD,,35.682697,79,early,7,0.003830793499946583,0.000775528431404382,0.001364114879762691
5113,JG045A,134,BP280_GC70,3,False,F14,1000.0,SYBR,,STANDARD,,35.682697,79,early,8,0.005310598015785206,0.0006217103218659759,0.0031979865809332883
5114,JG045A,134,BP280_GC70,3,False,F14,1000.0,SYBR,,STANDARD,,35.682697,79,early,9,0.0061580121517181285,-0.0001644981384743005,0.0047183784323076156
5115,JG045A,134,BP280_GC70,3,False,F14,1000.0,SYBR,,STANDARD,,35.682697,79,early,10,0.007247689366340626,-0.0007084435201250017,0.005925290433885668
5116,JG045A,134,BP280_GC70,3,False,F14,1000.0,SYBR,,STANDARD,,35.682697,79,early,11,0.00897860825061797,-0.0006111472612246871,0.006818722585667449
5117,JG045A,134,BP280_GC70,3,False,F14,1000.0,SYBR,,STANDARD,,35.682697,79,early,12,0.01195782721042632,0.0007344490732066333,0.007398674887652957
5118,JG045A,134,BP280_GC70,3,False,F14,1000.0,SYBR,,STANDARD,,35.682697,79,early,13,0.01489247679710387,0.0020354760345071554,0.0076651473398421915
5119,JG045A,134,BP280_GC70,3,False,F14,1000.0,SYBR,,STANDARD,,35.682697,79,early,14,0.016393560171127308,0.0019029368413612247,0.007618139942235155
5120,JG045A,134,BP280_GC70,3,False,F14,1000.0,SYBR,,STANDARD,,35.682697,79,early,15,0.01726277470588683,0.0011385288089513779,0.007257652694831843
5121,JG045A,134,BP280_GC70,3,False,F14,1000.0,SYBR,,STANDARD,,35.682697,79,early,16,0.017828422784805287,7.055423338897526e-05,0.006583685597632259
5122,JG045A,134,BP280_GC70,3,False,F14,1000.0,SYBR,,STANDARD,,35.682697,79,early,17,0.01934412419795989,-4.736696064355783e-05,0.005596238650636403
5123,JG045A,134,BP280_GC70,3,False,F14,1000.0,SYBR,,STANDARD,,35.682697,79,early,18,0.020487892627716053,-0.000537221145350486,0.004295311853844271
5124,JG045A,134,BP280_GC70,3,False,F14,1000.0,SYBR,,STANDARD,,35.682697,79,early,19,0.02120104730129241,-0.0014576890971511602,0.0026809052072558686
5125,JG045A,134,BP280_GC70,3,False,F14,1000.0,SYBR,,STANDARD,,35.682697,79,early,20,0.023289594054222096,-0.001002764911390841,0.0007530187108711944
5126,JG045A,134,BP280_GC70,3,False,F14,1000.0,SYBR,,STANDARD,,35.682697,79,early,21,0.02494100034236907,-0.0009849813068285584,-0.0014883476353097576
5127,JG045A,134,BP280_GC70,3,False,F14,1000.0,SYBR,,STANDARD,,35.682697,79,early,22,0.026782873272895802,-0.0007767309434711933,-0.004043193831286978
5128,JG045A,134,BP280_GC70,3,False,F14,1000.0,SYBR,,STANDARD,,35.682697,79,early,23,0.027539360523223866,-0.0016538662603124976,-0.006911519877060472
5129,JG045A,134,BP280_GC70,3,False,F14,1000.0,SYBR,,STANDARD,,35.682697,79,early,24,0.027781295776367176,-0.0030455535743385553,-0.010093325772630243
5130,JG045A,134,BP280_GC70,3,False,F14,1000.0,SYBR,,STANDARD,,35.682697,79,early,25,0.029139983654022206,-0.003320488380268216,-0.012426282838237906
5131,JG045A,134,BP280_GC70,3,False,F14,1000.0,SYBR,,STANDARD,,35.682697,79,early,26,0.031370702385902394,-0.0027233923319727182,-0.012748062394125086
5132,JG045A,134,BP280_GC70,3,False,F14,1000.0,SYBR,,STANDARD,,35.682697,79,early,27,0.03523426055908202,-0.0004934566677547991,-0.011058664440291781
5133,JG045A,134,BP280_GC70,3,False,F14,1000.0,SYBR,,STANDARD,,35.682697,79,early,28,0.038074317574501026,0.000712977722287178,-0.007358088976737997
5134,JG045A,134,BP280_GC70,3,False,F14,1000.0,SYBR,,STANDARD,,35.682697,79,early,29,0.04127785861492156,0.00228289607912302,-0.0016463360034637338
5135,JG045A,134,BP280_GC70,3,False,F14,1000.0,SYBR,,STANDARD,,35.682697,79,early,30,0.04759675562381743,0.006968170404434204,0.006076594479531013
5136,JG045A,134,BP280_GC70,3,False,F14,1000.0,SYBR,,STANDARD,,35.682697,79,early,31,0.054811421036720265,0.012549213133752346,0.015810702472246245
5137,JG045A,134,BP280_GC70,3,False,F14,1000.0,SYBR,,STANDARD,,35.682697,79,early,32,0.06561614871025084,0.021720318123698235,0.02755598797468196
5138,JG045A,134,BP280_GC70,3,False,F14,1000.0,SYBR,,STANDARD,,35.682697,79,middle,33,0.08363727033138274,0.03810781612992287,0.04131245098683815
5139,JG045A,134,BP280_GC70,3,False,F14,1000.0,SYBR,,STANDARD,,35.682697,79,middle,34,0.1112487494945526,0.06408567726612091,0.05708009150871483
5140,JG045A,134,BP280_GC70,3,False,F14,1000.0,SYBR,,STANDARD,,35.682697,79,middle,35,0.15083299875259398,0.10203629732131958,0.07485890954031198
5141,JG045A,134,BP280_GC70,3,False,F14,1000.0,SYBR,,STANDARD,,35.682697,79,middle,36,0.21271960735321044,0.16228929162025452,0.09528808525099583
5142,JG045A,134,BP280_GC70,3,False,F14,1000.0,SYBR,,STANDARD,,35.682697,79,middle,37,0.3008104145526886,0.24874646961688995,0.11900679881013261
5143,JG045A,134,BP280_GC70,3,False,F14,1000.0,SYBR,,STANDARD,,35.682697,79,middle,38,0.42257054448127745,0.3688729703426361,0.14601505021772232
5144,JG045A,134,BP280_GC70,3,False,F14,1000.0,SYBR,,STANDARD,,35.682697,79,middle,39,0.5886185348033905,0.5332873463630676,0.17631283947376494
5145,JG045A,134,BP280_GC70,3,False,F14,1000.0,SYBR,,STANDARD,,35.682697,79,middle,40,0.8004929602146149,0.7435281276702881,0.2099001665782605
5146,JG045A,134,BP280_GC70,3,False,F14,1000.0,SYBR,,STANDARD,,35.682697,79,middle,41,1.0514741718769074,0.9928757548332214,0.24677703153120897
5147,JG045A,134,BP280_GC70,3,False,F14,1000.0,SYBR,,STANDARD,,35.682697,79,middle,42,1.3306394398212433,1.2704074382781982,0.27781867561644535
5148,JG045A,134,BP280_GC70,3,False,F14,1000.0,SYBR,,STANDARD,,35.682697,79,middle,43,1.6290601074695588,1.5671944618225098,0.2939003401178047
5149,JG045A,134,BP280_GC70,3,False,F14,1000.0,SYBR,,STANDARD,,35.682697,79,middle,44,1.9345794498920441,1.8710801601409912,0.29502202503528696
5150,JG045A,134,BP280_GC70,3,False,F14,1000.0,SYBR,,STANDARD,,35.682697,79,middle,45,2.221414166688919,2.1562812328338623,0.28118373036889205
5151,JG045A,134,BP280_GC70,3,False,F14,1000.0,SYBR,,STANDARD,,35.682697,79,middle,46,2.4873243153095244,2.420557737350464,0.25238545611862007
5152,JG045A,134,BP280_GC70,3,False,F14,1000.0,SYBR,,STANDARD,,35.682697,79,middle,47,2.7333825409412382,2.664982318878174,0.21754572073850387
5153,JG045A,134,BP280_GC70,3,False,F14,1000.0,SYBR,,STANDARD,,35.682697,79,middle,48,2.9503355801105497,2.8803017139434814,0.18558304268257628
5154,JG045A,134,BP280_GC70,3,False,F14,1000.0,SYBR,,STANDARD,,35.682697,79,middle,49,3.1247945606708525,3.0531270503997803,0.15649742195083724
5155,JG045A,134,BP280_GC70,3,False,F14,1000.0,SYBR,,STANDARD,,35.682697,79,middle,50,3.2671573936939238,3.1938562393188477,0.13028885854328684
5156,JG045A,134,BP280_GC70,3,False,F14,1000.0,SYBR,,STANDARD,,35.682697,79,middle,51,3.3824499428272246,3.3075153827667236,0.10695735245992503
5157,JG045A,134,BP280_GC70,3,False,F14,1000.0,SYBR,,STANDARD,,35.682697,79,middle,52,3.4731686890125273,3.3966004848480225,0.08650290370075181
5158,JG045A,134,BP280_GC70,3,False,F14,1000.0,SYBR,,STANDARD,,35.682697,79,middle,53,3.536435920000076,3.4582340717315674,0.06892551226576718
5159,JG045A,134,BP280_GC70,3,False,F14,1000.0,SYBR,,STANDARD,,35.682697,79,middle,54,3.5732739746570585,3.493438482284546,0.054225178154971146
5160,JG045A,134,BP280_GC70,3,False,F14,1000.0,SYBR,,STANDARD,,35.682697,79,middle,55,3.6213372528553007,3.539868116378784,0.04240190136836372
5161,JG045A,134,BP280_GC70,3,False,F14,1000.0,SYBR,,STANDARD,,35.682697,79,middle,56,3.6617673218250273,3.578664541244507,0.03345568190594487
5162,JG045A,134,BP280_GC70,3,False,F14,1000.0,SYBR,,STANDARD,,35.682697,79,late,57,3.6852405846118925,3.600504159927368,0.027386519767714623
5163,JG045A,134,BP280_GC70,3,False,F14,1000.0,SYBR,,STANDARD,,35.682697,79,late,58,3.703483897447586,3.6171138286590576,0.02299244391043833
5164,JG045A,134,BP280_GC70,3,False,F14,1000.0,SYBR,,STANDARD,,35.682697,79,late,59,3.7250965416431425,3.6370928287506104,0.019071483290881354
