,Target,Well,Copies,lg10_Copies,BP,GC,F0_lg,K,m,r,ρ,τ
0,S036.0,199.5,10185175.0,5.0,108.0,0.48148148148148145,-4.7337697771000204,1.850239357475151,0.005984653514573837,0.7083260158814642,0.23465932590371474,22.135836821350836
1,S036.1,184.5,15873014.285714285,5.0,108.0,0.48148148148148145,-5.400758942174077,1.5341492767669074,0.004776738335043837,0.7114739206883932,0.22370099631288598,25.19294596521311
2,S036.2,187.5,15873014.285714285,5.0,88.0,0.4318181818181818,-5.6373338055262945,1.3747927328156713,0.004184546396320282,0.7760830265407648,0.19937038539667523,24.10550815802941
3,S036.3,191.85185185185185,16460900.0,5.111111111111111,30.0,0.43333333333333335,-6.896590155802951,1.041846929213724,0.003967463119776282,0.8670797862357124,0.15872167869343484,26.43593557233509
4,S036.4,207.34615384615384,9401707.692307692,4.769230769230769,108.0,0.25,-7.0090476815551845,1.5157783688431476,0.0042900375490986615,0.8211155825812493,0.17116781915023216,28.47276837496475
5,S036.5,78.7560975609756,16016258.536585366,4.951219512195122,74.0,0.527027027027027,-5.83879941963345,1.2646279686052,0.004444986172008418,0.8219594934087633,0.18160052763994575,23.60288713161696
6,S036.6,82.5,15873014.285714285,5.0,74.0,0.527027027027027,-5.849934325629921,1.6658279959518636,0.005376638633898222,0.8316979513058735,0.17852483763869764,23.37487998075593
7,S036.7,83.5,15873014.285714285,5.0,88.0,0.4318181818181818,-6.194669923470526,1.4743608790109415,0.004259396551503768,0.8718543454229783,0.16287385635510965,23.669203750557536
8,S036.8,86.03703703703704,16460900.0,5.111111111111111,30.0,0.5333333333333333,-7.333191517236843,1.0766382614470391,0.014398834005271931,0.9273982009071139,0.1379279580890368,26.31966036354042
9,S037.01.01,38.5,25252525.0,5.0,161.0,0.577639751552795,-4.4170030834628475,0.5785004490212251,0.02471934680616216,0.6364007088720525,0.26459510947996434,22.964436442979007
10,S037.01.03,110.5,25252525.0,5.0,326.0,0.49693251533742333,-3.815548302356789,0.5217882511036342,0.028709549652647073,0.5730023966499518,0.3009414629848727,22.107214725244898
11,S037.02.01,182.5,25252525.0,5.0,81.0,0.5432098765432098,-3.449010303535635,0.8124763680092683,0.006448200116874393,0.6191919477766182,0.29257531064257564,18.531120537423597
12,S037.02.02,254.5,25252525.0,5.0,77.0,0.5714285714285714,-3.8917121797280343,0.7766593381948159,0.00706601228077328,0.5621165800295675,0.30816469580442823,22.908643829033434
13,S037.02.03,326.5,25252525.0,5.0,95.0,0.4842105263157895,-4.337013647698056,0.8427421831853388,0.007087126537067799,0.7209129749658166,0.23555030035584695,19.949179223990182
14,S037.02.04,44.5,25252525.0,5.0,92.0,0.5543478260869565,-3.328604390447966,0.7671367942089661,0.006373631275971686,0.579152975625427,0.31126305761097744,19.07386899550988
15,S037.03.01,116.5,25252525.0,5.0,192.0,0.4427083333333333,-3.8800350023535444,0.5609622680722502,0.006616363703335675,0.6075840581131968,0.28680984553825273,21.083320512532964
16,S037.03.02,188.5,25252525.0,5.0,117.0,0.6752136752136753,-3.2530496130202167,0.466053439121085,0.012485854405751163,0.4271724656691195,0.3818017802287979,25.153569649049732
17,S037.04.01,260.5,25252525.0,5.0,100.0,0.48,-3.078804692512511,1.2690331946950062,0.011734015495529552,0.5083791989532515,0.35310495748426224,20.045177663166623
18,S037.04.04,193.5,50500000.0,7.0,104.0,0.4326923076923077,-3.312645639276362,1.2820573620913387,0.01231068913704367,0.5210845794806946,0.3344704095302152,21.123533634736607
19,S037.05.01,266.5,25252525.0,5.0,103.0,0.4854368932038835,-3.9295928014155073,0.681392986009472,0.007752273584102055,0.6681404123866976,0.26255262735155127,19.509304678027625
20,S037.05.02,338.5,25252525.0,5.0,106.0,0.44339622641509435,-3.5357872013537452,0.6640860137561954,0.008378129853961731,0.711881617168237,0.2535533678528161,16.491975155145514
21,S037.06.01,56.5,25252525.0,5.0,98.0,0.47959183673469385,-4.1541498894418885,0.4399570031732866,0.01158000561990782,0.6989562665932865,0.24751725852505824,19.69193839042648
22,S037.06.02,128.5,25252525.0,5.0,101.0,0.43564356435643564,-4.438864269870357,0.48473433620488293,0.010392266479468332,0.7509005057963504,0.22343838647002265,19.596449661644858
23,S037.06.03,200.5,25252525.0,5.0,106.0,0.4056603773584906,-4.114577299649673,0.48814788668867215,0.010079168480967881,0.7552769229526107,0.22841979496572024,18.075774546900323
24,S037.08.01,272.5,25252525.0,5.0,57.0,0.2807017543859649,-5.001130889842018,0.6370810867414911,0.022141318151898196,0.899405678555901,0.16476178710072997,18.483214152688358
25,S044.0,80.0,15873014.285714285,5.0,16.0,0.4375,-7.5223123497865725,1.3939089882624165,3.534518472240944e-05,1.0161867114057306,0.11149811571548887,24.65857209489382
26,S044.1,289.5,15873014.285714285,5.0,30.0,0.26666666666666666,-7.077251381896915,0.8973414298442357,3.717781524884861e-05,1.0761038142006571,0.09659397339892783,21.865652249079243
27,S044.10,292.8,15873014.285714285,5.0,88.0,0.25,-7.074927135848139,1.6593379564293933,0.0037971024208351967,0.9776749217882901,0.12570074538721937,23.991421860419962
28,S044.11,295.8,15873014.285714285,5.0,88.0,0.3522727272727273,-7.098865288919407,1.807605342786363,0.002855004355900047,0.92408831783119,0.14115978526184395,25.419817985507752
29,S044.12,73.8,15873014.285714285,5.0,88.0,0.4318181818181818,-6.288055626714429,1.6870586905130331,0.004189766379981825,0.8278452494228177,0.17579482391614706,25.259967525010527
30,S044.13,76.8,15873014.285714285,5.0,88.0,0.4318181818181818,-6.596259234074607,1.8224234683399214,0.006196500265395775,0.8637885516738685,0.16500395554308336,25.124412775297372
31,S044.14,298.8,15873014.285714285,5.0,88.0,0.5454545454545454,-5.8581304861271795,1.9210073877178497,0.005545660500139608,0.7461128352934601,0.2065329014192389,26.088712811791112
32,S044.15,301.8,15873014.285714285,5.0,88.0,0.6477272727272727,-5.441348399633018,1.9668957715780375,0.00434301607269613,0.7036318838015807,0.23283342512433464,25.176380137026886
33,S044.16,304.8,15873014.285714285,5.0,88.0,0.75,-5.586127290336541,2.192420970933202,0.009915478472878467,0.7258736429846918,0.2216548243897592,25.17289733725365
34,S044.17,307.8,15873014.285714285,5.0,88.0,0.7954545454545454,-7.19820196608105,2.149326411545471,0.00686883002133179,0.7922947018315822,0.18395438089673136,29.76931366640124
35,S044.18,310.8,15873014.285714285,5.0,88.0,0.8522727272727273,-8.784765009442097,1.4686984691953129,0.014865459874632716,0.7990552546805403,0.17357599739227925,35.90147717389057
36,S044.19,73.5,15873014.285714285,5.0,160.0,0.13125,-6.425206493956542,0.9042961401240995,0.008197984461887619,0.8299731327760375,0.1746626508224072,25.87077328739546
37,S044.2,81.6,15873014.285714285,5.0,30.0,0.4666666666666666,-7.313134506012558,1.3762120179002495,0.004891431918367968,0.9413885418784075,0.1342356580378182,25.78614042858912
38,S044.20,76.5,15873014.285714285,5.0,160.0,0.21875,-6.437014576609648,1.2210746291998353,0.003786725719786093,0.8163450884848673,0.17770054725277823,26.32187139399667
39,S044.21,90.0,15873014.285714285,5.0,160.0,0.43125,-5.209707782759211,1.9178015158719692,0.0034688773013266568,0.7069126443649064,0.23273208271152557,24.031251416517556
40,S044.22,79.5,15873014.285714285,5.0,160.0,0.5875,-4.390250141323423,1.468362540128173,0.004985820239886016,0.5634085409589773,0.2950611956475176,25.919211693200275
41,S044.23,75.76,17777692.0,5.28,160.0,0.78125,-8.970009943470366,0.7542172498047727,0.008856265898395463,0.8070004074747807,0.176488314523843,36.10749554697118
42,S044.24,92.5,15873014.285714285,5.0,200.0,0.425,-4.912521571672209,2.0622492808327566,0.004534477177293224,0.6684992441187136,0.2501922344496885,24.08811526373781
43,S044.25,95.0,15873014.285714285,5.0,240.0,0.42083333333333334,-4.961658160220099,2.2076862536723536,0.0038573848553516876,0.6404010983379597,0.2607086656862756,25.379210998789876
44,S044.26,88.5,15873014.285714285,5.0,280.0,0.325,-6.207093549449121,0.4803297346186592,0.004820328344320174,0.6233909589086847,0.24547032451028375,32.73782321711229
45,S044.27,83.65384615384616,17093246.153846152,5.076923076923077,280.0,0.6821428571428572,-4.385108124844269,1.91850922643509,0.01013432701748977,0.46605849964397095,0.3368966297876411,31.14540249423109
46,S044.28,85.80952380952381,16353442.857142856,5.238095238095238,500.0,0.41800000000000004,-3.5537962643643524,1.5414011470504367,0.007360826966071004,0.37950143224012944,0.44382501560831,30.462784594478958
47,S044.29,293.0952380952381,21111057.14285714,5.476190476190476,500.0,0.57,-3.7380652927956155,3.1820482618727572,0.007520182711837643,0.4589884917334503,0.3560011900214515,27.120455814337397
48,S044.3,292.5,15873014.285714285,5.0,30.0,0.6666666666666666,-5.163566633861691,1.1313415045960618,0.0013117069122502568,0.6500560750316559,0.2468419818469298,26.389759509985904
49,S044.4,84.6,15873014.285714285,5.0,40.0,0.45,-6.738158097829807,1.419711354280348,0.0027567517120766203,0.9255696220185547,0.1426003597019119,24.18416132551265
50,S044.5,295.5,15873014.285714285,5.0,50.0,0.26,-6.712317167610367,0.8445620495040377,0.003655412028814932,0.9660482163971098,0.12970223243852033,23.102611356829783
51,S044.6,298.5,15873014.285714285,5.0,50.0,0.62,-5.466268878439327,0.9499660836220236,0.003662775176632903,0.7573574775708672,0.20579238155296758,24.04223226192476
52,S044.7,301.5,15873014.285714285,5.0,50.0,0.74,-5.917992572566038,0.764899579053229,0.0063391895818677695,0.5658732525077225,0.27498408216795217,34.20089271636581
53,S044.8,87.6,15873014.285714285,5.0,55.0,0.45454545454545453,-6.821294156454673,1.598453242243886,0.0028291577583593,0.8881914681905109,0.1536039574085518,25.39480165786575
54,S044.9,289.8,15873014.285714285,5.0,88.0,0.14772727272727273,-5.762963647602011,1.6809421747201079,0.0068495812903376415,0.7406112690050953,0.2102671331949505,25.833433346964096
55,S056.1.1,229.5,25252525.0,5.0,80.0,0.3375000000000001,-5.916055601052733,0.8263408782176486,0.0037289115490802376,0.9320621223713936,0.14708828566273505,21.10391932076323
56,S056.1.10,55.5,25252525.0,5.0,500.0,0.418,-4.409892391830021,0.5538195686162788,0.019876356962636548,0.5075941142378682,0.3202023035110456,28.486045422835744
57,S056.1.11,57.5,25252525.0,5.0,88.0,0.4318181818181818,-5.284627605260045,0.6473039337291049,0.009726555011685257,0.8290405210905396,0.1858725729696206,21.146317399219026
58,S056.1.12,59.5,25252525.0,5.0,88.0,0.25,-5.894026786281634,0.6846436883830002,0.011746912392391378,0.9092158313919118,0.15476702651822188,21.52599152563088
59,S056.1.2,231.5,25252525.0,5.0,232.0,0.41379310344827586,-4.387385630376809,1.4823595171382538,0.0032156769077641505,0.6940749343134529,0.24728641997694378,20.947174183908405
60,S056.1.3,233.5,25252525.0,5.0,272.0,0.6727941176470589,-4.211090976005676,1.8454375824240916,0.009331588852901264,0.47893579700039607,0.3335336458954485,29.01525157976234
61,S056.1.4,235.5,25252525.0,5.0,152.0,0.20394736842105263,-7.470916783007273,1.045404540578051,0.0046138625556215555,0.7816823193745875,0.17900226018659482,31.777394452019283
62,S056.1.5,237.5,25252525.0,5.0,49.0,0.7551020408163266,-5.574735773154003,0.48190540803602105,0.006952693458473547,0.6126633525441688,0.2592517970414659,29.96359547571936
63,S056.1.6,239.5,25252525.0,5.0,152.0,0.5921052631578947,-3.9893122715931253,1.2822830696376402,0.005555992832004985,0.5928667914839242,0.2950631139994612,22.191876722462677
64,S056.1.7,241.5,25252525.0,5.0,84.0,0.7976190476190478,-6.485159525960751,0.8930003190945506,0.012222945517388622,0.8151439893854845,0.1776642271732204,26.308563039798894
65,S056.1.8,243.5,25252525.0,5.0,36.0,0.4444444444444444,-6.273866628874331,0.6181899115906025,0.004311406545897972,0.9481819874293397,0.13865791238593825,21.999711033971327
66,S056.1.9,197.5,25252525.0,5.0,80.0,0.425,-5.499565421957261,0.679073397246035,0.005871473568918012,0.8749120394031037,0.16856238881524094,20.87632697731383
67,S056.2.1,133.5,25252525.0,5.0,80.0,0.3375000000000001,-5.137107573298472,0.651775171701713,0.004289885211121243,0.78967420748859,0.20141203465956684,21.56936832046097
68,S056.2.10,55.5,25252525.0,5.0,500.0,0.418,-3.709502385867574,0.4743567653495925,0.0171751648085531,0.4485351654870523,0.359080541351833,27.31626007920127
69,S056.2.11,57.5,25252525.0,5.0,88.0,0.4318181818181818,-4.076019609991728,0.5638862281350623,0.011198706881270516,0.6706182750045095,0.2611576402548468,20.127682197279615
70,S056.2.12,59.5,25252525.0,5.0,88.0,0.25,-4.550775486158617,0.6146957895636324,0.011396428300701528,0.6958360783797839,0.24387087052607118,21.69949870919403
71,S056.2.2,183.5,25252525.0,5.0,232.0,0.41379310344827586,-3.9280091629748535,1.6895366870881452,0.005341965850468942,0.5920553378534531,0.2982973981779872,21.916133517034357
72,S056.2.3,185.5,25252525.0,5.0,272.0,0.6727941176470589,-3.3530930085599753,1.9462834699287452,0.0077205732581253775,0.45912321336895545,0.3696488589762145,23.996720528531
73,S056.2.4,187.5,25252525.0,5.0,152.0,0.20394736842105263,-4.559440967720055,1.359271428599697,0.004843710680179065,0.6655927739115574,0.256055927854622,22.72275273011132
74,S056.2.5,149.80769230769232,31079246.153846152,5.538461538461538,49.0,0.7551020408163265,-4.382951666206787,0.650968537456606,0.010485116747153325,0.47648202874481616,0.33924919950986043,29.642283423803327
75,S056.2.6,191.5,25252525.0,5.0,152.0,0.5921052631578947,-3.8069153238573863,1.4539772228424426,0.006326374819072559,0.5270210596357195,0.3282331928898919,23.795922323586645
76,S056.2.7,181.5,26936020.0,5.2,84.0,0.7976190476190477,-5.648448089995383,1.0654109799060498,0.008546776667875209,0.7093986663450541,0.22053194204484966,26.48054386015168
77,S056.2.8,195.5,25252525.0,5.0,36.0,0.4444444444444444,-5.224374791297647,0.9162629862222619,0.004221366487511878,0.7978686788193688,0.19819254718904972,21.66934597616783
78,S056.2.9,53.5,25252525.0,5.0,80.0,0.425,-5.0197770434372435,0.5004318795913949,0.006476004037359029,0.7236323041716003,0.22468288720143417,23.04406701801193
79,S056.4.1,181.5,25252525.0,5.0,80.0,0.3375,-5.4535216481833855,0.886431214986046,0.0034281056348970476,0.8349559831149784,0.1830512855095687,21.670469375746833
80,S056.4.10,55.5,25252525.0,5.0,500.0,0.418,-4.23384265521914,0.5618792295115,0.01846234766329646,0.45180637006420954,0.34853690255715253,30.603339370706195
81,S056.4.11,57.5,25252525.0,5.0,88.0,0.4318181818181818,-5.169283304245882,0.7297977228438416,0.006451742295751077,0.7099533878241523,0.2274545503816685,24.176213981699526
82,S056.4.12,59.5,25252525.0,5.0,88.0,0.25,-5.519783433389146,0.7899999442041057,0.006923411369576907,0.7978972572271312,0.19352683848146868,22.96581635308849
83,S056.4.2,183.5,25252525.0,5.0,232.0,0.41379310344827586,-4.50323874630091,1.2743220693038655,0.006328894613525143,0.6165135535472372,0.2753412951237021,24.161609857907052
84,S056.4.3,173.53333333333333,26936020.0,5.2,272.0,0.672794117647059,-3.9022435147539274,1.5279660165000384,0.010056528288579695,0.4766294385043161,0.3454507409764776,26.95348469488569
85,S056.4.4,187.5,25252525.0,5.0,152.0,0.20394736842105263,-5.113768275770514,1.072130309638422,0.004908895773471835,0.7356950294956129,0.21999787885057576,23.094739069139187
86,S056.4.5,163.78571428571428,28860014.285714287,5.428571428571429,49.0,0.7551020408163265,-5.0811193975779725,0.539177930422325,0.009822183823389244,0.5461436236287598,0.29334057711028294,30.38993705625612
87,S056.4.6,191.5,25252525.0,5.0,152.0,0.5921052631578947,-4.047896030459299,1.2157004320861735,0.007606706531671746,0.5344807601092556,0.31638818362144183,24.98597277456724
88,S056.4.7,181.5,33670000.0,6.0,84.0,0.7976190476190478,-6.017538601732263,0.8828053092171791,0.010565170914042887,0.801528565075234,0.18515020932561954,24.925593667207238
89,S056.4.8,195.5,25252525.0,5.0,36.0,0.4444444444444444,-6.121905125908206,0.7427778080345491,0.007759370793664006,0.8243984937726825,0.17853574413763285,24.62855659100747
90,S056.4.9,53.5,25252525.0,5.0,80.0,0.425,-5.348360658803894,0.5088033906231701,0.00569150107646095,0.7634240602190374,0.20747483570780284,23.28107331778568
91,S057.0.0,37.5,25252525.0,5.0,92.0,0.45652173913043476,-4.07274675877652,0.6233775074665497,0.011432152020172868,0.6769741151524049,0.25792842514095843,19.94941943765243
92,S057.0.1,39.5,25252525.0,5.0,100.0,0.48,-4.223340847072565,0.6259966304123645,0.012493996824444702,0.6437632900499015,0.2687147825093393,21.77002247247086
93,S057.0.2,41.5,25252525.0,5.0,103.0,0.44660194174757284,-4.282624183041369,0.634386806758492,0.012324777617576301,0.6597020305470231,0.26057023050790057,21.586938368917743
94,S057.1.0,44.5,25252525.0,5.0,93.0,0.4946236559139785,-4.236643301603445,0.49091111056157954,0.007929062019118312,0.6360245766979342,0.269122743839625,22.10679115867324
95,S057.1.1,46.5,25252525.0,5.0,113.0,0.48672566371681414,-3.756110480633767,0.4793943443001166,0.00858666456006358,0.5838054153994492,0.30145599529608447,21.336898788770384
96,S057.1.2,48.5,25252525.0,5.0,111.0,0.4594594594594595,-4.263635219296772,0.5047045060423878,0.00752763105395139,0.6501529463399436,0.2638888267137956,21.790112244400536
97,S057.2.0,51.5,25252525.0,5.0,49.0,0.6938775510204082,-4.652827676401517,0.5915955064376028,0.032625462155935,0.6602481550933483,0.2546004032905355,23.39881192394524
98,S057.2.1,53.5,25252525.0,5.0,461.0,0.5054229934924078,-3.885790549060111,0.5109930391454087,0.034298083864813735,0.5183486306670402,0.32436037588563454,24.822991339197145
99,S057.2.2,55.5,25252525.0,5.0,331.0,0.5166163141993958,-3.86009324162657,0.5094947021611026,0.03883147525497476,0.5876183304676258,0.29593388726225184,21.76992785101957
100,S057.2.4,57.5,25252525.0,5.0,380.0,0.4868421052631579,-4.376616312549109,0.4528714339928045,0.06326531809513168,0.5901984346524927,0.28273776134403883,24.56792658755598
101,S057.3.0,181.5,25252525.0,5.0,90.0,0.45555555555555555,-3.6078285624882644,0.8535535841208564,0.008478441645572108,0.5779113526376979,0.30770613320407564,20.78356995990397
102,S057.3.1,183.5,25252525.0,5.0,98.0,0.5714285714285714,-3.613288950493588,0.8601763563253438,0.008711873457287812,0.5230092167573057,0.3331270656878076,22.924519578218376
103,S057.3.2,185.5,25252525.0,5.0,115.0,0.5217391304347826,-3.4645673810420052,0.821692361911743,0.009910789605393405,0.5188966415737053,0.3359153952604096,22.16568029765053
104,S057.3.4,187.5,25252525.0,5.0,85.0,0.5294117647058824,-3.7548910515588103,0.8739154808798388,0.008051762636129924,0.6043429080085228,0.2942448925119041,20.62799886237522
105,S057.4.0,190.5,25252525.0,5.0,87.0,0.5517241379310345,-4.617223444393144,0.5443066069117289,0.00896872395133669,0.5801975335678711,0.2846505529246642,26.43769085753246
106,S057.4.1,192.5,25252525.0,5.0,167.0,0.5508982035928144,-3.958593173208584,0.5527518796364654,0.010010420807274501,0.48177871680812756,0.3403152468412005,27.124814893215007
107,S057.4.2,194.5,25252525.0,5.0,221.0,0.502262443438914,-3.8978731959637987,0.5361637211712429,0.010652604053100706,0.4970232777847193,0.3337359872247495,26.004630649254693
108,S057.5.0,199.86666666666667,20269360.0,4.8,85.0,0.29411764705882354,-5.7615344795792645,0.8212936339726885,0.018576148467116808,0.8272158570853574,0.18115676710536138,23.207222676399883
109,S057.5.2,199.5,25252525.0,5.0,33.0,0.3939393939393939,-5.554861423693055,0.6702620104192577,0.013996796386559174,0.8345849324395864,0.1814039034546557,22.143284296244666
110,S057.5.4,201.5,25252525.0,5.0,62.0,0.3064516129032258,-5.5287016554076684,0.7372942003459847,0.014201213903650409,0.8187828343441769,0.18749095110327718,22.477925540386416
111,S057.6.0,313.5,33670000.0,6.0,85.0,0.29411764705882354,-4.104117724519471,1.1146695924833872,0.0013891963448816678,0.598735557457561,0.2876327619397712,22.60138151025879
112,S057.6.2,315.5,33670000.0,6.0,33.0,0.39393939393939387,-3.975190070742211,0.8193785106108561,0.0013409505502029444,0.597720236801672,0.2906951118038938,21.94831406005713
113,S057.6.4,317.5,33670000.0,6.0,62.0,0.3064516129032258,-3.87266096272095,1.128752690759739,0.001460125090352026,0.6000475221705753,0.2926176991610054,21.35230554913072
114,S057.8.0,334.35714285714283,28860014.285714287,5.428571428571429,85.0,0.29411764705882354,-5.050168743469492,1.1144311049163074,0.018513533924001197,0.8399903429730168,0.18603181921288225,19.923113885384
115,S057.8.2,341.5,25252525.0,5.0,33.0,0.3939393939393939,-5.43770893166445,0.6767323908092966,0.02509414879833793,0.8920449848271781,0.16323183006682934,20.278125592160247
116,S057.8.4,343.5,25252525.0,5.0,62.0,0.3064516129032258,-5.440276031467705,0.6768696591134202,0.024168975811966892,0.878433183923865,0.16781385022218398,20.600284902027425
117,S057.9.0,345.5,25252525.0,5.0,500.0,0.418,-4.285019353107612,0.5081696791274124,0.01737156248239189,0.48215623693405363,0.3298452916509968,29.22031828640996
118,S057.9.1,347.5,25252525.0,5.0,88.0,0.25,-5.753756220937184,0.6326528380363029,0.014257469015352395,0.8588869834258086,0.17124515918763977,22.314537623499337
119,S067_0d89c8_a_Avg_0,88.0,15873014.285714285,5.0,94.0,0.40425531914893614,-5.409624448800571,0.790535610866517,0.010659319857863834,0.6361754383454725,0.24623002029231564,28.296370475786233
120,S067_0d89c8_a_Avg_1,108.0,13888888.75,4.5,78.0,0.32051282051282054,-6.404458064288843,0.7133791137573027,0.009990228401086586,0.6969928009770383,0.22161530763261303,31.195622268142422
121,S067_0d89c8_a_Avg_2,85.0,13888888.75,4.5,66.0,0.36363636363636365,-5.138055391973751,0.7689912115132929,0.011641359358213501,0.7681031379504082,0.20588486469769443,22.26359214987756
122,S067_0d89c8_a_Avg_3,49.0,22222000.0,6.0,59.0,0.47457627118644063,-4.5506914780598375,0.6919135617674004,0.010901306620773663,0.6957054864153799,0.24082701692993785,21.690300972153974
123,S067_0d89c8_a_LVM_0,280.0,15873014.285714285,5.0,59.0,0.4915254237288136,-4.48677262831823,0.7502160461716983,0.010611219822205064,0.6384846123170712,0.2622401951871719,23.37619703227043
124,S067_0d89c8_a_LVM_1,300.0,13888888.75,4.5,293.0,0.22184300341296928,-6.233567451975409,0.6698706102836702,0.010538459769613089,0.5618293466213591,0.27110731845573754,37.42593410286675
125,S067_0d89c8_a_LVM_2,277.0,13888888.75,4.5,127.0,0.3464566929133858,-5.148365467962519,0.7144913519891166,0.011936717021213123,0.6992172594079735,0.22966737747771393,24.47441420946918
126,S067_0d89c8_a_LVM_3,241.0,22222000.0,6.0,40.0,0.325,-5.084013678251351,0.6920178094795567,0.012241243784610775,0.7392114623427639,0.21764460500352087,22.821209635323676
127,S067_0d89c8_b_Avg_0,89.0,15873014.285714285,5.0,45.0,0.4666666666666667,-6.632823273451039,0.35014805938484767,0.001147374660842103,0.7343987236209061,0.19991712305213769,29.928567325428222
128,S067_0d89c8_b_Avg_1,93.0,13888888.75,4.5,51.0,0.27450980392156865,-6.481435587389393,0.34886343820400695,0.0009480052611916206,0.8494613041180945,0.1682856003181717,25.14345511122128
129,S067_0d89c8_b_Avg_2,86.0,13888888.75,4.5,60.0,0.23333333333333334,-5.9575569299000914,0.397111038924704,0.0006011539259003303,0.8916296442279874,0.15764975523994448,22.181300784763824
130,S067_0d89c8_b_Avg_3,50.0,22222000.0,6.0,65.0,0.24615384615384617,-5.552937342265618,0.46059475126723104,0.001091671717077358,0.9110568351007757,0.1552666696329771,20.250510053702122
131,S067_0d89c8_b_LVM_0,266.6,22202200.0,5.6,45.0,0.22222222222222224,-6.908701442414795,0.3294907391802281,0.0011118858355153743,0.9026969087623176,0.14604454908648404,25.40752252509474
132,S067_0d89c8_b_LVM_2,278.0,13888888.75,4.5,28.0,0.39285714285714285,-6.340241689419055,0.31277820068164636,0.0002055616986122787,0.8682547125704949,0.1615399560467892,24.237333396248765
133,S067_0d89c8_b_LVM_3,242.0,22222000.0,6.0,40.0,0.45,-5.109295787378864,0.40038593977388715,0.0006976490529223129,0.7667796869849921,0.20713992233656192,22.17695967043968
134,S067_0d89c8_c_Avg_1,104.0,13888888.75,4.5,194.0,0.5412371134020618,-4.6967849859505275,0.6321975597085249,0.016439210848636844,0.5516844816449155,0.297765125728777,29.164970637577177
135,S067_0d89c8_c_Avg_3,51.0,22222000.0,6.0,235.0,0.5957446808510638,-4.136033207736213,0.45656217207820565,0.05420866913170321,0.6152364184777932,0.27707958357163553,22.430105266991244
136,S067_0d89c8_c_LVM_0,282.0,15873014.285714285,5.0,375.0,0.3466666666666667,-5.21509946519131,0.6282543119252734,0.019450349023514835,0.6944610245386217,0.2297564825933335,24.96536120962018
137,S067_0d89c8_c_LVM_1,285.8,22200022.0,4.8,575.0,0.3443478260869565,-5.704137305920433,0.6726696092994322,0.016362192044168992,0.5582490416682167,0.2786918557011543,35.347219971340905
138,S067_0d89c8_c_LVM_2,279.0,13888888.75,4.5,70.0,0.37142857142857144,-5.815062900907315,0.6905860902779392,0.02274419989446605,0.8954457652492581,0.1574792578716744,21.596413352473395
139,S067_0d89c8_c_LVM_3,243.0,22222000.0,6.0,70.0,0.5428571428571428,-4.98342649310169,0.6286943348843703,0.045243068565784694,0.8086017716625857,0.19491770118014368,20.478418211329785
140,S067_0d89c8_d_Avg_0,91.0,15873014.285714285,5.0,45.0,0.4666666666666667,-6.965738560217619,0.21829578501976235,0.0017198856887126988,0.7537158804962686,0.19100246324438733,30.662199177975832
141,S067_0d89c8_d_Avg_2,88.0,13888888.75,4.5,58.0,0.2413793103448276,-5.8705976477824855,0.3284601269886286,0.0010912328830833878,0.868615461871047,0.16468925683184904,22.46845064681469
142,S067_0d89c8_d_Avg_3,52.0,22222000.0,6.0,65.0,0.24615384615384617,-4.94222121061603,0.378068667523016,0.001389190406079161,0.7680653421881123,0.20964348635793634,21.301702276050808
143,S067_0d89c8_d_LVM_0,283.0,15873014.285714285,5.0,43.0,0.23255813953488372,-5.551404194917387,0.1811983063126477,0.001384199653775441,0.7819866524012399,0.19985356559105488,24.670103394481146
144,S067_0d89c8_d_LVM_2,280.0,13888888.75,4.5,28.0,0.42857142857142855,-6.170358586753205,0.2645460811560172,0.0008024787815480429,0.8204327378912533,0.17695870067695396,25.05268085857116
145,S067_0d89c8_d_LVM_3,244.0,22222000.0,6.0,43.0,0.4883720930232558,-4.870788066013991,0.3435961779186847,0.0007363787210077564,0.7281593936420311,0.22369290501394054,22.212841255359084
146,S067_0d89c8_e_Avg_0,92.0,15873014.285714285,5.0,94.0,0.40425531914893614,-5.423752283682999,0.4389424916577306,0.014664496405604702,0.7569875742940539,0.2064668720897219,23.849715615606215
147,S067_0d89c8_e_Avg_1,93.42857142857143,15873001.42857143,4.857142857142857,78.0,0.32051282051282054,-9.07327155567631,0.5156574365670467,0.016041612828669904,0.8395648035862725,0.1667451268524356,39.750347174846425
148,S067_0d89c8_e_Avg_2,89.0,13888888.75,4.5,66.0,0.36363636363636365,-5.856286769059608,0.7314567788863702,0.010065594168472271,0.8949596529860804,0.15762462393745527,21.773729938093613
149,S067_0d89c8_e_Avg_3,53.0,22222000.0,6.0,59.0,0.4915254237288136,-4.989765263569682,0.6777616457852998,0.008619730784163495,0.8135868057028036,0.19344308091669266,20.358316822738296
150,S067_0d89c8_e_LVM_0,284.0,15873014.285714285,5.0,162.0,0.25925925925925924,-7.434909805319212,0.4637918600566091,0.021331533994878086,0.7602050172354927,0.18598478974590962,32.494854165668364
151,S067_0d89c8_e_LVM_1,288.0,13888888.75,4.5,68.0,0.5441176470588235,-6.679365052575802,0.45363009836907653,0.014634200576070584,0.6989861375302815,0.21901336840909463,32.36327284517887
152,S067_0d89c8_e_LVM_2,281.0,13888888.75,4.5,127.0,0.3543307086614173,-5.761241896090294,0.73103291591523,0.008627500781259808,0.8290026362791934,0.17909638989271467,23.06550748287673
153,S067_0d89c8_e_LVM_3,245.0,22222000.0,6.0,76.0,0.4605263157894736,-4.9727614671325515,0.6887887243603837,0.01091780405926902,0.7808659899139725,0.20468511121572952,21.162846511071656
154,S067_0d89c8_α_Avg_0,86.0,15873014.285714285,5.0,45.0,0.4666666666666667,-7.21614737359677,0.3093011040185729,0.0006823986479115567,0.8256783534992849,0.16630100505138182,29.076712580701532
155,S067_0d89c8_α_Avg_2,90.0,13888888.75,4.5,47.0,0.5106382978723404,-4.441604928271373,0.2791097917199469,0.00039566717407482676,0.5959971259975478,0.28567323758228175,26.543627436203792
156,S067_0d89c8_α_Avg_3,54.0,22222000.0,6.0,74.0,0.25675675675675674,-6.019877652463119,0.30317914089906983,0.0003009205866710711,0.9875482625968821,0.12753269070876744,20.29255315613271
157,S067_0d89c8_α_LVM_0,278.0,15873014.285714285,5.0,98.0,0.23469387755102042,-8.09761429940111,0.4410855669085085,0.0011359759574186379,0.9107929752588644,0.1365724840837442,29.506156271273337
158,S067_0d89c8_α_LVM_1,278.0,13888888.75,4.5,182.0,0.21978021978021978,-6.143559529011132,0.5332827117586648,0.0008777271395669743,0.7663175614370822,0.19919780451123037,26.370318697955895
159,S067_0d89c8_α_LVM_2,282.0,13888888.75,4.5,198.0,0.2222222222222222,-5.960404872903349,0.5545525199148318,0.00045891689787194966,0.8328849226838464,0.1756682419607581,23.775414187173812
160,S067_0d89c8_α_LVM_3,246.0,22222000.0,6.0,137.0,0.21897810218978103,-5.830345795720566,0.42821109712631733,0.0001721848702710627,0.9159964350314113,0.1514216430958531,21.12408289051467
161,S067_0d89c8_β_Avg_0,87.0,15873014.285714285,5.0,45.0,0.4666666666666667,-6.136733887357978,0.25265791225362233,0.0009820599437247162,0.7256001815523813,0.20729308986811978,28.107012187597103
162,S067_0d89c8_β_Avg_2,91.0,13888888.75,4.5,47.0,0.5319148936170213,-5.215140851273052,0.25501535828920047,0.0013183026031006494,0.7296284383629069,0.21739943377751225,23.74156574421485
163,S067_0d89c8_β_LVM_0,279.0,15873014.285714285,5.0,41.0,0.4634146341463415,-7.138599177982095,0.21650627693936,0.0018907452474630497,0.8106394298390327,0.17159026289616644,29.253077231257016
164,S067_76f36b_a_Avg_0,99.0,18351850.0,4.833333333333333,102.0,0.39215686274509803,-6.637161548469902,0.7257562542030387,0.0119451028546951,0.8251880715128079,0.17215490879514328,26.708920305314845
165,S067_76f36b_a_Avg_1,82.0,18518335.0,5.166666666666667,66.0,0.4696969696969697,-4.428658075013135,0.6255801534180251,0.022694303633263958,0.7358772345916083,0.2575245007572707,24.20249165268595
166,S067_76f36b_a_Avg_2,92.0,13888888.75,4.5,53.0,0.24528301886792453,-6.042382153590396,0.8165336150640972,0.014885456524991294,0.9084627831191178,0.1515964608754958,22.15439183408943
167,S067_76f36b_a_Avg_3,56.0,22222000.0,6.0,58.0,0.24137931034482757,-5.531665428077629,0.7326396199731031,0.02320277155952065,0.9600749945938439,0.14042004504275274,19.16138091866235
168,S067_76f36b_a_LVM_0,287.0,15873014.285714285,5.0,56.0,0.39285714285714285,-5.91524997426158,0.6724957476640855,0.021627729000221557,0.9237750683518734,0.14777619251170698,21.27936184275776
169,S067_76f36b_a_LVM_1,280.0,13888888.75,4.5,78.0,0.3333333333333333,-5.222596943788347,0.6900376577283862,0.026510494372942096,0.8051544886890597,0.2205991482069644,30.090345107119568
170,S067_76f36b_a_LVM_2,284.0,13888888.75,4.5,117.0,0.3333333333333333,-5.621635700794063,0.7996532070601384,0.012963480277400486,0.8779616959403074,0.1648616381359251,21.229141121188164
171,S067_76f36b_a_LVM_3,248.0,22222000.0,6.0,43.0,0.3023255813953488,-5.780696303550149,0.7675377769459183,0.018002982970193038,0.9656312455547622,0.13682286957566642,19.89398491500885
172,S067_76f36b_b_Avg_0,96.0,15873014.285714285,5.0,166.0,0.5783132530120482,-5.3851516209685855,0.4454580000113193,0.018577884814454736,0.5250608850124692,0.2882471447606694,34.03636855239059
173,S067_76f36b_b_Avg_1,89.0,18518335.0,5.166666666666667,171.0,0.543859649122807,-7.767413853790056,0.5203058555097481,0.018137972009600097,0.5563718693026037,0.28269292142582597,47.09945213723288
174,S067_76f36b_b_Avg_3,57.0,22222000.0,6.0,166.0,0.5903614457831325,-3.9455797923664484,0.47532721050991206,0.037118381423254104,0.5758349107265991,0.2987842841391088,22.660333218128567
175,S067_76f36b_b_LVM_0,288.0,15873014.285714285,5.0,335.0,0.3522388059701492,-6.602210910021356,0.5047436990802817,0.016095748902869387,0.7347458597244997,0.19958162547840866,29.86075567174492
176,S067_76f36b_b_LVM_1,294.0,13888888.75,4.5,575.0,0.3339130434782609,-6.537298827298677,0.5431646112382738,0.014739330346793068,0.6209192121302526,0.24384739980414713,35.96265198839667
177,S067_76f36b_b_LVM_2,285.0,13888888.75,4.5,42.0,0.30952380952380953,-6.244374765763662,0.5883372382571103,0.01868540960385728,0.9002483001017793,0.15156081713365477,23.078926023262255
178,S067_76f36b_α_Avg_0,93.0,15873014.285714285,5.0,45.0,0.44444444444444436,-5.493695973495828,0.2628359227590145,0.0004847525616315075,0.7270706687026888,0.21666451099053735,25.015016465741528
179,S067_76f36b_α_Avg_1,97.0,13888888.75,4.5,53.0,0.2830188679245283,-5.824555660142224,0.22915722374145406,0.001288390149019524,0.7065756639667167,0.2196674745549672,27.412468549257227
180,S067_76f36b_α_Avg_2,94.0,13888888.75,4.5,47.0,0.5319148936170213,-4.874075919986773,0.30748119571019944,0.0006745053218971354,0.6272909448429652,0.25885431149693106,25.793579532013005
181,S067_76f36b_α_Avg_3,58.0,22222000.0,6.0,71.0,0.2535211267605634,-5.225777105700923,0.36088068767260295,0.0006867957797494121,0.7780625194112202,0.20185099228619974,22.318700831757592
182,S067_76f36b_α_LVM_0,285.0,15873014.285714285,5.0,80.0,0.25,-5.102057806712893,0.31878461766566807,0.000474258831683898,0.7567124256188931,0.20907249990845572,22.42610345828144
183,S067_76f36b_α_LVM_1,299.0,13888888.75,4.5,15.0,0.2,-5.426745104807201,0.11983127576960952,0.00020057130650079317,0.740090754544344,0.22301849570793042,25.804410277665063
184,S067_76f36b_α_LVM_2,286.0,13888888.75,4.5,20.0,0.5,-6.307754951812432,0.22699255397588347,0.0009123097617939707,0.7944353098680266,0.18450675952696677,26.4332591473042
185,S067_76f36b_α_LVM_3,250.0,22222000.0,6.0,116.0,0.22413793103448273,-5.198402724509752,0.44463785690795776,0.0007011093738179333,0.8017060160076547,0.19392706851445737,21.564606194373688
186,S067_76f36b_β_Avg_0,98.0,18351850.0,4.833333333333333,45.0,0.4444444444444444,-5.882753208189339,0.2815132433144247,0.0008426610979314561,0.7731636608982662,0.1962430054788016,25.355547899832732
187,S067_76f36b_β_Avg_1,92.0,13888888.75,4.5,53.0,0.2830188679245283,-6.514060377395769,0.3366677382865733,0.0007409008454932185,0.8785934159411287,0.15811337636644057,24.55652692738221
188,S067_76f36b_β_Avg_2,95.0,13888888.75,4.5,47.0,0.5106382978723404,-4.949393356559179,0.3283894491238011,0.00048618101491826993,0.6693454456924177,0.24272776406175425,24.526114090382436
189,S067_76f36b_β_Avg_3,59.0,22222000.0,6.0,71.0,0.2535211267605634,-5.455763235122097,0.40679077580060624,0.0010197514336334024,0.885453231532605,0.16382279285288143,20.49176734250505
190,S067_76f36b_β_LVM_0,286.0,15873014.285714285,5.0,51.0,0.2156862745098039,-6.710113706868931,0.27935410661325605,0.0009379955737676834,0.9147982499058813,0.14477883673697106,24.36020641060585
191,S067_76f36b_β_LVM_2,287.0,13888888.75,4.5,32.0,0.375,-5.892421972165679,0.2805611949634012,0.00037630320427003836,0.8305570657469882,0.17676222336706748,23.536270241787186
192,S067_76f36b_β_LVM_3,251.0,22222000.0,6.0,45.0,0.4222222222222222,-5.466429779169971,0.3486623534786965,0.0002499633959299785,0.8246106511985161,0.18314212765050422,22.01423956898488
193,S067_8a718d_a_Avg_0,75.0,15873014.285714285,5.0,45.0,0.4666666666666667,-6.5876425942925705,0.8410713076483826,0.008981130655354792,0.8123647448445608,0.17593363372335968,26.964694775770997
194,S067_8a718d_a_Avg_1,103.0,13888888.75,4.5,87.0,0.27586206896551724,-8.905591837746703,0.8133191276025911,0.012679845267194987,0.8799310436886818,0.15427496410771663,36.28066010713875
195,S067_8a718d_a_Avg_2,96.0,13888888.75,4.5,82.0,0.3048780487804878,-6.658555959189334,0.8172509168682993,0.008233427130280977,0.9558853326758847,0.13244043239511044,23.18385470135952
196,S067_8a718d_a_Avg_3,60.0,22222000.0,6.0,82.0,0.2926829268292683,-5.709732675044916,0.7538897248553379,0.009518677925936674,0.962779283215616,0.138023601843072,19.7033344142952
197,S067_8a718d_a_LVM_0,267.0,15873014.285714285,5.0,56.0,0.48214285714285715,-5.39343620095251,0.829828471060081,0.013776752139317453,0.7945614600097246,0.19487024356679047,22.535473249770455
198,S067_8a718d_a_LVM_1,291.0,13888888.75,4.5,89.0,0.3595505617977528,-6.9389265970286935,0.8087423279323639,0.00887251639056876,0.821373187120658,0.17840829077969417,28.720825760950667
199,S067_8a718d_a_LVM_2,288.0,13888888.75,4.5,138.0,0.34782608695652173,-5.742226697540308,0.8086830340933703,0.007241569028624324,0.8498076375395949,0.17251179218746618,22.435543554294842
200,S067_8a718d_a_LVM_3,252.0,22222000.0,6.0,53.0,0.49056603773584906,-5.552198381221459,0.6888482377439391,0.022837607421465376,0.8772281890440677,0.16623954634470223,21.03616822483686
201,S067_8a718d_b_Avg_0,76.0,15873014.285714285,5.0,92.0,0.41304347826086957,-6.585022946250693,0.6904071891735729,0.021487996625479726,0.8050444705960232,0.1779064152351952,27.193910655076028
202,S067_8a718d_b_Avg_1,106.0,13888888.75,4.5,71.0,0.4647887323943662,-6.572801950041511,0.6684635492225363,0.030898642169925113,0.813804170014854,0.1813224625747687,27.490403072026773
203,S067_8a718d_b_Avg_2,97.0,13888888.75,4.5,70.0,0.38571428571428573,-5.585878667817225,0.6608333007509928,0.022207075599232958,0.887920259620918,0.16115064418252278,20.952756534488316
204,S067_8a718d_b_Avg_3,61.0,22222000.0,6.0,70.0,0.37142857142857144,-5.321088306605143,0.5875706709317434,0.03075914859997112,0.8849357556659804,0.16717190398441917,19.89216780698633
205,S067_8a718d_b_LVM_0,268.0,15873014.285714285,5.0,70.0,0.4142857142857143,-5.365244753692385,0.7164085111250397,0.019107955920392668,0.8415977193016982,0.17945436841540285,21.187515631497547
206,S067_8a718d_b_LVM_1,295.0,13888888.75,4.5,86.0,0.3953488372093023,-7.349823931017212,0.5973122326819914,0.016472420386367308,0.8457494646602441,0.17135697520798862,30.292179964664207
207,S067_8a718d_b_LVM_2,289.0,13888888.75,4.5,127.0,0.3858267716535433,-5.216957104887806,0.688910862609592,0.025684595699976095,0.8523844296849248,0.17644366788235147,20.357971765074666
208,S067_8a718d_b_LVM_3,253.0,22222000.0,6.0,70.0,0.48571428571428565,-5.20715280531891,0.5539040594966635,0.02122879212685593,0.861385776223646,0.17495877328966677,20.096218628450067
209,S067_8a718d_c_Avg_0,77.0,15873014.285714285,5.0,45.0,0.4666666666666667,-5.78797837587495,0.7514140158227353,0.010865374614657437,0.6673059672345651,0.23095468161730334,28.870376874084883
210,S067_8a718d_c_Avg_1,85.4,22220002.0,5.4,87.0,0.27586206896551724,-9.71113941025285,0.6634224707570582,0.00760395270569868,0.7499161781772383,0.20816356630316374,43.23392496030598
211,S067_8a718d_c_Avg_2,98.0,13888888.75,4.5,82.0,0.3048780487804878,-5.207333835880739,0.75578178287529,0.010357534816217666,0.7924215955916295,0.19629213175003551,21.896807279859136
212,S067_8a718d_c_Avg_3,62.0,22222000.0,6.0,82.0,0.2926829268292683,-5.0994179792102585,0.6779633671626133,0.011042257262493032,0.8078288226740302,0.19402616307672255,20.997690488106795
213,S067_8a718d_c_LVM_0,269.0,15873014.285714285,5.0,59.0,0.3389830508474576,-6.092378158758328,0.8056120022944739,0.008749228037752577,0.7257586104426919,0.2072015486595091,27.891433884940348
214,S067_8a718d_c_LVM_1,298.0,13888888.75,4.5,309.0,0.22330097087378642,-5.476523263661592,0.685193178318998,0.009607773678117631,0.5548854657522798,0.2853038813245117,33.842587405838444
215,S067_8a718d_c_LVM_2,290.0,13888888.75,4.5,120.0,0.3416666666666667,-4.752895242340424,0.7126038121101881,0.011458795296131648,0.7085726484526698,0.231435174662148,22.31215260568423
216,S067_8a718d_c_LVM_3,254.0,22222000.0,6.0,40.0,0.325,-5.111120287434234,0.665661486333306,0.011728669513286006,0.7844950272946238,0.20133436455929582,21.666543315951177
217,S067_8a718d_d_Avg_0,78.0,15873014.285714285,5.0,149.0,0.45637583892617456,-5.343079031079799,0.5197522173280776,0.0023352996659729325,0.5882181789555173,0.26701578513279367,30.023008181657623
218,S067_8a718d_d_Avg_1,94.0,13888888.75,4.5,41.0,0.4878048780487805,-6.346154156228767,0.25537750299951306,0.0018100649007097248,0.7156016682564631,0.2122267034829801,29.3438907593294
219,S067_8a718d_d_Avg_2,99.0,13888888.75,4.5,47.0,0.6595744680851063,-4.475506233589372,0.36928070106751343,0.0009577314736159238,0.5544187710861439,0.2945991613123155,26.70895188141049
220,S067_8a718d_d_Avg_3,63.0,22222000.0,6.0,51.0,0.6470588235294118,-4.3208406945714435,0.35534671600923873,0.0005126660532798194,0.5173451530663286,0.313786112210785,27.64555180009886
221,S067_8a718d_d_LVM_0,270.0,15873014.285714285,5.0,43.0,0.6511627906976745,-8.775862477604965,0.30571632521327563,0.005882688800172927,0.7276403439540958,0.18970858981106192,39.58923515588406
222,S067_8a718d_d_LVM_1,244.0,27775000.0,6.5,91.0,0.3956043956043956,-4.364635603987161,0.29504767001556426,0.0012975337332428653,0.7453600962781533,0.22597167490202763,19.31933996421288
223,S067_8a718d_d_LVM_2,291.0,13888888.75,4.5,182.0,0.42857142857142855,-4.1792229735959205,0.6142270515830804,0.0012247020210522448,0.6025332928521301,0.28204069879992055,22.95544950893719
224,S067_8a718d_d_LVM_3,255.0,22222000.0,6.0,131.0,0.45038167938931295,-4.399469385582804,0.5053175296418592,0.0013930320125173493,0.6115394887815152,0.2762552872383738,23.67010982029795
225,S067_8a718d_e_Avg_0,87.0,16851850.0,4.666666666666667,102.0,0.45098039215686275,-6.452452537117597,0.6478344396961687,0.015667966852897293,0.6962992814921236,0.21437254739410952,30.82220779595836
226,S067_8a718d_e_Avg_1,101.0,13888888.75,4.5,89.0,0.42696629213483145,-6.116823431587983,0.6621486287981387,0.017768557895562153,0.7524059313252991,0.2050952799618967,27.751959557229135
227,S067_8a718d_e_Avg_2,100.0,13888888.75,4.5,97.0,0.44329896907216493,-5.258727636829847,0.8829801100298522,0.01948421387069719,0.7861418893163434,0.1983771633688451,22.240300363059042
228,S067_8a718d_e_Avg_3,64.0,22222000.0,6.0,63.0,0.5396825396825397,-4.545246679493691,0.7692584119256408,0.01644799801454055,0.7489685623316527,0.2221408469285276,20.160473926801984
229,S067_8a718d_e_LVM_0,271.0,15873014.285714285,5.0,175.0,0.2571428571428571,-5.872092022725139,0.667665710185381,0.01589574555019843,0.780648037603897,0.1947373187637087,24.96676900860709
230,S067_8a718d_e_LVM_1,287.0,13888888.75,4.5,157.0,0.25477707006369427,-6.805946863022655,0.6257782759453012,0.02372960691525894,0.7449893689910302,0.20190773018119626,30.679765233782625
231,S067_8a718d_e_LVM_2,292.0,13888888.75,4.5,149.0,0.3422818791946309,-5.335228417917577,0.8570607947540836,0.016673940754980347,0.8217893955997655,0.18594098584846822,21.532669515922056
232,S067_8a718d_e_LVM_3,256.0,22222000.0,6.0,97.0,0.4639175257731959,-4.721233555728017,0.7761636668397068,0.01856534345690835,0.7607766561942859,0.2151089799485384,20.591351404677425
233,S067_8a718d_α_Avg_0,69.0,18516850.0,5.166666666666667,45.0,0.4666666666666666,-6.6051320992331135,0.3407074079538539,0.0005367350443887436,0.8002615982532796,0.17966725939199923,27.366314095995957
234,S067_8a718d_α_Avg_2,101.0,13888888.75,4.5,47.0,0.5106382978723404,-5.237035136604497,0.2914292333006519,0.0003733446196792393,0.7238565910767307,0.21941316209371306,24.004467964077627
235,S067_8a718d_α_Avg_3,65.0,22222000.0,6.0,74.0,0.25675675675675674,-5.911715399501349,0.32824402215462994,0.000169687313745372,0.9796698459058764,0.13066291264730925,20.108224513218513
236,S067_8a718d_α_LVM_0,265.0,15873014.285714285,5.0,98.0,0.23469387755102042,-7.940741490247128,0.43049413301418893,0.00015321362795366755,0.9397124387044249,0.12987030581377215,28.025002724491863
237,S067_8a718d_α_LVM_1,277.0,13888888.75,4.5,182.0,0.21978021978021978,-6.684664080083245,0.5550249405623722,0.0014290621128461253,0.7976847679177218,0.18482198579795875,27.841443047862047
238,S067_8a718d_α_LVM_2,294.7142857142857,15858730.0,4.428571428571429,199.0,0.22613065326633167,-5.0275168300347035,0.5666421792834914,0.0006511188710959073,0.800982466116472,0.19524601712352435,20.857956619134082
239,S067_8a718d_α_LVM_3,251.0,27752500.0,6.25,137.0,0.21897810218978103,-5.556028744435245,0.48365653914808415,0.0004607329681863161,0.930941863755175,0.1487675234349063,19.843334681463574
240,S067_8a718d_β_Avg_0,74.0,15873014.285714285,5.0,45.0,0.44444444444444436,-6.440952834687011,0.2499663457585963,0.001753834729684213,0.7295763747022562,0.20345138751878658,29.281647796717348
241,S067_8a718d_β_Avg_3,66.0,22222000.0,6.0,74.0,0.25675675675675674,-5.671362329330819,0.26384467027416053,0.0012033554554134174,0.8761226367096263,0.16566015421698416,21.460870231131285
242,S067_8a718d_β_LVM_0,266.0,15873014.285714285,5.0,41.0,0.4634146341463415,-6.909814835011941,0.25605521265028275,0.001580519588146971,0.7633184482444938,0.18876671740963208,29.992124716360706
243,S067_8a718d_β_LVM_1,282.0,13888888.75,4.5,24.0,0.4166666666666667,-6.644597910041121,0.16593688226375017,0.001487997952709266,0.8575011958444173,0.16374315525182992,25.627243216475343
244,S067_8a718d_β_LVM_3,258.0,22222000.0,6.0,38.0,0.42105263157894735,-5.777456125632057,0.21844125652402843,0.001052510670221263,0.8534115816121689,0.1714378160823083,22.411621518091078
245,S067_b12a22_a_Avg_0,82.0,15873014.285714285,5.0,77.0,0.2597402597402597,-8.306407105803356,0.24506696525152966,0.0013680438080978085,0.9668456141192646,0.1203029762469963,28.57486975446523
246,S067_b12a22_a_Avg_2,103.0,13888888.75,4.5,53.0,0.22641509433962265,-6.693000552229283,0.25848214376005896,0.00019441382195031093,0.9874258053299121,0.12437606370645284,23.013055674407696
247,S067_b12a22_a_Avg_3,67.0,22222000.0,6.0,55.0,0.2363636363636364,-6.680971548713797,0.26259067680081083,0.00024822066874162225,1.021720966740158,0.11392112019880196,21.72262491808495
248,S067_b12a22_a_LVM_0,274.0,15873014.285714285,5.0,58.0,0.2241379310344828,-8.391940101947384,0.22596962980210836,0.001550396257993264,0.9555010817538667,0.12287217570784617,29.167082704635995
249,S067_b12a22_a_LVM_1,281.0,13888888.75,4.5,22.0,0.22727272727272727,-6.546734377783218,0.14470385132646083,0.0007137505408577022,0.9256131552833881,0.16233262581559024,24.937502033066163
250,S067_b12a22_a_LVM_2,295.0,13888888.75,4.5,28.0,0.39285714285714285,-7.490962250779942,0.18764485577309983,0.00027794697224373403,1.0259603807823012,0.1086753774329739,24.282981393306297
251,S067_b12a22_a_LVM_3,259.0,22222000.0,6.0,40.0,0.425,-5.813260336164687,0.2623497968295445,0.00035134149454519323,0.8680185627147555,0.16626778579783807,22.202399046563013
252,S067_b12a22_b_Avg_0,83.0,15873014.285714285,5.0,77.0,0.2597402597402597,-7.647941657393153,0.2294967994354098,0.0014285826494657551,0.8901704948977959,0.14551879851199204,28.531417910793355
253,S067_b12a22_b_LVM_0,275.0,15873014.285714285,5.0,45.0,0.22222222222222218,-8.379122867531342,0.1909445790049014,0.0014002970586002863,0.9241301912175797,0.1323236673578209,30.057679088884957
254,S067_b12a22_b_LVM_3,260.0,22222000.0,6.0,11.0,0.4545454545454545,-5.96954709283942,0.16696037739527717,0.0012613626316878921,0.8886944483462687,0.16393190475216762,21.937414349353073
255,S067_b12a22_c_Avg_0,84.0,15873014.285714285,5.0,72.0,0.3333333333333333,-7.147930968897322,0.6485992033231255,0.02785253882468926,0.8299633948182272,0.16620889729930907,28.651108629723815
256,S067_b12a22_c_Avg_1,100.0,13888888.75,4.5,48.0,0.4583333333333333,-6.535306256454977,0.685037036852206,0.01865333637898825,0.7744022209403854,0.19417288309906827,28.64081921984522
257,S067_b12a22_c_Avg_2,105.0,13888888.75,4.5,171.0,0.49707602339181284,-4.4493376030135305,0.7793879898505282,0.01220857516760213,0.6352803988333936,0.2637772748788219,23.27970216255284
258,S067_b12a22_c_Avg_3,69.0,22222000.0,6.0,49.0,0.6938775510204082,-4.306378519283774,0.6567089414159415,0.014133299297134971,0.6320206042508997,0.26925127071910526,22.63560960803114
259,S067_b12a22_c_LVM_0,276.0,15873014.285714285,5.0,278.0,0.3597122302158273,-6.631896080154928,0.6170708999579738,0.020297428641636438,0.674925834825185,0.21919285093579163,32.65984469282724
260,S067_b12a22_c_LVM_1,286.0,13888888.75,4.5,256.0,0.33984375,-6.16764993855862,0.6449225448921758,0.015878707688839217,0.6580883065953352,0.23620887860256679,31.738796004529828
261,S067_b12a22_c_LVM_2,297.0,13888888.75,4.5,256.0,0.328125,-4.895700466959881,0.7726236594287001,0.014152979076262983,0.7541961000568876,0.21310046745311842,21.553957801532516
262,S067_b12a22_c_LVM_3,261.0,22222000.0,6.0,309.0,0.3592233009708738,-5.003753705761542,0.6755461706608079,0.022075078806134386,0.6938562235804296,0.23377980939975904,23.942113161748814
263,S067_b12a22_d_Avg_0,85.0,15873014.285714285,5.0,206.0,0.6310679611650486,-4.529773184783834,0.4298581707957566,0.024361341309020578,0.4412357469852669,0.33778519017087916,34.00921422501305
264,S067_b12a22_d_Avg_1,99.0,13888888.75,4.5,185.0,0.5405405405405406,-4.649830129458772,0.626987718401536,0.016100911037963416,0.4768221649890674,0.33084040431205897,33.03377044862342
265,S067_b12a22_d_Avg_2,106.0,13888888.75,4.5,230.0,0.6347826086956522,-3.68908750231576,0.5556078973540198,0.021783188609682796,0.4427968024372026,0.35950646153544863,27.640222133740593
266,S067_b12a22_d_Avg_3,70.0,22222000.0,6.0,224.0,0.6205357142857143,-3.3891351587813063,0.5546288010836105,0.014577563779864952,0.4445055168226048,0.3702518337778405,25.16364467942077
267,S067_b12a22_d_LVM_0,277.0,15873014.285714285,5.0,354.0,0.3474576271186441,-5.962691133227493,0.7088073508187839,0.01192131475296437,0.5887346818336454,0.2559589302233292,33.656709925430235
268,S067_b12a22_d_LVM_1,285.0,13888888.75,4.5,427.0,0.3185011709601874,-5.753798681378273,0.710271160088916,0.011013399131612275,0.5247839280615877,0.2913799321513307,37.497831542476035
269,S067_b12a22_d_LVM_2,298.0,13888888.75,4.5,49.0,0.2653061224489796,-5.373982045760432,0.7271742932616749,0.010141168701263142,0.8221391382991319,0.18449899085837207,21.749642522198968
270,S067_b12a22_d_LVM_3,238.0,37000000.0,7.0,476.0,0.34873949579831925,-3.9726283998692273,0.6011888916567472,0.010597801214621621,0.5854280280832285,0.29182242948670417,22.487712170676712
271,S067_b12a22_α_Avg_0,80.0,15873014.285714285,5.0,45.0,0.44444444444444436,-7.615523356042234,0.2795251595904446,0.00030557874514940944,0.8704615010400432,0.15178369104137748,29.016199086183548
272,S067_b12a22_α_Avg_2,107.0,13888888.75,4.5,60.0,0.25,-6.906199323242557,0.23418904808095664,0.00015713088875630917,0.999303125168607,0.11863984979600208,22.97866846916071
273,S067_b12a22_α_Avg_3,71.0,22222000.0,6.0,65.0,0.24615384615384617,-6.047337404397301,0.24637836932984633,0.00024354395037311924,0.9563807003640535,0.1367768063938385,21.053574301680893
274,S067_b12a22_α_LVM_0,264.0,18518350.0,5.333333333333333,87.0,0.2413793103448276,-6.94812819219035,0.3770823072061025,0.0014460036028388417,0.7717780501552126,0.1855740354775541,29.87928570339604
275,S067_b12a22_α_LVM_1,279.0,13888888.75,4.5,190.0,0.22105263157894736,-6.973610396040286,0.4611365573444799,0.001007773308480896,0.8089848963236806,0.1802771268074201,28.825203993738988
276,S067_b12a22_α_LVM_2,299.0,13888888.75,4.5,206.0,0.22330097087378642,-5.481816170167563,0.474887589791786,0.000258811226636378,0.8350479307692309,0.17856891325977028,21.826441044842884
277,S067_b12a22_α_LVM_3,263.0,22222000.0,6.0,49.0,0.5102040816326531,-5.266440709375055,0.25489955064857145,0.0003275257969871557,0.776445118456482,0.2013916052789307,22.56038020185531
278,S067_b12a22_β_Avg_0,81.0,15873014.285714285,5.0,45.0,0.44444444444444436,-6.8851571769704965,0.24225835734227238,0.0016014024872117497,0.780680183087194,0.18371442438893024,29.27103765486293
279,S067_b12a22_β_Avg_2,108.0,13888888.75,4.5,60.0,0.25,-6.202488295585575,0.20553121276741082,0.0014750033361724964,0.8760197171478548,0.15902801109407444,23.758555272753906
280,S073.0.0,109.0,22222000.0,6.0,83.0,0.4096385542168674,-4.518938809620508,0.9411027985000636,0.025311122711303907,0.7722762928968705,0.2139177197655469,19.46396166466087
281,S073.0.1,134.0,18518500.0,5.5,83.0,0.3253012048192771,-4.8993140860750275,1.0308788393275115,0.007867429377066512,0.7977444921464092,0.19981562090788832,20.4613130255036
282,S073.0.2,135.0,18518500.0,5.5,235.0,0.4085106382978723,-3.8742240299781,0.87226832145587,0.008458557891898333,0.5673334633521429,0.3036014491970487,22.70634917758205
283,S073.0.3,136.0,18518500.0,5.5,275.0,0.6654545454545454,-3.259231149421959,0.7677801024417698,0.014152240501200258,0.4247022388726172,0.38324846002340385,25.41523913408966
284,S073.0.4,137.0,18518500.0,5.5,155.0,0.20000000000000004,-4.86009892591114,0.9803684472054783,0.009343100032472124,0.7060898528163612,0.23137353769015845,22.965642773415453
285,S073.0.5,138.0,18518500.0,5.5,155.0,0.5806451612903226,-3.4949464643747774,0.8800245120963693,0.01051177943896238,0.5062129748424872,0.33943597170576073,22.93117550750284
286,S073.0.7,140.0,18518500.0,5.5,83.0,0.40963855421686746,-4.643133359195766,0.9189019594059936,0.007984863098327875,0.7208675404059036,0.22936862470889818,21.464546523311167
287,S073.1.0,141.0,18518500.0,5.5,79.0,0.43037974683544306,-5.873679100139037,0.5610062053768923,0.04627916398664308,0.9906994589157717,0.12793494082730203,19.747450862850744
288,S073.1.1,142.0,18518500.0,5.5,79.0,0.34177215189873417,-5.823959154194013,0.6071697660786574,0.008484306768065353,0.9997731531905439,0.12558040098811285,19.422849433191228
289,S073.1.2,143.0,18518500.0,5.5,231.0,0.41558441558441556,-4.840812726250244,0.5533672363397365,0.00955812880049151,0.7256540019975303,0.22434437863903045,22.19510329910051
290,S073.1.3,144.0,18518500.0,5.5,271.0,0.6752767527675276,-3.803519311885467,0.517306136331903,0.018510166906125395,0.5322068188447334,0.31889410813685704,23.71050667295216
291,S073.1.4,145.0,18518500.0,5.5,151.0,0.20529801324503313,-6.0184189867695155,0.588738531002843,0.008358764932162139,0.9539859251049699,0.13735751629443851,21.022704516652052
292,S073.1.5,146.0,18518500.0,5.5,151.0,0.5960264900662252,-4.401969698736347,0.5452291097305212,0.013022062278553166,0.659896871477924,0.2557128025186614,22.147141404733603
293,S073.1.6,147.0,18518500.0,5.5,35.0,0.45714285714285713,-6.15258086862061,0.5826507120749297,0.015901962410275288,1.0306740428407428,0.11407737484904591,19.89534432104021
294,S073.1.7,148.0,18518500.0,5.5,79.0,0.43037974683544306,-5.599658887130121,0.556832593699774,0.011706788459195289,0.933819624267909,0.1476833283404362,19.945889739164624
295,S073.2.0,137.0,20201909.09090909,5.7272727272727275,79.0,0.43037974683544306,-5.39109695625946,0.6116028730008457,0.011300840864661097,0.888994824424848,0.1640075990690918,20.161189554047972
296,S073.2.1,148.9090909090909,20192909.09090909,5.545454545454546,79.0,0.34177215189873417,-5.516420834726467,0.6439643388421018,0.006821618269404159,0.9346415176729223,0.14779415415724398,19.68070775788188
297,S073.2.2,151.0,18518500.0,5.5,231.0,0.41558441558441556,-4.429764999287366,0.5700952835400885,0.008168729614148015,0.6708529898604882,0.251939158968288,21.932465906559177
298,S073.2.3,152.0,18518500.0,5.5,271.0,0.6752767527675276,-3.703321219077242,0.5203004663061415,0.01373226569954703,0.4911788663713568,0.3399021767005786,24.907389271189405
299,S073.2.4,153.0,18518500.0,5.5,151.0,0.20529801324503313,-5.609777903251044,0.607721237399366,0.0070558165224368615,0.8862371138737872,0.1621574513779383,21.062574926308695
300,S073.2.5,154.0,18518500.0,5.5,151.0,0.5960264900662252,-3.9036828585197956,0.5708740755929111,0.008261248834498115,0.5769204691664834,0.2989421237870565,22.439723601474643
301,S073.2.6,155.0,18518500.0,5.5,35.0,0.45714285714285713,-5.710323637418637,0.6024887338961514,0.00780149343137274,0.956557917403602,0.13965501396364777,19.865758908436124
302,S073.2.7,156.0,18518500.0,5.5,79.0,0.43037974683544306,-5.274071794729927,0.5654899243448331,0.00849944881087899,0.8579313543253763,0.17546604659111598,20.399947176699055
303,S_PRDM1_WTa,191.0,25252525.0,5.0,97.0,0.5257731958762887,-4.581233633685027,0.5475642032849948,0.02158130071890312,0.6340751447465682,0.26507500618135865,23.981281902062275
304,S_PRDM1_WTb,194.5,25252525.0,5.0,83.0,0.5060240963855421,-4.826495827619087,0.5637473488834739,0.03516065088152773,0.7363836272292547,0.2229283709063724,21.81754048137793
